{
"type": "FeatureCollection",
"name": "edges",
"crs": { "type": "name", "properties": { "name": "urn:ogc:def:crs:OGC:1.3:CRS84" } },
"features": [
{ "type": "Feature", "properties": { "id": 1, "from": 9, "to": 7, "flow_need": 7, "massa_length": 12609.511989000001 }, "geometry": { "type": "LineString", "coordinates": [ [ 2.220189640549322, 42.385520330429223 ], [ 2.220165309796998, 42.385513679717128 ], [ 2.22010915983161, 42.385503249776171 ], [ 2.220027860016921, 42.385488160120218 ], [ 2.220018910400524, 42.385485120051541 ], [ 2.219968890393559, 42.385472439725156 ], [ 2.219959689735294, 42.385469660017847 ], [ 2.219944569795353, 42.385465070357874 ], [ 2.219921599894058, 42.385455459581159 ], [ 2.219898700081069, 42.38544116976815 ], [ 2.219873259967413, 42.38542531993923 ], [ 2.219847039577659, 42.385402240195376 ], [ 2.219832529966213, 42.385389470036813 ], [ 2.219803150446116, 42.385358200357658 ], [ 2.219797040371008, 42.3853515898114 ], [ 2.219765699788786, 42.3853121104313 ], [ 2.219709210418775, 42.385223460121907 ], [ 2.219655209484069, 42.385106729855607 ], [ 2.219640589520207, 42.385075120205407 ], [ 2.219630629569001, 42.38503596013674 ], [ 2.21963234981195, 42.385014180068659 ], [ 2.219638869537934, 42.384998010075833 ], [ 2.219654229914353, 42.384974249676674 ], [ 2.219672740428224, 42.384950870056009 ], [ 2.219693290226256, 42.384929580191766 ], [ 2.219760449485178, 42.384872219775744 ], [ 2.219766360537575, 42.384865860353585 ], [ 2.219796649580448, 42.384833470234504 ], [ 2.219806980475127, 42.384813640019516 ], [ 2.21980697025829, 42.384804360184411 ], [ 2.219802460551991, 42.384795950326406 ], [ 2.219787330206591, 42.384781619702615 ], [ 2.2197595202643, 42.384761259732933 ], [ 2.219563300276855, 42.384636360215261 ], [ 2.219522480113298, 42.384616179997046 ], [ 2.219389699874671, 42.384567809920533 ], [ 2.219304879469112, 42.384520680406652 ], [ 2.219274069671878, 42.384507049875097 ], [ 2.219243460144225, 42.384497649909292 ], [ 2.219195830579079, 42.384488499659497 ], [ 2.219147299968534, 42.384482950149305 ], [ 2.218913879963517, 42.384468299558442 ], [ 2.218888659759313, 42.384464159687376 ], [ 2.218864090127124, 42.384457419712994 ], [ 2.218845729927684, 42.384448379587191 ], [ 2.218823119526701, 42.384430490036671 ], [ 2.218799270364394, 42.384413750209966 ], [ 2.218760140098862, 42.384395649909962 ], [ 2.218680840291832, 42.384344320238831 ], [ 2.218592049616912, 42.384294539695013 ], [ 2.218551719545252, 42.384274359769336 ], [ 2.218530559639472, 42.384266470386287 ], [ 2.218508869898981, 42.384261730382647 ], [ 2.218491260167728, 42.384261340160002 ], [ 2.218463879996472, 42.384265930281821 ], [ 2.218307670067138, 42.3843130499816 ], [ 2.218272720295001, 42.38432010021274 ], [ 2.218250489397895, 42.384320399821299 ], [ 2.218216539916468, 42.384314680066645 ], [ 2.218182999546485, 42.384306339648752 ], [ 2.218115489771193, 42.384284000099349 ], [ 2.218091979717793, 42.384279599735912 ], [ 2.217877849819511, 42.384266080066695 ], [ 2.217840639874417, 42.38425996961211 ], [ 2.217803920362157, 42.384252419732995 ], [ 2.217768010215215, 42.384248759645565 ], [ 2.217732060592583, 42.38424779026559 ], [ 2.217715149649977, 42.384250020029747 ], [ 2.217689789906969, 42.384257230085197 ], [ 2.217664340360049, 42.384262279887196 ], [ 2.217651099882808, 42.384261920252463 ], [ 2.217637750083187, 42.384261559870119 ], [ 2.217597110092165, 42.384256679561503 ], [ 2.217556800226822, 42.384255149916491 ], [ 2.217459180052395, 42.384270329637253 ], [ 2.217420749731459, 42.384273669701244 ], [ 2.217382390513341, 42.384271969588468 ], [ 2.217346529930872, 42.384263440171821 ], [ 2.217311690542223, 42.384252209616498 ], [ 2.217239860596299, 42.384225429826422 ], [ 2.217196250166416, 42.384215490245865 ], [ 2.217111160483688, 42.384200859866723 ], [ 2.217070390211404, 42.384196889887313 ], [ 2.217051169789793, 42.384198739939521 ], [ 2.216998230317174, 42.384216030105854 ], [ 2.216959540365941, 42.384220810100011 ], [ 2.216939379930849, 42.384220489574915 ], [ 2.216920240607996, 42.384216399812054 ], [ 2.216900189588039, 42.384207080347615 ], [ 2.216875900328805, 42.384187190423873 ], [ 2.216867179818687, 42.384175420372408 ], [ 2.216861379789498, 42.384162859731987 ], [ 2.216857269603689, 42.384141400114224 ], [ 2.216856379969805, 42.384076730170008 ], [ 2.216851400075992, 42.384036889700873 ], [ 2.216845450423365, 42.384017309673688 ], [ 2.216832809676855, 42.383998219792836 ], [ 2.216815860139215, 42.38398449956253 ], [ 2.216784919489984, 42.383971589747837 ], [ 2.216692030273298, 42.383948440146945 ], [ 2.21663214997578, 42.383937949692523 ], [ 2.216502529553797, 42.38392805972012 ], [ 2.216462890024773, 42.383921390053651 ], [ 2.216346109432552, 42.383905099748013 ], [ 2.216312059403801, 42.383898119705513 ], [ 2.216263420588034, 42.383882379764941 ], [ 2.216026069860495, 42.383773229951359 ], [ 2.215971280123013, 42.383744750286262 ], [ 2.21594563033614, 42.383726750222088 ], [ 2.215895800375654, 42.383679940338013 ], [ 2.215876039806805, 42.383666830260438 ], [ 2.215777999938393, 42.38361807039476 ], [ 2.215747310119404, 42.38360534033405 ], [ 2.215716879416981, 42.383590629820503 ], [ 2.215709179808283, 42.383583919922316 ], [ 2.215702649444172, 42.383571890082102 ], [ 2.215699050448867, 42.383559169723668 ], [ 2.215698560343669, 42.383539889960858 ], [ 2.215693010529457, 42.383527159858424 ], [ 2.215682339603821, 42.383515470034681 ], [ 2.215661240006417, 42.383502980277314 ], [ 2.215638140569975, 42.38349480961287 ], [ 2.215558709583071, 42.38347372978604 ], [ 2.215543199705663, 42.383470569729077 ], [ 2.215506040388283, 42.383469230234006 ], [ 2.215442430495721, 42.383456370279312 ], [ 2.21542027004688, 42.383450450288372 ], [ 2.215401779548105, 42.383442669556644 ], [ 2.215373419662633, 42.383427710149356 ], [ 2.215363299704965, 42.383421240333206 ], [ 2.215355620526262, 42.383413089593382 ], [ 2.21535137005533, 42.383403330435762 ], [ 2.215349580575088, 42.383391340227966 ], [ 2.215349240205623, 42.383379359938338 ], [ 2.215350849487264, 42.383338119938948 ], [ 2.215347759458376, 42.383322969635465 ], [ 2.215338659964817, 42.383312010113087 ], [ 2.215323920284203, 42.383305340262005 ], [ 2.215257779923227, 42.383290649980019 ], [ 2.215245569556937, 42.383285530250959 ], [ 2.215234600044165, 42.383278609712264 ], [ 2.215212930025414, 42.383262970176766 ], [ 2.215198189755007, 42.383256739797545 ], [ 2.215182459909167, 42.383252130023521 ], [ 2.215154320421238, 42.383248160273041 ], [ 2.215141639431409, 42.383242399687248 ], [ 2.215131659970717, 42.383234309735052 ], [ 2.215124240605168, 42.383224809860494 ], [ 2.21511830028063, 42.383214769845786 ], [ 2.215107189479325, 42.383189839959471 ], [ 2.215095309677129, 42.383177689703686 ], [ 2.215078529937362, 42.383169110093704 ], [ 2.215053600362806, 42.383162180414033 ], [ 2.214988880132794, 42.383149940322312 ], [ 2.214970810424453, 42.383147300316821 ], [ 2.214952730003655, 42.38314591026586 ], [ 2.214936319649729, 42.383146880409541 ], [ 2.214919890151104, 42.383149289576203 ], [ 2.214884820295184, 42.383156249695141 ], [ 2.214866699748277, 42.383157299977817 ], [ 2.214848620510968, 42.383156009885013 ], [ 2.214810090243371, 42.383147819828913 ], [ 2.214775619658643, 42.383145779834813 ], [ 2.214760569666525, 42.383144230390222 ], [ 2.214745779619702, 42.383141610111323 ], [ 2.214730439980525, 42.383134839710372 ], [ 2.21472097973803, 42.383123790309703 ], [ 2.214703349784922, 42.38305720987794 ], [ 2.214700840196083, 42.383044040346299 ], [ 2.214697239847953, 42.383030959706886 ], [ 2.214690949880176, 42.383018570314967 ], [ 2.214680750145539, 42.383008960405277 ], [ 2.214667360600608, 42.383001480173576 ], [ 2.214633040044376, 42.382987020109283 ], [ 2.214520400462265, 42.382921219789644 ], [ 2.214485860427486, 42.382904590436688 ], [ 2.214465520115354, 42.382899050176498 ], [ 2.214444689967379, 42.382894409856604 ], [ 2.214391060429322, 42.382878999665387 ], [ 2.214345990344502, 42.382863869655189 ], [ 2.214338199888342, 42.38286124956047 ], [ 2.213831540118807, 42.382635420245066 ], [ 2.213782690417982, 42.382617529876896 ], [ 2.213753829853071, 42.382613550334568 ], [ 2.213656150518427, 42.382585320267331 ], [ 2.213636680568534, 42.382577800010019 ], [ 2.213619790280397, 42.382568860089002 ], [ 2.213607309692842, 42.38255670015365 ], [ 2.213599010020698, 42.382539990253072 ], [ 2.213593880217852, 42.382522750029089 ], [ 2.213587459523714, 42.382492629594516 ], [ 2.213581810204406, 42.382478180363613 ], [ 2.213573480531497, 42.382464070283355 ], [ 2.213561139968491, 42.382449939892986 ], [ 2.213546359625036, 42.382437410239412 ], [ 2.213517879952957, 42.382421900184823 ], [ 2.213499480463288, 42.382397819835646 ], [ 2.213485379937859, 42.382388539694787 ], [ 2.2134688096921, 42.382382480260191 ], [ 2.213412669786216, 42.382373989699019 ], [ 2.213393909531733, 42.382369179667933 ], [ 2.213377729847111, 42.382361319901513 ], [ 2.213364489510368, 42.382350960426606 ], [ 2.213354529859724, 42.382341799643136 ], [ 2.213345540247437, 42.382332099752226 ], [ 2.213292879525263, 42.382268339852516 ], [ 2.213285789842507, 42.382252800004075 ], [ 2.213285169557149, 42.38223379041451 ], [ 2.213287449511713, 42.382197510133935 ], [ 2.213284020144401, 42.382180199609614 ], [ 2.213276459782383, 42.382172489937446 ], [ 2.213243979409754, 42.382157229744323 ], [ 2.213203489734395, 42.382131010125768 ], [ 2.213121889658817, 42.38208957009946 ], [ 2.213110579624252, 42.382085439775864 ], [ 2.21305804055734, 42.382066250328307 ], [ 2.213035919805952, 42.382054679792503 ], [ 2.213024729774929, 42.382048820234189 ], [ 2.212970379619848, 42.382013870445832 ], [ 2.212892250312796, 42.381957849974555 ], [ 2.212851390321177, 42.381931540330577 ], [ 2.212807590319812, 42.381908369784639 ], [ 2.212751040466925, 42.381884020144227 ], [ 2.212740189808801, 42.38187773960712 ], [ 2.212732030437579, 42.381869660142286 ], [ 2.212730699837262, 42.381859389583504 ], [ 2.212736170114164, 42.381849160323547 ], [ 2.212753650019338, 42.381830909946387 ], [ 2.212769269395552, 42.381805620319646 ], [ 2.212794989421764, 42.381769049802635 ], [ 2.212799390505003, 42.381757280378793 ], [ 2.212799620268876, 42.38173917992259 ], [ 2.212796079965688, 42.381721330062767 ], [ 2.212780989944507, 42.381664479720428 ], [ 2.21276302976244, 42.381546739999912 ], [ 2.212750479432111, 42.381500909706403 ], [ 2.212750259469241, 42.381382390301383 ], [ 2.212757730278158, 42.381348930323071 ], [ 2.212754830399116, 42.381337480010366 ], [ 2.212744959851635, 42.381321109590829 ], [ 2.212730560584506, 42.381306600229188 ], [ 2.21265841058576, 42.38124810978443 ], [ 2.212652370092211, 42.381235730096364 ], [ 2.212649499962021, 42.381222289661821 ], [ 2.212642410283974, 42.381206479591583 ], [ 2.212631910407643, 42.381191190061379 ], [ 2.212612550124029, 42.381174840011184 ], [ 2.212550030417198, 42.381132810139626 ], [ 2.212535970247881, 42.38112082025598 ], [ 2.212523130410215, 42.381108480314651 ], [ 2.21250158985706, 42.381082399609589 ], [ 2.212465910130629, 42.381060179904836 ], [ 2.21245294043133, 42.381047930023975 ], [ 2.212446800351986, 42.381034289702896 ], [ 2.212451310141863, 42.381003520204089 ], [ 2.212454380011477, 42.380952570101677 ], [ 2.212470680345798, 42.38091214972571 ], [ 2.212469020186027, 42.38088918025614 ], [ 2.212466969829499, 42.380884700101824 ], [ 2.212458610338292, 42.380866500113221 ], [ 2.212407089929154, 42.380800309705812 ], [ 2.212401070454546, 42.380785769611471 ], [ 2.212401650080458, 42.380768939599925 ], [ 2.212404209985705, 42.380738869980156 ], [ 2.212402790548772, 42.380725799744134 ], [ 2.21238843007225, 42.380688960256222 ], [ 2.212387729851971, 42.380677340422146 ], [ 2.212386499915837, 42.380610330118714 ], [ 2.212383090479111, 42.380591839915596 ], [ 2.212377610272947, 42.380583430298522 ], [ 2.212362910004568, 42.380573780253997 ], [ 2.212345259420723, 42.380566539753303 ], [ 2.212301950237732, 42.380552200052684 ], [ 2.212267570427887, 42.380543309974207 ], [ 2.212212029516535, 42.380535729843693 ], [ 2.212193090413675, 42.380534880120948 ], [ 2.212180680138929, 42.380536679792726 ], [ 2.212169689700691, 42.380541019903148 ], [ 2.212158919613457, 42.380547069962844 ], [ 2.212154459446017, 42.380554429626379 ], [ 2.212156359724256, 42.380577129671508 ], [ 2.212151150139102, 42.380585649559713 ], [ 2.212138670313977, 42.380593399906274 ], [ 2.212116229879521, 42.380600360418136 ], [ 2.21205759047246, 42.380607619700292 ], [ 2.212022080249886, 42.380610250345015 ], [ 2.211988689919607, 42.380609659698287 ], [ 2.21195560033208, 42.380603670217759 ], [ 2.211812670022775, 42.380551179692382 ], [ 2.211748020356485, 42.380534339797308 ], [ 2.211723890080958, 42.380521209761824 ], [ 2.211704430597834, 42.380503599837674 ], [ 2.211693909760723, 42.380490110373216 ], [ 2.21167221033336, 42.380457450443664 ], [ 2.211669410043739, 42.380448059555931 ], [ 2.21166146048226, 42.380443139856361 ], [ 2.211607049617435, 42.380442049714247 ], [ 2.211570230146908, 42.380443600403488 ], [ 2.211552260438616, 42.380442750036856 ], [ 2.211536169900401, 42.380437240284493 ], [ 2.211509580562428, 42.380416969554339 ], [ 2.211486160218767, 42.380395649802182 ], [ 2.211446230184234, 42.380363490354746 ], [ 2.211429969565242, 42.380352839699711 ], [ 2.211411489464786, 42.380344339715734 ], [ 2.211398629855134, 42.380342540120765 ], [ 2.211377579745688, 42.380345369998906 ], [ 2.211367250286948, 42.380346200442467 ], [ 2.211357550195695, 42.380344690055054 ], [ 2.211331200031716, 42.380334240158327 ], [ 2.211306580508495, 42.380321100364895 ], [ 2.211286830316264, 42.380308000370029 ], [ 2.211269270307078, 42.380293830218235 ], [ 2.211242739909181, 42.380259060189118 ], [ 2.211222889923141, 42.380243260401627 ], [ 2.211199350249185, 42.380231389753739 ], [ 2.211109569747963, 42.38020339017767 ], [ 2.2110897504625, 42.380195330325307 ], [ 2.211072639500683, 42.380184399985794 ], [ 2.21103746051761, 42.380154379590728 ], [ 2.210961350345605, 42.38008944044708 ], [ 2.21092979057065, 42.380058510106259 ], [ 2.210900680116363, 42.38002579992061 ], [ 2.210863750089685, 42.379967810126352 ], [ 2.210855239761311, 42.379958209700398 ], [ 2.210842600207507, 42.379949030248895 ], [ 2.210826510254249, 42.379943779773221 ], [ 2.210773689504712, 42.379942430002281 ], [ 2.210747859872184, 42.379938739847802 ], [ 2.210735270106609, 42.379935770356909 ], [ 2.210723550331116, 42.379930549953251 ], [ 2.210703959736097, 42.379913940421503 ], [ 2.210642750077749, 42.379825709691922 ], [ 2.210626400023259, 42.379792449670283 ], [ 2.210593379927371, 42.379752060096372 ], [ 2.210535679758407, 42.379665389894853 ], [ 2.210494260594605, 42.379577740259258 ], [ 2.21048256948075, 42.379560640226863 ], [ 2.210462820135144, 42.379546729555592 ], [ 2.210437289606223, 42.379539249869254 ], [ 2.21041142949621, 42.379537909992436 ], [ 2.210363750325721, 42.379542620451872 ], [ 2.210318180090835, 42.379535099973609 ], [ 2.210286089431707, 42.379536500002366 ], [ 2.210253979683725, 42.379539520068192 ], [ 2.210220380354528, 42.37954596024489 ], [ 2.21018702998638, 42.379550950361299 ], [ 2.210174899662179, 42.379549420429427 ], [ 2.210157250527079, 42.379543270226662 ], [ 2.210139089954736, 42.379538190011509 ], [ 2.210115799611833, 42.379535150330646 ], [ 2.21009247942963, 42.379535169774215 ], [ 2.209975899462998, 42.37955220012735 ], [ 2.209963880552004, 42.379551569738702 ], [ 2.209928160581746, 42.379542679629523 ], [ 2.209896579912658, 42.379542640304237 ], [ 2.209865010068269, 42.379541350112866 ], [ 2.209833029418215, 42.379534459858711 ], [ 2.209776509819432, 42.379518129688634 ], [ 2.209754139855442, 42.379509599922748 ], [ 2.209743169505669, 42.379503039990247 ], [ 2.209679810522033, 42.379450729628211 ], [ 2.209667030180155, 42.379433620202562 ], [ 2.209661560028607, 42.379414759973159 ], [ 2.209663969953997, 42.379405949816039 ], [ 2.209674589955218, 42.379392789626465 ], [ 2.209680700248844, 42.379379590241996 ], [ 2.209676350334132, 42.379358479933998 ], [ 2.20966642010591, 42.379336979922584 ], [ 2.209651039762986, 42.379313910418603 ], [ 2.209644189988732, 42.379307620243985 ], [ 2.209629780579811, 42.379294400077349 ], [ 2.209606859582101, 42.379282259584556 ], [ 2.209581939844469, 42.379273360071615 ], [ 2.209462629564296, 42.379237230334013 ], [ 2.209282459918134, 42.37917133020877 ], [ 2.209244640428803, 42.379165119997985 ], [ 2.209234500204165, 42.3791603696422 ], [ 2.209172970499686, 42.379107350235792 ], [ 2.209164850143737, 42.379106390018876 ], [ 2.209135579534284, 42.379125460019566 ], [ 2.209119710387422, 42.379131389963106 ], [ 2.209103630391295, 42.379135149807347 ], [ 2.209085680454246, 42.379132950093471 ], [ 2.209068029474214, 42.379125900011708 ], [ 2.209051019415934, 42.379116949582126 ], [ 2.208994519570306, 42.379079639707868 ], [ 2.208969009597191, 42.379060099914518 ], [ 2.208956760104528, 42.379049300066207 ], [ 2.208946079795819, 42.379038420083617 ], [ 2.208940290384059, 42.379025950067955 ], [ 2.208937349406098, 42.37896954957251 ], [ 2.208933179597912, 42.378962950029347 ], [ 2.20891917989294, 42.378956009775372 ], [ 2.208854229692083, 42.378933499603939 ], [ 2.208815810496409, 42.378917020085105 ], [ 2.208783640361179, 42.378905809857869 ], [ 2.208763519738489, 42.378902070398311 ], [ 2.208743910545016, 42.378897070023953 ], [ 2.208738290123061, 42.378890010162173 ], [ 2.208735349730232, 42.378882240212889 ], [ 2.208721120084114, 42.378864400198381 ], [ 2.208711869611538, 42.378856320118423 ], [ 2.208698829769733, 42.37884975030461 ], [ 2.208667100530034, 42.378842320200263 ], [ 2.208568340330998, 42.378832999916341 ], [ 2.208463589875147, 42.378807869599896 ], [ 2.208450170043744, 42.378802639927436 ], [ 2.208435249407354, 42.378791370380256 ], [ 2.20842106057218, 42.378779380001113 ], [ 2.20837517941532, 42.378747550335333 ], [ 2.208356210350062, 42.37873984981573 ], [ 2.20833945033546, 42.378739729579607 ], [ 2.208322669500634, 42.378740879942548 ], [ 2.208278470442201, 42.378740209973415 ], [ 2.208252889530532, 42.378735530315517 ], [ 2.208228860030158, 42.37872473999461 ], [ 2.208217319691577, 42.378714940126578 ], [ 2.208211630021807, 42.378703729800051 ], [ 2.208208780056556, 42.378679390339151 ], [ 2.208205379870868, 42.378669550325618 ], [ 2.208199540338672, 42.378660600367695 ], [ 2.208189669805531, 42.378652959958281 ], [ 2.208176130243729, 42.378648369752696 ], [ 2.20814139941763, 42.378647050049992 ], [ 2.208093690190533, 42.378635729595878 ], [ 2.208056089946739, 42.378631149691181 ], [ 2.208012149398512, 42.378628860326863 ], [ 2.207994429609061, 42.37862720959631 ], [ 2.207977230114653, 42.378623400119103 ], [ 2.207966499815009, 42.37861729017277 ], [ 2.207960169886186, 42.378608509729681 ], [ 2.20795696045385, 42.378593450253653 ], [ 2.207955210125117, 42.378539130234465 ], [ 2.207959089796274, 42.378501149954701 ], [ 2.207950850247533, 42.378422020427884 ], [ 2.207950969523801, 42.378413109823654 ], [ 2.207952190557937, 42.378402939688236 ], [ 2.207954640352887, 42.378391069605428 ], [ 2.207962899864243, 42.378371670124444 ], [ 2.207963939534762, 42.378357180363025 ], [ 2.207961809434585, 42.37834283981654 ], [ 2.207948680043753, 42.378304750129949 ], [ 2.207942860336443, 42.378265620317691 ], [ 2.207936629737673, 42.378248649609858 ], [ 2.207931870106921, 42.37823168005847 ], [ 2.207934869451379, 42.378215129756363 ], [ 2.20794230018555, 42.378184739942441 ], [ 2.20794186004687, 42.378171049595629 ], [ 2.207920379540332, 42.378111910141996 ], [ 2.207910799464794, 42.378091220231696 ], [ 2.207902639861822, 42.378083150324407 ], [ 2.207885119738555, 42.37807529042469 ], [ 2.207866590135661, 42.378071109699704 ], [ 2.207844040264608, 42.378068160230612 ], [ 2.207821460326822, 42.378066829826658 ], [ 2.207780160255979, 42.378066910083533 ], [ 2.207743419900217, 42.378071160089043 ], [ 2.20771853993806, 42.378070170407561 ], [ 2.20769442961154, 42.378064870368419 ], [ 2.207669890329763, 42.378055430007052 ], [ 2.207647090240477, 42.37804310983676 ], [ 2.207627929752862, 42.378030369921383 ], [ 2.207609759495008, 42.37801673985021 ], [ 2.207607049813664, 42.378014400277507 ], [ 2.207594859770792, 42.378003930312545 ], [ 2.207581669573333, 42.377990600335039 ], [ 2.207561919584889, 42.377957509997266 ], [ 2.207529480057082, 42.377929720225957 ], [ 2.207503590385766, 42.377901810012233 ], [ 2.207494050456965, 42.377896969989258 ], [ 2.207476370477986, 42.377893330030311 ], [ 2.207460770129279, 42.377887460152039 ], [ 2.207448030391237, 42.377876660354346 ], [ 2.207436509529896, 42.377865140396857 ], [ 2.20741066025197, 42.377834699757436 ], [ 2.207396120032606, 42.377821899883877 ], [ 2.207379140110165, 42.377810889742996 ], [ 2.207363080327358, 42.377803210072983 ], [ 2.207346760388649, 42.37779661022163 ], [ 2.20733151017706, 42.377792360222735 ], [ 2.207317970196592, 42.377787050333794 ], [ 2.207305959393389, 42.377776340216549 ], [ 2.207274059991396, 42.377744060116974 ], [ 2.207233929809683, 42.377689200007026 ], [ 2.207193809858192, 42.377644250147185 ], [ 2.207180970423218, 42.377631920412568 ], [ 2.207165299616606, 42.377621809985556 ], [ 2.207147180044169, 42.377614209702749 ], [ 2.20710506940506, 42.377601310078681 ], [ 2.207088269584812, 42.377594530354031 ], [ 2.207072950393505, 42.377586500028649 ], [ 2.207062229646481, 42.377578589765179 ], [ 2.2070527505507, 42.377569790191266 ], [ 2.207045349529935, 42.377559560428715 ], [ 2.207036239773687, 42.377549499867271 ], [ 2.207017799501838, 42.377537850052839 ], [ 2.206999339640128, 42.377528529950133 ], [ 2.206944730099659, 42.377504920342268 ], [ 2.20693170027637, 42.37749817027602 ], [ 2.206919909713147, 42.377489080018343 ], [ 2.206914950347138, 42.37747797014115 ], [ 2.206912180578904, 42.377466509767665 ], [ 2.206907069808043, 42.377457200041199 ], [ 2.206900260345017, 42.377448419823224 ], [ 2.206890759407769, 42.377440780056517 ], [ 2.206878799857262, 42.377435660268191 ], [ 2.206841920160108, 42.377431800026045 ], [ 2.206754969446538, 42.377410670172118 ], [ 2.206709230544041, 42.377397020315428 ], [ 2.206670419754999, 42.377391890319821 ], [ 2.206656749840985, 42.37738765026598 ], [ 2.206644070547854, 42.377381620370265 ], [ 2.206630090546141, 42.377372969734054 ], [ 2.206617089956097, 42.377363419871187 ], [ 2.206613180029554, 42.37735636993996 ], [ 2.206608770120064, 42.377349669583374 ], [ 2.20658048949503, 42.377337769677204 ], [ 2.206558550205651, 42.377324650111149 ], [ 2.206533900234281, 42.377314390095222 ], [ 2.206445410457424, 42.37726155006154 ], [ 2.206423659440721, 42.377252389906545 ], [ 2.206412390558227, 42.377250689922761 ], [ 2.206394880450714, 42.377252099732331 ], [ 2.206377500547581, 42.377252429721437 ], [ 2.206353500126137, 42.377248660279079 ], [ 2.206330009470983, 42.377243089559833 ], [ 2.206288400526518, 42.377228580135395 ], [ 2.206262310572966, 42.377217410392987 ], [ 2.206236959992778, 42.377204630088741 ], [ 2.206228590029781, 42.377204029976625 ], [ 2.206215050525403, 42.377208440128392 ], [ 2.206202150250002, 42.377210510444684 ], [ 2.206188459681234, 42.377207530130356 ], [ 2.206174790000909, 42.377203470140486 ], [ 2.206133799716419, 42.377187969781453 ], [ 2.206121870123095, 42.377180769737215 ], [ 2.206115070596169, 42.37717072960281 ], [ 2.206112669948498, 42.377159099751246 ], [ 2.206113910076689, 42.377137310233934 ], [ 2.206108519965023, 42.377122320258707 ], [ 2.206095809695044, 42.377108729556724 ], [ 2.206083860595903, 42.377102790212369 ], [ 2.206064370071539, 42.377097880260891 ], [ 2.206045980395244, 42.377092170092311 ], [ 2.205968959915185, 42.377053809700854 ], [ 2.205958540156649, 42.377052300176373 ], [ 2.205941470520882, 42.377057219901197 ], [ 2.205894810321117, 42.377077969833294 ], [ 2.20587813993004, 42.377079930243013 ], [ 2.205861549696795, 42.377076300285232 ], [ 2.205847550341253, 42.377068910258316 ], [ 2.205836500425531, 42.377059380123349 ], [ 2.205823849484854, 42.377041279600931 ], [ 2.205816000125599, 42.377031369967824 ], [ 2.205814519818059, 42.377029509882249 ], [ 2.205803010261526, 42.377017899777933 ], [ 2.205786140110487, 42.377006700134253 ], [ 2.205768530513145, 42.37699731007293 ], [ 2.205730860087752, 42.376979210023656 ], [ 2.205708019507047, 42.376960140094823 ], [ 2.205691020023121, 42.376949759986985 ], [ 2.205673049745683, 42.376940270147259 ], [ 2.205627120032496, 42.376921759803224 ], [ 2.205593859904544, 42.376901170390845 ], [ 2.205572829864835, 42.37689264999257 ], [ 2.205532679559369, 42.376878860073376 ], [ 2.205514020489416, 42.376874679871975 ], [ 2.205494569494177, 42.376875989636339 ], [ 2.205475080069708, 42.376880540387972 ], [ 2.205444920548074, 42.376892939758704 ], [ 2.205435320213816, 42.376893590099307 ], [ 2.205420689844392, 42.376887989640608 ], [ 2.205407070125842, 42.376879879910341 ], [ 2.205397919822475, 42.376873160160422 ], [ 2.205388279409178, 42.376866970167583 ], [ 2.205373050220817, 42.376861370055316 ], [ 2.205356819457354, 42.376857559694379 ], [ 2.205294039787234, 42.376846500158379 ], [ 2.205251519537735, 42.376828009695437 ], [ 2.205216500453498, 42.376820929577946 ], [ 2.205180719571816, 42.376817430354734 ], [ 2.205109919939333, 42.376815590388333 ], [ 2.205092099439119, 42.376813399952773 ], [ 2.205077460426536, 42.376808970169449 ], [ 2.20506598977621, 42.376802860220693 ], [ 2.205065110207737, 42.376795650227976 ], [ 2.205067399810268, 42.376777739674552 ], [ 2.205069739702131, 42.376766049909179 ], [ 2.205069610250434, 42.376747230088263 ], [ 2.205054910175653, 42.376699300030801 ], [ 2.205048999827705, 42.376686480444484 ], [ 2.205040889402905, 42.376674169751084 ], [ 2.205037430122037, 42.376669640065515 ], [ 2.205031340509086, 42.376661499649927 ], [ 2.205017379987774, 42.376650949587585 ], [ 2.205005510098508, 42.37664798986247 ], [ 2.204986319437825, 42.376648309786148 ], [ 2.204967630174532, 42.376646820277195 ], [ 2.204880899436875, 42.37661821014872 ], [ 2.204854759740167, 42.376610830363106 ], [ 2.20483090943833, 42.376604720084934 ], [ 2.204803540159771, 42.376598139596915 ], [ 2.204787530098193, 42.3765965803833 ], [ 2.204771229567859, 42.376597729956636 ], [ 2.204752350015397, 42.376602370372943 ], [ 2.204733670542215, 42.37660954015638 ], [ 2.204723259457963, 42.376616399849389 ], [ 2.204712620591881, 42.376622540183661 ], [ 2.204672709413656, 42.376627849731335 ], [ 2.204645070275068, 42.376633510080659 ], [ 2.204618350166121, 42.376642960217126 ], [ 2.204609160326507, 42.376649199754141 ], [ 2.204600149514949, 42.376660310073028 ], [ 2.204593680422362, 42.376672329619026 ], [ 2.204586019585342, 42.376702360087336 ], [ 2.204576650495254, 42.376713369753176 ], [ 2.20456198027636, 42.376720560120425 ], [ 2.204541690462511, 42.376720869641552 ], [ 2.204521419870114, 42.376719560014898 ], [ 2.204496859834465, 42.376721370016682 ], [ 2.204472730106985, 42.376727869717939 ], [ 2.204453729791284, 42.376741879982653 ], [ 2.204440040220172, 42.376758080430442 ], [ 2.204430850513731, 42.376774410268482 ], [ 2.204419230060847, 42.376790180176108 ], [ 2.204398079873745, 42.376801199932224 ], [ 2.204373839810533, 42.376806429902402 ], [ 2.204344769750926, 42.376809200131952 ], [ 2.204315750477634, 42.376808909569597 ], [ 2.204260680433576, 42.376802949934302 ], [ 2.204237599407542, 42.376803059908077 ], [ 2.204215040287259, 42.376799930441869 ], [ 2.204151780572731, 42.376769769740349 ], [ 2.204143520319776, 42.376769529576741 ], [ 2.204132220076095, 42.376779270364601 ], [ 2.204121859614235, 42.376791540254032 ], [ 2.204117460139923, 42.376803659697224 ], [ 2.204115809715296, 42.376809600300376 ], [ 2.20411113037661, 42.376814159971204 ], [ 2.204071209857059, 42.376829909891676 ], [ 2.204058620514303, 42.376836310405714 ], [ 2.204019069715316, 42.376871160082501 ], [ 2.203967619869734, 42.376905739800478 ], [ 2.203949260269362, 42.376916420411234 ], [ 2.203936089697563, 42.376920559974067 ], [ 2.203913109892144, 42.376922750068999 ], [ 2.203902269536751, 42.376924829927539 ], [ 2.203893229775097, 42.376929180090976 ], [ 2.20386027051021, 42.376961550204179 ], [ 2.203787879929345, 42.377018330086116 ], [ 2.203769870590007, 42.377030989915788 ], [ 2.203750160375669, 42.377043100271599 ], [ 2.203729270593139, 42.377052240360335 ], [ 2.203706759669234, 42.377055770159686 ], [ 2.203683830562671, 42.377053270239806 ], [ 2.203661199598662, 42.377047169989311 ], [ 2.203615260388571, 42.377029740393937 ], [ 2.203589110033302, 42.377022529558808 ], [ 2.203562230589276, 42.377016399775407 ], [ 2.203530959945672, 42.377010959958206 ], [ 2.203472309589395, 42.377009469961507 ], [ 2.203449580243435, 42.377010580083862 ], [ 2.203388099880526, 42.377021859790972 ], [ 2.203341030420256, 42.37702629958892 ], [ 2.203294009972731, 42.377027149919563 ], [ 2.203278249633384, 42.377025240096273 ], [ 2.20325551998345, 42.377017149656197 ], [ 2.203246370120743, 42.377010699917847 ], [ 2.203239910437448, 42.377002639691042 ], [ 2.203233219525135, 42.376983949885187 ], [ 2.203228950073067, 42.376927449938236 ], [ 2.203221279778554, 42.376890919658329 ], [ 2.203210930237841, 42.376854559882595 ], [ 2.203201470102047, 42.376834319809319 ], [ 2.20318021968927, 42.376804539695719 ], [ 2.203151910527938, 42.376776329793223 ], [ 2.203063849485422, 42.376709079640136 ], [ 2.202983580395019, 42.376640790261753 ], [ 2.202961439921765, 42.376624159873565 ], [ 2.202937090270708, 42.376608949677163 ], [ 2.202914259750921, 42.376599150030941 ], [ 2.202891119704286, 42.376594040350419 ], [ 2.20285397004821, 42.376593239886923 ], [ 2.202822189605169, 42.376589330052241 ], [ 2.202789480077823, 42.376582530029175 ], [ 2.202734709783448, 42.376562599847901 ], [ 2.202708639938659, 42.37654972009905 ], [ 2.202683679632412, 42.376534780284729 ], [ 2.202623339865398, 42.376484830365264 ], [ 2.202596850086205, 42.37646636035204 ], [ 2.202565940021544, 42.376451650209042 ], [ 2.202542680019191, 42.376446619777134 ], [ 2.202506860579847, 42.376446100435103 ], [ 2.202471229748177, 42.376449010074907 ], [ 2.202432120243603, 42.376459400197056 ], [ 2.202430279928982, 42.376459889928618 ], [ 2.202417170170204, 42.376459799625366 ], [ 2.202321140358221, 42.376427250290121 ], [ 2.20228285952336, 42.376418520099563 ], [ 2.202263430369393, 42.376418110223717 ], [ 2.202204069902183, 42.376425170331039 ], [ 2.20211127993328, 42.376424169745029 ], [ 2.201852089620034, 42.37638507986145 ], [ 2.201563179546361, 42.376361630260135 ], [ 2.201512049820406, 42.376361090436113 ], [ 2.201485730229269, 42.376362580433415 ], [ 2.201461000542118, 42.376363979731181 ], [ 2.2014167099913, 42.376369709742178 ], [ 2.201049620363953, 42.376458109934632 ], [ 2.201020340159556, 42.376468260069061 ], [ 2.200996950326158, 42.3764828695885 ], [ 2.200983240553596, 42.376500789626789 ], [ 2.200971700266156, 42.376520519678209 ], [ 2.200945709508044, 42.376558340216377 ], [ 2.200852339537701, 42.376603259727062 ], [ 2.200829429625168, 42.376609230406785 ], [ 2.200792490227783, 42.37661005001835 ], [ 2.200756619948517, 42.376603859601978 ], [ 2.200726849487427, 42.37659499999662 ], [ 2.200685399975721, 42.376578590286869 ], [ 2.200642689454522, 42.376564879871715 ], [ 2.200584240012499, 42.376557260320233 ], [ 2.200444199925458, 42.376547459664636 ], [ 2.200398230157874, 42.376541920079731 ], [ 2.200372400539456, 42.376538769748826 ], [ 2.200346200580079, 42.376535609624156 ], [ 2.200248700483365, 42.376523760280826 ], [ 2.200203609639383, 42.376516059907388 ], [ 2.200161519585186, 42.376501899739552 ], [ 2.200148989817389, 42.376493530411942 ], [ 2.200134250065689, 42.37647793006284 ], [ 2.2001180296037, 42.376463770246232 ], [ 2.20006704058141, 42.376433860416135 ], [ 2.200008319593064, 42.376399419730802 ], [ 2.199995830147518, 42.376388259710595 ], [ 2.199955650571211, 42.376318719638952 ], [ 2.199937289423034, 42.376291399710631 ], [ 2.199920690148222, 42.376278670075621 ], [ 2.19988854058613, 42.376266739717025 ], [ 2.199809459936594, 42.376248090238818 ], [ 2.199764459808426, 42.376242640022809 ], [ 2.199581799556041, 42.376241000140837 ], [ 2.199560929832968, 42.376238970378424 ], [ 2.199530919722681, 42.376230740109293 ], [ 2.199501910209412, 42.376219280065065 ], [ 2.199464600462363, 42.376201459661502 ], [ 2.199430490410613, 42.376181320031264 ], [ 2.199382169410416, 42.376141169800221 ], [ 2.199356939691089, 42.376128389719291 ], [ 2.199329239433239, 42.376119909851802 ], [ 2.199287659912587, 42.376113499883473 ], [ 2.199164369517459, 42.376094440310759 ], [ 2.199122350117576, 42.376084510369523 ], [ 2.199082320572366, 42.376070449756227 ], [ 2.199057900188432, 42.376059940270778 ], [ 2.198966589811326, 42.376020650392071 ], [ 2.198900710134356, 42.37598596999382 ], [ 2.198860019471574, 42.375957230317951 ], [ 2.19884407973329, 42.375950449991684 ], [ 2.198797059620997, 42.375941300027669 ], [ 2.198662790403412, 42.375917480072353 ], [ 2.198645149418152, 42.375909519749833 ], [ 2.198622920190003, 42.375891000247023 ], [ 2.198611110386141, 42.375883349958762 ], [ 2.198597309434724, 42.375879740248692 ], [ 2.198560870382291, 42.375880120445068 ], [ 2.198485330208387, 42.375888680294494 ], [ 2.198446500570003, 42.375894900338558 ], [ 2.198380170452016, 42.375915150348028 ], [ 2.198305460076276, 42.375925789961087 ], [ 2.198272190014313, 42.375934379574204 ], [ 2.19824177014559, 42.375947500212156 ], [ 2.198206489711196, 42.375974049907562 ], [ 2.198187689425029, 42.375988190219054 ], [ 2.197984090564305, 42.376104740093552 ], [ 2.197967399650222, 42.376118050362798 ], [ 2.197927690390085, 42.376165409755544 ], [ 2.197903860169899, 42.376186229697588 ], [ 2.197874949691764, 42.376205570429455 ], [ 2.197844640252467, 42.37622040017051 ], [ 2.197829279608634, 42.376224430045788 ], [ 2.197813980222294, 42.376224410352783 ], [ 2.197779330289798, 42.376217239586637 ], [ 2.197727300326533, 42.376201649966561 ], [ 2.197646930435218, 42.376169930385473 ], [ 2.197540450288738, 42.376127940378957 ], [ 2.197450569886039, 42.376099660123437 ], [ 2.197418479835562, 42.37609178038457 ], [ 2.197358469591013, 42.376082890125069 ], [ 2.197311970023434, 42.376081039851861 ], [ 2.197276849489496, 42.376082409624118 ], [ 2.197225019578592, 42.37608880030173 ], [ 2.197175559430468, 42.376100530092295 ], [ 2.196638849445632, 42.376268959575938 ], [ 2.196606390015597, 42.37628052996471 ], [ 2.196575619744563, 42.376293370318926 ], [ 2.196493360453143, 42.376334050269556 ], [ 2.196463439923983, 42.376346259825397 ], [ 2.196280860054033, 42.376404689715784 ], [ 2.196217400117236, 42.376418749860854 ], [ 2.196194780023652, 42.37642111024315 ], [ 2.196160049811901, 42.376420239917529 ], [ 2.196090060577391, 42.376412629924083 ], [ 2.196055799767802, 42.37640428968637 ], [ 2.196029109919829, 42.376391849868916 ], [ 2.196009289393258, 42.376374420267432 ], [ 2.195992450568138, 42.376352060078958 ], [ 2.195938900012979, 42.37625670011758 ], [ 2.195919289465977, 42.37622176972787 ], [ 2.195892470272196, 42.376153499925067 ], [ 2.195872730506439, 42.376129939586349 ], [ 2.195846389650329, 42.376109579602435 ], [ 2.195819640581407, 42.376092369746893 ], [ 2.195790419816031, 42.376078390107473 ], [ 2.195722889547829, 42.37605953964875 ], [ 2.195692439514808, 42.376046899557586 ], [ 2.195662990117961, 42.376032469783226 ], [ 2.195637310258519, 42.376017429725273 ], [ 2.195613350367399, 42.376000959870083 ], [ 2.195591840315361, 42.375982879816405 ], [ 2.195573259491995, 42.375963029920918 ], [ 2.195553080053835, 42.375935960408725 ], [ 2.195539240164414, 42.375906770336996 ], [ 2.195523160094086, 42.375834789681385 ], [ 2.195508880494385, 42.375735090404149 ], [ 2.195468339508446, 42.375599889833126 ], [ 2.195451009568602, 42.375510699846522 ], [ 2.195439970230622, 42.375481360101759 ], [ 2.195418089819736, 42.375444640412745 ], [ 2.195339969759133, 42.375341420210844 ], [ 2.195241129883896, 42.375186720348644 ], [ 2.19522091030265, 42.375162539615886 ], [ 2.1951857600579, 42.375128699607693 ], [ 2.195060409431194, 42.375033250332507 ], [ 2.194841480493767, 42.374866370148318 ], [ 2.194793730139578, 42.374839189718102 ], [ 2.194753980146909, 42.374822969918867 ], [ 2.19469031988629, 42.374804609841007 ], [ 2.19462403971693, 42.374792430148815 ], [ 2.194578519436204, 42.374787690220181 ], [ 2.194573090109605, 42.374787119822912 ], [ 2.194496239891985, 42.37478495971574 ], [ 2.194419810526093, 42.374787029927845 ], [ 2.194343900007588, 42.374796590417937 ], [ 2.194323860460332, 42.374796180311165 ], [ 2.194294530315721, 42.374791019990504 ], [ 2.194266149670902, 42.374778569679165 ], [ 2.194249779515, 42.37476666037761 ], [ 2.194233150339, 42.374747269775156 ], [ 2.194220899589163, 42.374726379825539 ], [ 2.194200489489463, 42.374670400109117 ], [ 2.194181969901669, 42.374646489612431 ], [ 2.194158309824597, 42.374625070062244 ], [ 2.194123489411983, 42.374603119957243 ], [ 2.194088909644164, 42.374581349851951 ], [ 2.194074249428877, 42.374567660352383 ], [ 2.194056859939018, 42.374551410172856 ], [ 2.194043730015061, 42.374542670314398 ], [ 2.194023309750837, 42.374534330402525 ], [ 2.193990860385244, 42.374526720059336 ], [ 2.193919430180152, 42.374518379932447 ], [ 2.193881550160382, 42.374516669927424 ], [ 2.193841340001181, 42.374517469706319 ], [ 2.193801080147434, 42.374521869718166 ], [ 2.193762840031926, 42.374529889919721 ], [ 2.193683439868125, 42.37455191044215 ], [ 2.193679219921338, 42.374553080360997 ], [ 2.19363408041998, 42.374568249585181 ], [ 2.193564459685905, 42.374598380261105 ], [ 2.193435820063219, 42.374647370321846 ], [ 2.193406240190648, 42.374662020303305 ], [ 2.193375710311073, 42.374674500353237 ], [ 2.193359660531037, 42.374676010308576 ], [ 2.193334690391488, 42.374672319577058 ], [ 2.193228060557824, 42.374652029854595 ], [ 2.193210809677014, 42.374651820197954 ], [ 2.193184290290699, 42.374655770023693 ], [ 2.193158039435815, 42.374656580442426 ], [ 2.193115659498453, 42.374645929785714 ], [ 2.193076790374825, 42.374627549663238 ], [ 2.193045240431676, 42.374606520147822 ], [ 2.193017840048119, 42.374583370101561 ], [ 2.192981709755893, 42.374540149979723 ], [ 2.192967299418508, 42.374527169968943 ], [ 2.192640549605191, 42.374301519823852 ], [ 2.192608820375523, 42.374284459667955 ], [ 2.192573640045249, 42.374271509849869 ], [ 2.192555569713494, 42.374269759702038 ], [ 2.19252709037405, 42.374274160281544 ], [ 2.192512980272607, 42.374275680177753 ], [ 2.192499270294757, 42.374274410131612 ], [ 2.19246018962298, 42.374262429770283 ], [ 2.192422619890751, 42.374246850436322 ], [ 2.192374219545612, 42.374213640309172 ], [ 2.192355600508552, 42.374206750145781 ], [ 2.192248740523125, 42.374187919563852 ], [ 2.192201209833979, 42.374179550421303 ], [ 2.192158859642902, 42.374167090315957 ], [ 2.192075660234614, 42.374138499885994 ], [ 2.192054599418468, 42.374132500270299 ], [ 2.192032780231113, 42.374129189899676 ], [ 2.191988209402753, 42.374128700159382 ], [ 2.191882870510335, 42.374131740207538 ], [ 2.191803750034976, 42.374125589749369 ], [ 2.191527409548064, 42.374136790095115 ], [ 2.19141650005036, 42.374147720208931 ], [ 2.191336869680493, 42.374143919999256 ], [ 2.191177459808373, 42.374147659610514 ], [ 2.191143509766228, 42.374152730022082 ], [ 2.191049599961715, 42.374173770066875 ], [ 2.191017590515815, 42.374178770378421 ], [ 2.190985369525198, 42.374181420424904 ], [ 2.190943830130371, 42.374181039929042 ], [ 2.190923230139871, 42.374177469572579 ], [ 2.190903639577505, 42.374170580422671 ], [ 2.190768549445959, 42.374097040446323 ], [ 2.190712519444006, 42.374052330045131 ], [ 2.190679709879435, 42.37403507980823 ], [ 2.190642680455643, 42.374024100364899 ], [ 2.190591880028478, 42.3740169899256 ], [ 2.190494560410483, 42.374010449801425 ], [ 2.190448050101223, 42.374009760244299 ], [ 2.190405620038075, 42.37401215971888 ], [ 2.19036316997122, 42.374017440054075 ], [ 2.190329809542168, 42.374023509551066 ], [ 2.190297639580266, 42.374031929905335 ], [ 2.190233920329521, 42.374056520125791 ], [ 2.190194039617338, 42.37406885042649 ], [ 2.190153500364998, 42.374076659555278 ], [ 2.19013368988049, 42.374076969913304 ], [ 2.190103760458955, 42.374071899750874 ], [ 2.19007399055169, 42.374063490384273 ], [ 2.19003747012442, 42.374050810407361 ], [ 2.190005379967538, 42.37403382983652 ], [ 2.189958880494432, 42.373985230068968 ], [ 2.189921329529735, 42.373957950360911 ], [ 2.189879589439957, 42.373935679892739 ], [ 2.189818779706386, 42.373923180341826 ], [ 2.189798840265961, 42.37391528977286 ], [ 2.189782100041957, 42.373904189558452 ], [ 2.189765209749281, 42.373886150062894 ], [ 2.189752710050483, 42.373866329588999 ], [ 2.189698570216033, 42.373742780064646 ], [ 2.189672589502427, 42.373683490089505 ], [ 2.189657980267299, 42.373657989923487 ], [ 2.189648150122294, 42.373648010244501 ], [ 2.189609600416384, 42.373623239648765 ], [ 2.189581940242129, 42.373601249617288 ], [ 2.189555290559431, 42.373577470026433 ], [ 2.18953268050505, 42.373550110284697 ], [ 2.189526430134764, 42.3735355700491 ], [ 2.189525890265417, 42.373520880156576 ], [ 2.189534800380764, 42.37348915018184 ], [ 2.189568130232753, 42.373409870064521 ], [ 2.189575549429267, 42.373380830444567 ], [ 2.189574950450348, 42.373351560328352 ], [ 2.189566470511963, 42.373321779698685 ], [ 2.189543500443058, 42.373266409668148 ], [ 2.189528999737221, 42.373241359650478 ], [ 2.189509000535251, 42.373219149975924 ], [ 2.189461790584898, 42.373178650374541 ], [ 2.189436529763326, 42.373159470029144 ], [ 2.189377459572516, 42.373125009714627 ], [ 2.189346650458291, 42.373093089863985 ], [ 2.189334020101018, 42.373083639722836 ], [ 2.189292490474528, 42.373064519923545 ], [ 2.189248450357099, 42.373050969675191 ], [ 2.189058340379222, 42.37300603967995 ], [ 2.188973179855976, 42.372988499692326 ], [ 2.188930229596143, 42.372975590153082 ], [ 2.188910060162203, 42.372966349604155 ], [ 2.188883559878387, 42.372949500125358 ], [ 2.18880407042538, 42.372887879761471 ], [ 2.188769470094412, 42.372867639823468 ], [ 2.188693200490621, 42.372829909855973 ], [ 2.18865200017649, 42.372812409631621 ], [ 2.188604840022465, 42.372796319879448 ], [ 2.188517099849475, 42.372772010401128 ], [ 2.188476999449453, 42.372763800379218 ], [ 2.188299999819201, 42.372738769714822 ], [ 2.188261189655704, 42.372729969853673 ], [ 2.1882594300259, 42.372729570136926 ], [ 2.188010160050365, 42.372647379582787 ], [ 2.187966820340876, 42.372636450044446 ], [ 2.187901519961576, 42.372613830052657 ], [ 2.187856700084208, 42.372605229745595 ], [ 2.187811540328886, 42.372602930309824 ], [ 2.187792079927656, 42.372604950280873 ], [ 2.187762969726757, 42.37261159040407 ], [ 2.187733880071593, 42.372616070126952 ], [ 2.18768895002835, 42.372616020167008 ], [ 2.18766638054068, 42.372613969892321 ], [ 2.18764432941175, 42.372609489866072 ], [ 2.187596670053323, 42.372594469676635 ], [ 2.187542719813794, 42.372577519931134 ], [ 2.187526770536101, 42.372571640363397 ], [ 2.187511809872315, 42.37256388014292 ], [ 2.187370880027689, 42.3724726403128 ], [ 2.187343380512817, 42.372457129791108 ], [ 2.187248980223408, 42.372412879687865 ], [ 2.187161049781717, 42.372364790191362 ], [ 2.18713345946234, 42.372347569637277 ], [ 2.187110509405851, 42.372328230445611 ], [ 2.187091740046064, 42.372305489608451 ], [ 2.187069819985738, 42.372271740012216 ], [ 2.187051809925979, 42.372237120239497 ], [ 2.187043720268519, 42.372195639795088 ], [ 2.187036469946722, 42.372183160107483 ], [ 2.187015600088686, 42.372163289883837 ], [ 2.186946619599322, 42.37210560992402 ], [ 2.186937219454251, 42.37209049964229 ], [ 2.186922430314572, 42.372041490394366 ], [ 2.186909099737665, 42.372011230266075 ], [ 2.186892110518464, 42.371981660164536 ], [ 2.186872930040951, 42.371961710034888 ], [ 2.186785309552095, 42.371900209814953 ], [ 2.186723809686044, 42.371866090234256 ], [ 2.1866961804197, 42.371842030143554 ], [ 2.186677599942201, 42.371813709560698 ], [ 2.186650570362577, 42.371743270126387 ], [ 2.186631939844818, 42.371681180293685 ], [ 2.186617700034472, 42.371655230253765 ], [ 2.186594430291562, 42.371632460105829 ], [ 2.186566229576425, 42.371615329645984 ], [ 2.186534580154937, 42.371602669602375 ], [ 2.186467530082679, 42.371584370063012 ], [ 2.186381540568297, 42.371546290394242 ], [ 2.186348749699753, 42.371527689948188 ], [ 2.186332390040913, 42.371514960041445 ], [ 2.186309530442718, 42.371489219866476 ], [ 2.186280680241958, 42.371447049854709 ], [ 2.186264789964307, 42.371426940152922 ], [ 2.18624534016437, 42.37140897022536 ], [ 2.18611785059154, 42.371312419741685 ], [ 2.18610537959965, 42.371299910136457 ], [ 2.1860920499119, 42.371278559549943 ], [ 2.186083109680497, 42.371255980185246 ], [ 2.186066330079532, 42.371182190195981 ], [ 2.186041149487125, 42.371119689917457 ], [ 2.186026950564189, 42.371090319614439 ], [ 2.186009830340224, 42.371062010188659 ], [ 2.185989640240326, 42.371036109682414 ], [ 2.185813550271438, 42.370856000150859 ], [ 2.185787459627783, 42.370832580284251 ], [ 2.185786650467292, 42.370831849554754 ], [ 2.185740669763694, 42.370799559803721 ], [ 2.185690300109948, 42.37076903015349 ], [ 2.185655789726683, 42.370751489908649 ], [ 2.185617800056495, 42.370740410158071 ], [ 2.185557999565385, 42.370734139560334 ], [ 2.185512339535878, 42.370733539601069 ], [ 2.185443779590049, 42.370738190428874 ], [ 2.18537649058366, 42.370748250243018 ], [ 2.185318280518373, 42.37076026038936 ], [ 2.185263929963909, 42.370774640393975 ], [ 2.18509662059125, 42.370807680382576 ], [ 2.185065289475307, 42.37080728025925 ], [ 2.185034559441165, 42.370797870296556 ], [ 2.185005579597045, 42.370784700154672 ], [ 2.184964320135513, 42.370763690345385 ], [ 2.184940589565765, 42.370757939721472 ], [ 2.184915839929499, 42.370756139983804 ], [ 2.184832999508512, 42.370756179614169 ], [ 2.184805819868366, 42.370754639959458 ], [ 2.184562809530985, 42.370706079682236 ], [ 2.184527469574001, 42.37069655033725 ], [ 2.184494109821945, 42.370683790205867 ], [ 2.184457899615996, 42.370666520297789 ], [ 2.184335329984901, 42.370602690094891 ], [ 2.184299950002797, 42.370586499558556 ], [ 2.184262850457847, 42.370572640136963 ], [ 2.184190730531888, 42.370551409564499 ], [ 2.184154690102983, 42.370539990164602 ], [ 2.184119639757583, 42.370526770295399 ], [ 2.184101430323748, 42.370516819665298 ], [ 2.184053680533798, 42.370480729625051 ], [ 2.184020139720896, 42.370463020171329 ], [ 2.18396652981913, 42.370439040179804 ], [ 2.183940469730817, 42.370425710430688 ], [ 2.183916379455807, 42.370409860409318 ], [ 2.183898430385821, 42.37038956010538 ], [ 2.183887789447625, 42.370366610022245 ], [ 2.183885730608631, 42.370356869788388 ], [ 2.183818379995869, 42.370249940326595 ], [ 2.183792790042176, 42.370218600091661 ], [ 2.183759619754366, 42.370191519755473 ], [ 2.183463749734196, 42.370023350373621 ], [ 2.183434059692036, 42.369999989891092 ], [ 2.183263269854284, 42.36983350963127 ], [ 2.183240710585634, 42.369802730321275 ], [ 2.183229720009039, 42.369779420146187 ], [ 2.183220459617719, 42.369743869634085 ], [ 2.183216190306459, 42.369707989936394 ], [ 2.183214010517846, 42.369632510434336 ], [ 2.183198950180909, 42.369557829857854 ], [ 2.183198280164813, 42.369496589689163 ], [ 2.18318937964086, 42.369438799618742 ], [ 2.183187750558468, 42.369428240185037 ], [ 2.18317908049277, 42.369310109753222 ], [ 2.183142949513589, 42.369155310262272 ], [ 2.183130010267271, 42.369132620213428 ], [ 2.183108699635922, 42.369108509708205 ], [ 2.183083550102064, 42.369090949827665 ], [ 2.183039940157311, 42.369072449657523 ], [ 2.182971729873029, 42.36905034017169 ], [ 2.18290351952039, 42.369028239650774 ], [ 2.182875240333492, 42.369017329964919 ], [ 2.182861379769582, 42.369008760131351 ], [ 2.182843940532756, 42.36898862990332 ], [ 2.182843789702337, 42.368988460416041 ], [ 2.182823370422533, 42.368952470090981 ], [ 2.182809290580716, 42.368933459832753 ], [ 2.182795120474652, 42.368920570307985 ], [ 2.182734150163134, 42.368883839710627 ], [ 2.18270056973188, 42.368869279884379 ], [ 2.182664040205397, 42.368858209562838 ], [ 2.182617149422468, 42.368849509587484 ], [ 2.182546300375295, 42.368843419821701 ], [ 2.182431760332527, 42.368844399770268 ], [ 2.182366230003717, 42.36884960982573 ], [ 2.182333850485044, 42.368855769556497 ], [ 2.182302020352344, 42.36886535997975 ], [ 2.182269660380489, 42.368879000215898 ], [ 2.182226610236521, 42.368902199710682 ], [ 2.182217329459213, 42.368908719598998 ], [ 2.182068130565893, 42.369013549612774 ], [ 2.182003240583088, 42.36907225967056 ], [ 2.181978240474235, 42.369089820412626 ], [ 2.181951250577322, 42.36910161031598 ], [ 2.181906550431421, 42.369111460029615 ], [ 2.181769440392949, 42.369129310406564 ], [ 2.18167909992518, 42.369137130353671 ], [ 2.181518469426039, 42.369142649941431 ], [ 2.181481010252722, 42.369144160292876 ], [ 2.181282979992783, 42.369152129639758 ], [ 2.181211470492511, 42.369159190297296 ], [ 2.181179700110373, 42.369164810089295 ], [ 2.181134830098854, 42.369178000415019 ], [ 2.181091980465216, 42.369195439775581 ], [ 2.180891600594025, 42.369294399992341 ], [ 2.18082990963736, 42.369324869608889 ], [ 2.180809409460932, 42.369332289970771 ], [ 2.180792239474435, 42.369335410344469 ], [ 2.180766379968614, 42.369335049945605 ], [ 2.180754390113342, 42.369332169707135 ], [ 2.180743890555513, 42.369327319697668 ], [ 2.180720309575459, 42.369310129848252 ], [ 2.180654090327975, 42.369256070019738 ], [ 2.180632610015537, 42.369236020449861 ], [ 2.180572670402372, 42.369166599790248 ], [ 2.180548809577139, 42.369133199807109 ], [ 2.180533649409184, 42.369103730086245 ], [ 2.180517469951404, 42.369058589842346 ], [ 2.180425150511864, 42.368649140359089 ], [ 2.18035397962629, 42.36840619001844 ], [ 2.180327430084425, 42.368346559697642 ], [ 2.180295160176274, 42.368287970091529 ], [ 2.180274319622963, 42.368256300079686 ], [ 2.18019155043784, 42.368158000342554 ], [ 2.180177639642177, 42.368144930426588 ], [ 2.180155399620273, 42.368127119627211 ], [ 2.180145200282902, 42.368117320209599 ], [ 2.18013661043946, 42.368105910320047 ], [ 2.18012932021748, 42.368087300419617 ], [ 2.180124230022354, 42.368030169571512 ], [ 2.180086100487305, 42.367871480421002 ], [ 2.180064900051078, 42.367820809634679 ], [ 2.17993870958398, 42.367624919929092 ], [ 2.179905810060638, 42.367558489581135 ], [ 2.17985345975934, 42.367493820347285 ], [ 2.179842630065462, 42.367486089574292 ], [ 2.179811129658182, 42.367470639577462 ], [ 2.179803779524471, 42.367466169550163 ], [ 2.179772220245682, 42.36743694984451 ], [ 2.179751130477272, 42.367406180352212 ], [ 2.179707629633158, 42.367307120100165 ], [ 2.179706890024342, 42.367305439691869 ], [ 2.179689459489595, 42.367272899671569 ], [ 2.179675359832528, 42.367255419903508 ], [ 2.179649810389501, 42.367230829921859 ], [ 2.179627320301527, 42.367204459724888 ], [ 2.179603369405952, 42.367160249886595 ], [ 2.179587930437975, 42.367114569933811 ], [ 2.179571370439891, 42.366996289970601 ], [ 2.179534290202401, 42.366859309886088 ], [ 2.179515790363994, 42.366806859818297 ], [ 2.179481450153183, 42.366729790144966 ], [ 2.179437139550753, 42.366653729820669 ], [ 2.179420310364204, 42.366631369943626 ], [ 2.179390220569626, 42.366600889900091 ], [ 2.17935572052907, 42.366573720408169 ], [ 2.179334269435793, 42.366560950349573 ], [ 2.179300229939615, 42.366544679600636 ], [ 2.179268779544718, 42.366525900291649 ], [ 2.179104480172958, 42.366393870369023 ], [ 2.179079870566631, 42.366362619842278 ], [ 2.179026699984123, 42.366258399884011 ], [ 2.178887680388937, 42.36606008005235 ], [ 2.178862280046475, 42.366033240358689 ], [ 2.17867507010626, 42.365870429806698 ], [ 2.178639929598308, 42.365845679925179 ], [ 2.178581599516731, 42.365811130165696 ], [ 2.178556459470801, 42.365792479627189 ], [ 2.178538159716016, 42.365771550042382 ], [ 2.178441560485389, 42.365598119987595 ], [ 2.178412719975262, 42.365546399867704 ], [ 2.178396260592162, 42.365523949725279 ], [ 2.178362159709634, 42.365493439762226 ], [ 2.178320850140884, 42.365467390133269 ], [ 2.178268010277475, 42.365440259982002 ], [ 2.178186879791145, 42.365403659839501 ], [ 2.177957229510413, 42.365319340119065 ], [ 2.177875700560739, 42.365295069722613 ], [ 2.177791790319859, 42.365275910209959 ], [ 2.177745479568719, 42.365269550360068 ], [ 2.177674459746421, 42.365267960264475 ], [ 2.177604189911554, 42.365273580308866 ], [ 2.177559779392903, 42.365280190053809 ], [ 2.177516289495267, 42.36529033043589 ], [ 2.177421530453356, 42.365320630353999 ], [ 2.177308210188551, 42.36534998015869 ], [ 2.177221920416935, 42.365382420171194 ], [ 2.177191440270731, 42.365391470405044 ], [ 2.177141440103074, 42.365398319958317 ], [ 2.177043020150205, 42.365402030075742 ], [ 2.177018869533229, 42.365401129932714 ], [ 2.176994989668555, 42.365397629893415 ], [ 2.176946699426665, 42.365385219686587 ], [ 2.176878380585904, 42.365361940413614 ], [ 2.176801030060749, 42.36533029001238 ], [ 2.176563590092202, 42.365233140154309 ], [ 2.176525729882096, 42.365220800178172 ], [ 2.176437500322439, 42.365197929697501 ], [ 2.176409580124671, 42.365187459584767 ], [ 2.176377019680361, 42.365170289885221 ], [ 2.176285609615221, 42.365111820016928 ], [ 2.176181699719668, 42.36506207983799 ], [ 2.176138220537637, 42.365033939749239 ], [ 2.176099650602915, 42.365002229819595 ], [ 2.176014650129225, 42.364908589612639 ], [ 2.175976250142901, 42.364873550441594 ], [ 2.175955210417943, 42.364857370330007 ], [ 2.175931839999969, 42.364842880100056 ], [ 2.175711059411617, 42.364749970264377 ], [ 2.175653039800432, 42.364719739623979 ], [ 2.175627399696654, 42.364701909796118 ], [ 2.175605079901473, 42.364681659607754 ], [ 2.175569789978764, 42.364640430320286 ], [ 2.175418469845075, 42.364463989747364 ], [ 2.17538629992866, 42.364426479807584 ], [ 2.175307580366379, 42.364344680312222 ], [ 2.175282940492697, 42.364323839688758 ], [ 2.175277080243282, 42.364318880253848 ], [ 2.175177589438658, 42.364246660437026 ], [ 2.175122839597349, 42.364198710317524 ], [ 2.175108910348253, 42.364186640214946 ], [ 2.175096480168286, 42.364175739969589 ], [ 2.175096059830284, 42.364175380307358 ], [ 2.175085739597566, 42.364166390105794 ], [ 2.175070130472752, 42.364152769685575 ], [ 2.174931329854134, 42.364031449742889 ], [ 2.174908569462116, 42.364007690208147 ], [ 2.174882279793518, 42.363976060136515 ], [ 2.174749430419601, 42.363816239794147 ], [ 2.174729659980107, 42.363787009882124 ], [ 2.174726679526437, 42.363782579987621 ], [ 2.174709509702987, 42.363767410057321 ], [ 2.174702919869827, 42.363762529997338 ], [ 2.174696640471383, 42.363757870117027 ], [ 2.174676169763055, 42.363744660443388 ], [ 2.174654100570439, 42.363733239559537 ], [ 2.174652499655603, 42.363732430102466 ], [ 2.174628759411811, 42.363720270399163 ], [ 2.174613719976527, 42.363709809722195 ], [ 2.174597500457438, 42.363696449619091 ], [ 2.17425046001826, 42.363369110232469 ], [ 2.174214999627563, 42.36333184013538 ], [ 2.173960549740033, 42.36301947997238 ], [ 2.173869380342275, 42.362905879619575 ], [ 2.173835710076859, 42.362852509652903 ], [ 2.173835440137466, 42.362851979955636 ], [ 2.173806339538838, 42.362795560152414 ], [ 2.173793759948563, 42.362763940365248 ], [ 2.173782970170776, 42.36271658016507 ], [ 2.173780680152515, 42.362669290223444 ], [ 2.173784670259696, 42.362605460073887 ], [ 2.173791129954482, 42.362557419943258 ], [ 2.17380846056163, 42.362485759739791 ], [ 2.173821439507484, 42.362450100314703 ], [ 2.17383768965577, 42.362414649984046 ], [ 2.174056319537764, 42.362003030423637 ], [ 2.174112039530163, 42.361846990229886 ], [ 2.174126540146222, 42.361806480283299 ], [ 2.174132670392541, 42.361764560038687 ], [ 2.174131000131335, 42.361743829681281 ], [ 2.174125320515726, 42.361723619809162 ], [ 2.174097469541769, 42.361670460240589 ], [ 2.173985900441328, 42.361510610334193 ], [ 2.173977779407652, 42.361491189802841 ], [ 2.173975640154286, 42.361460100052078 ], [ 2.173985130079529, 42.361430270271363 ], [ 2.1740226399957, 42.361366420420495 ], [ 2.174210539761001, 42.36112280957451 ], [ 2.174215589905962, 42.3611077203539 ], [ 2.174214070589043, 42.361094379613945 ], [ 2.174201259765856, 42.361070689790857 ], [ 2.174070750509, 42.360929070387186 ], [ 2.174036800553534, 42.360897490293304 ], [ 2.173997100138548, 42.360868919996349 ], [ 2.173965730573135, 42.360853390072464 ], [ 2.173890199893572, 42.360825550440879 ], [ 2.17386704012534, 42.360814039588654 ], [ 2.17359972994761, 42.360658649781158 ], [ 2.173557480092016, 42.360630610321479 ], [ 2.17335758018857, 42.360455889920203 ], [ 2.173331409545971, 42.360425540089473 ], [ 2.173320859553498, 42.360413299599394 ], [ 2.173305730388336, 42.360390399896453 ], [ 2.173293420009596, 42.360366180422375 ], [ 2.17328139984053, 42.360328809759125 ], [ 2.173274250130498, 42.360272469728272 ], [ 2.173277140012825, 42.360006090023653 ], [ 2.173304759998582, 42.359835180348739 ], [ 2.173318339731151, 42.359530330165143 ], [ 2.173315849441543, 42.359497979720992 ], [ 2.173312570245892, 42.359489220243503 ], [ 2.173299250567936, 42.359476700405601 ], [ 2.173267979839367, 42.359462959595277 ], [ 2.173132239733423, 42.359424610252802 ], [ 2.172793609730861, 42.359356690201643 ], [ 2.172683070533636, 42.359340949825388 ], [ 2.172623139773517, 42.359336460139602 ], [ 2.17248062015364, 42.359314540304105 ], [ 2.172329799851712, 42.359277610386229 ], [ 2.172263919391637, 42.359255330311228 ], [ 2.172254500467648, 42.359250850263393 ], [ 2.17218752969598, 42.359218850187844 ], [ 2.172163380592081, 42.359208770106591 ], [ 2.172129639535882, 42.359188799701073 ], [ 2.172087939525685, 42.359155630237808 ], [ 2.17200545018073, 42.359074970175215 ], [ 2.171956129856125, 42.359020579696775 ], [ 2.17194291030283, 42.359001479729756 ], [ 2.17193274957451, 42.358979700049602 ], [ 2.171856090601621, 42.358742019806286 ], [ 2.171819489396278, 42.358653500086049 ], [ 2.171795930146281, 42.358606939923369 ], [ 2.171752619606051, 42.35853963041027 ], [ 2.171702350529146, 42.358474869743894 ], [ 2.171656809825218, 42.35842842992971 ], [ 2.171540410497704, 42.358332039580425 ], [ 2.171504679867462, 42.358297280245289 ], [ 2.171469520228638, 42.358256680121634 ], [ 2.17142469029721, 42.3581933203468 ], [ 2.171406550189012, 42.358160400148599 ], [ 2.171391570249781, 42.358126790410971 ], [ 2.171387179834518, 42.358109379773246 ], [ 2.171387529889562, 42.358082459722041 ], [ 2.171390559910608, 42.358070509925092 ], [ 2.171394199989467, 42.358056120304589 ], [ 2.171406439520438, 42.358029820237093 ], [ 2.171423889552915, 42.358004999687424 ], [ 2.171452619424492, 42.357980710051869 ], [ 2.171474089642886, 42.357945559828273 ], [ 2.171480399627975, 42.357927679854647 ], [ 2.171483300119528, 42.357909689685016 ], [ 2.1714828496936, 42.357888609652456 ], [ 2.17147488942374, 42.357856859959732 ], [ 2.171458430138155, 42.357825219961406 ], [ 2.17143815015818, 42.357797689712577 ], [ 2.171426170333588, 42.357784910057532 ], [ 2.171286369440403, 42.357695279546263 ], [ 2.171236420096952, 42.357671049850488 ], [ 2.171183629645547, 42.357650310139306 ], [ 2.171072050122824, 42.357621500165578 ], [ 2.170997460234106, 42.357595919627883 ], [ 2.170925740012161, 42.357564869725948 ], [ 2.170900070092125, 42.357550459994933 ], [ 2.17086627037716, 42.357525720104277 ], [ 2.170835799959349, 42.357497400073903 ], [ 2.170807350537861, 42.357463600081601 ], [ 2.17078814968535, 42.357427169670991 ], [ 2.17077973983477, 42.357392610401945 ], [ 2.170779589763955, 42.357357939757541 ], [ 2.170789379655115, 42.357296679594093 ], [ 2.170804279880298, 42.357235459991387 ], [ 2.170822480026358, 42.357180739577487 ], [ 2.170845290507214, 42.357126960308584 ], [ 2.170866839794034, 42.357085059855571 ], [ 2.170885699996392, 42.35705457038781 ], [ 2.170919420522655, 42.357011050400942 ], [ 2.170940209937574, 42.356991200172928 ], [ 2.17096135007474, 42.356971179561576 ], [ 2.170987690385927, 42.356952769898626 ], [ 2.170995909941373, 42.356947030357738 ], [ 2.171042050606663, 42.356919529981511 ], [ 2.17105135998008, 42.356914019864291 ], [ 2.171064329482597, 42.356906360355758 ], [ 2.171065499528804, 42.356905660041747 ], [ 2.171077179864682, 42.356898709891112 ], [ 2.171088930488731, 42.356891770154057 ], [ 2.171105569413915, 42.356881900075592 ], [ 2.171151820035894, 42.356846210377967 ], [ 2.171172819707082, 42.356827629674179 ], [ 2.171190460452733, 42.356807219879137 ], [ 2.17119289969804, 42.356796610412403 ], [ 2.171184500058394, 42.356771150021871 ], [ 2.171184969511154, 42.356762869681141 ], [ 2.171191999540536, 42.356745449728798 ], [ 2.171204469423181, 42.356729420002544 ], [ 2.171238830296555, 42.356702470215531 ], [ 2.171429479597874, 42.356590549777025 ], [ 2.171470880381279, 42.356572120054665 ], [ 2.171506399628242, 42.356549409584403 ], [ 2.171535059487387, 42.356521429649831 ], [ 2.171554729902786, 42.356493560369756 ], [ 2.17156883057536, 42.35646438999872 ], [ 2.171695020286507, 42.356083089939261 ], [ 2.171706279457625, 42.356039310171518 ], [ 2.171723809963933, 42.355906509789463 ], [ 2.171734040312874, 42.355664049813818 ], [ 2.171743059607545, 42.355596930070114 ], [ 2.171749790012767, 42.355568000024142 ], [ 2.171751809967621, 42.355559349925578 ], [ 2.171787389633388, 42.355447839551118 ], [ 2.171791230215057, 42.355414370306718 ], [ 2.171788500129084, 42.355363640392866 ], [ 2.17177751027641, 42.355312949877941 ], [ 2.171762759607284, 42.355270699653126 ], [ 2.171748469715213, 42.355240149772882 ], [ 2.171720880369493, 42.355195910126255 ], [ 2.171685500494931, 42.355153059655478 ], [ 2.171653020118161, 42.355120759960336 ], [ 2.171627209857168, 42.355098330413504 ], [ 2.171584859416909, 42.355068219896864 ], [ 2.171536990213312, 42.355042740008358 ], [ 2.171263280230577, 42.354933590242013 ], [ 2.17118484030058, 42.354906189791855 ], [ 2.171128319692278, 42.354891820059471 ], [ 2.170996149804881, 42.354869159956536 ], [ 2.170981030249427, 42.354864999723929 ], [ 2.170953800049098, 42.35485759981097 ], [ 2.170900759789173, 42.354837759659418 ], [ 2.170812639670271, 42.354798400105331 ], [ 2.170744619488173, 42.354763050347572 ], [ 2.170549909846359, 42.354648529873479 ], [ 2.170490350097279, 42.354606670378878 ], [ 2.170449170393078, 42.354571069736416 ], [ 2.170337889967059, 42.354455619687997 ], [ 2.170320419594313, 42.354419630390971 ], [ 2.170317790329336, 42.354414220360411 ], [ 2.170290449881373, 42.354351070423988 ], [ 2.170264990446791, 42.354292709986076 ], [ 2.170257709989282, 42.354264650374319 ], [ 2.170243270585935, 42.354208710347635 ], [ 2.170240459864768, 42.354200850264853 ], [ 2.17023367997745, 42.354181259933405 ], [ 2.170215009425729, 42.354139229700067 ], [ 2.17018779948459, 42.354077989957496 ], [ 2.170156079761303, 42.354006339928468 ], [ 2.170155459639836, 42.354004929600194 ], [ 2.17012813019821, 42.353943460224336 ], [ 2.170121240303025, 42.353932420306265 ], [ 2.170102880157957, 42.353915719933219 ], [ 2.170068810361974, 42.353893220339721 ], [ 2.170052820548206, 42.353881490428314 ], [ 2.170039880105016, 42.353868339824331 ], [ 2.169986829970799, 42.353784560028103 ], [ 2.169966660178231, 42.353757659821376 ], [ 2.169875610363333, 42.353654969604669 ], [ 2.169830759951802, 42.353603309638778 ], [ 2.169808779842838, 42.353575860437253 ], [ 2.169798619950512, 42.353563270300626 ], [ 2.16978846974611, 42.353550590173015 ], [ 2.169767740482806, 42.353520359955454 ], [ 2.169748109939867, 42.353489680184474 ], [ 2.169567869670217, 42.353272320371516 ], [ 2.169537780068674, 42.35324247981935 ], [ 2.169506369555613, 42.353217149813553 ], [ 2.169486840132083, 42.353201400011919 ], [ 2.169431000055014, 42.353163709674192 ], [ 2.169409649580277, 42.353153199879912 ], [ 2.169374350057841, 42.353141149862971 ], [ 2.169341159823379, 42.353126409707954 ], [ 2.169286069546266, 42.353086469623705 ], [ 2.169237610268661, 42.353041719712337 ], [ 2.169218560089533, 42.353021950347106 ], [ 2.169193460509255, 42.352991510036567 ], [ 2.16917520995151, 42.352958140159657 ], [ 2.169165649480578, 42.352927989864021 ], [ 2.169157379705097, 42.352882629643183 ], [ 2.169149640078494, 42.352769459713834 ], [ 2.169150700449542, 42.352735600249517 ], [ 2.169155509777268, 42.352701959780639 ], [ 2.169167020076996, 42.35265782001639 ], [ 2.169191549515265, 42.352592889624916 ], [ 2.169253200168799, 42.352484630047513 ], [ 2.169383459496539, 42.352255740087145 ], [ 2.169394380083957, 42.352228980351462 ], [ 2.169402680089588, 42.352188509772148 ], [ 2.169403089787866, 42.352147990136594 ], [ 2.169401270502793, 42.35213197955688 ], [ 2.169396020227448, 42.352085980179474 ], [ 2.169343369806162, 42.351879449951007 ], [ 2.169342110353854, 42.351827289642173 ], [ 2.169337360407382, 42.351810240147209 ], [ 2.16931309054255, 42.351772329967751 ], [ 2.169308910242698, 42.351767159942334 ], [ 2.169205429807895, 42.351640240252969 ], [ 2.168825150290703, 42.351308759647679 ], [ 2.16871005961545, 42.351206880343618 ], [ 2.168672779709579, 42.351169869960891 ], [ 2.168641259589003, 42.351129560095401 ], [ 2.168610369993449, 42.35107863038526 ], [ 2.1685737601748, 42.351000370028146 ], [ 2.168480050025548, 42.350657290348813 ], [ 2.168455509491493, 42.350474560220192 ], [ 2.168446839794393, 42.350432520253428 ], [ 2.168435219651228, 42.350402000109177 ], [ 2.168411389571223, 42.350364980014575 ], [ 2.168407380030867, 42.350358750283924 ], [ 2.168372829975309, 42.350317519561976 ], [ 2.1683421200902, 42.350289289865799 ], [ 2.168264450435597, 42.350231810163393 ], [ 2.168242519958156, 42.350209760121402 ], [ 2.168220669978736, 42.350181329889374 ], [ 2.16819455060284, 42.350137100026956 ], [ 2.168177800347188, 42.350090600168116 ], [ 2.168173580154971, 42.350060939722404 ], [ 2.168171860092599, 42.350016070025234 ], [ 2.168165519492564, 42.349971809835139 ], [ 2.168111879906586, 42.349804629937978 ], [ 2.168098190422747, 42.349774809820751 ], [ 2.168002519486759, 42.349627220103962 ], [ 2.167979109507746, 42.349597420394261 ], [ 2.167952539664046, 42.349568320031779 ], [ 2.167930929813971, 42.349549970129843 ], [ 2.167892979407443, 42.349527449820393 ], [ 2.167850360180966, 42.349509939888343 ], [ 2.16769602014989, 42.349465230419625 ], [ 2.167588160483537, 42.349422929597111 ], [ 2.167492010042297, 42.349376299841055 ], [ 2.167362029979321, 42.349298810141754 ], [ 2.167299799660687, 42.349267109981355 ], [ 2.167235349793294, 42.349238000010303 ], [ 2.167139070306596, 42.349200910006083 ], [ 2.167034819992786, 42.349160619809624 ], [ 2.166870069459091, 42.349087199829988 ], [ 2.166843230492649, 42.349078440069235 ], [ 2.166800499872022, 42.349068949705433 ], [ 2.166779690385084, 42.349063120178393 ], [ 2.166760249538374, 42.349055059894368 ], [ 2.166735800504368, 42.349040469863205 ], [ 2.166703710081818, 42.349015289939004 ], [ 2.166625499423896, 42.348943390137713 ], [ 2.166603469945577, 42.348920179983423 ], [ 2.166585470554625, 42.348895099748127 ], [ 2.166459130464643, 42.34867073995354 ], [ 2.166352910138439, 42.348448040218173 ], [ 2.16630920986678, 42.348356420246006 ], [ 2.166252070121902, 42.348196870016217 ], [ 2.166248789901659, 42.348187569952842 ], [ 2.166246799985038, 42.348182150063678 ], [ 2.166121310045141, 42.347930959888828 ], [ 2.166085520340253, 42.347873779676874 ], [ 2.166014380132245, 42.347781039585961 ], [ 2.165941379986868, 42.347701260006161 ], [ 2.165877489402227, 42.347648290058387 ], [ 2.165858070597053, 42.347629329782571 ], [ 2.165839210084084, 42.347604599799439 ], [ 2.165816790084797, 42.34756552973154 ], [ 2.165807540157032, 42.347539619628783 ], [ 2.165664839694101, 42.347138619881093 ], [ 2.165661359931291, 42.347108339699524 ], [ 2.165663979556895, 42.347093769893334 ], [ 2.165670360285576, 42.347079759712734 ], [ 2.165685659845621, 42.347060960181828 ], [ 2.165743760286298, 42.347010229596478 ], [ 2.165775619685868, 42.346978219818951 ], [ 2.165792779715984, 42.346957449781463 ], [ 2.165803880349885, 42.346944019699706 ], [ 2.165813709812687, 42.346925449632337 ], [ 2.165895540563244, 42.346595259750686 ], [ 2.165933599561018, 42.346517359763723 ], [ 2.165944120554494, 42.346483389897031 ], [ 2.165951990047374, 42.346458050133947 ], [ 2.16596091021104, 42.34639814025455 ], [ 2.165961719746109, 42.346346269598463 ], [ 2.165956209439114, 42.346294630354834 ], [ 2.165940360518712, 42.346212750197793 ], [ 2.165936999636577, 42.3461954197575 ], [ 2.165931900072278, 42.346159090151765 ], [ 2.165934649552269, 42.346098230275601 ], [ 2.165931750519341, 42.346078749852261 ], [ 2.165928929838017, 42.346071710031289 ], [ 2.165925889554171, 42.34606420029899 ], [ 2.16592562945108, 42.346063579692405 ], [ 2.165921120106213, 42.346055889959658 ], [ 2.165916820110891, 42.34605063968263 ], [ 2.165906789760385, 42.346037950163279 ], [ 2.165894180202921, 42.346027689719094 ], [ 2.165868499460796, 42.346014170360149 ], [ 2.16582633046986, 42.345998639769157 ], [ 2.165806050556597, 42.345990120212612 ], [ 2.165788099705515, 42.345979359786071 ], [ 2.165751460313472, 42.345950460318178 ], [ 2.165735030453639, 42.34593476033421 ], [ 2.165731729571539, 42.345930709718751 ], [ 2.165720929820945, 42.345917449906281 ], [ 2.165717140608817, 42.345910849731681 ], [ 2.165714799536159, 42.345903899853027 ], [ 2.165707169713652, 42.345865390376453 ], [ 2.165704039974468, 42.345826729921384 ], [ 2.165705079729982, 42.345748649779765 ], [ 2.165731890311207, 42.345474349985444 ], [ 2.16573834014211, 42.34540909957267 ], [ 2.165779869618872, 42.345205950044814 ], [ 2.165799840365502, 42.345147020270375 ], [ 2.165827670459557, 42.345089400411986 ], [ 2.165846669645981, 42.345057119618687 ], [ 2.165881029909922, 42.345011259602458 ], [ 2.16592239039005, 42.344968329728992 ], [ 2.165942629603716, 42.344952720003434 ], [ 2.165976530242411, 42.344932069907216 ], [ 2.166008509985351, 42.344909970266585 ], [ 2.166050169989938, 42.344871279863881 ], [ 2.166085459649552, 42.344828749771182 ], [ 2.166116890476694, 42.344774229787291 ], [ 2.166127950378542, 42.344746209596394 ], [ 2.166135489764983, 42.34471743971519 ], [ 2.166140790453671, 42.344683710139492 ], [ 2.166144389469935, 42.34462285011675 ], [ 2.166143650261434, 42.344595740178796 ], [ 2.166130260462588, 42.34450701981342 ], [ 2.166115649419387, 42.344078229878555 ], [ 2.166112089855105, 42.343934380303565 ], [ 2.166119010400949, 42.343897679706409 ], [ 2.166130039996955, 42.343870930042122 ], [ 2.166152299842165, 42.343831550031048 ], [ 2.166372350066504, 42.34349478978293 ], [ 2.166490180358414, 42.343333899815917 ], [ 2.16660293058093, 42.343149300428884 ], [ 2.166619469847791, 42.343122209806126 ], [ 2.166666350365478, 42.343056720020577 ], [ 2.166712229894198, 42.343001660036641 ], [ 2.166763789815205, 42.342949529551035 ], [ 2.166894020220665, 42.342841329928305 ], [ 2.167101550567784, 42.34263506028848 ], [ 2.167138499474205, 42.342603990381122 ], [ 2.167198650040041, 42.34256308958463 ], [ 2.167262220567493, 42.342519780163634 ], [ 2.167337100410575, 42.342475929620903 ], [ 2.167376810457851, 42.342456580332581 ], [ 2.167418310237819, 42.342439229858087 ], [ 2.167446569558749, 42.342432050109856 ], [ 2.1675142798601, 42.342425519747238 ], [ 2.167536070023398, 42.342420900254105 ], [ 2.167587029782516, 42.342404790087961 ], [ 2.167610229882051, 42.342394150373622 ], [ 2.167629839492693, 42.342380159559312 ], [ 2.167716610186429, 42.342290729972099 ], [ 2.167862220114318, 42.342121119719081 ], [ 2.168182680534523, 42.341809940342692 ], [ 2.168326250017929, 42.341656710174831 ], [ 2.168369619672747, 42.341599479762067 ], [ 2.168405249995219, 42.341539130245501 ], [ 2.16843351049293, 42.341477009814554 ], [ 2.168454130398936, 42.341413400201226 ], [ 2.168487630078953, 42.341248020271806 ], [ 2.168497489402278, 42.341145059968838 ], [ 2.168509060225457, 42.341114249559716 ], [ 2.16853659043873, 42.341070769908931 ], [ 2.168571240432542, 42.341029599694629 ], [ 2.168649500611704, 42.340949649562035 ], [ 2.1686898603788, 42.34090842974998 ], [ 2.168712629929189, 42.340885170124267 ], [ 2.16874388016723, 42.340853249628125 ], [ 2.168801450441562, 42.340786660248888 ], [ 2.168853720137955, 42.340717329703068 ], [ 2.168873079438203, 42.340685230210369 ], [ 2.168895940005483, 42.340635599716578 ], [ 2.168914820208359, 42.340585029855518 ], [ 2.168921879443888, 42.340556079769094 ], [ 2.168958700309709, 42.340424229826105 ], [ 2.168969479665272, 42.340398459714756 ], [ 2.169017549977827, 42.340324690194237 ], [ 2.169036190589977, 42.340288059926714 ], [ 2.169069140260441, 42.340223290408233 ], [ 2.169103050179136, 42.340174280306528 ], [ 2.169181640385677, 42.340087939699153 ], [ 2.16922509004375, 42.340051599940153 ], [ 2.169616010551866, 42.339772539945812 ], [ 2.169637929443221, 42.339748829971988 ], [ 2.169643669413694, 42.33973716998991 ], [ 2.169647299552163, 42.339728370357541 ], [ 2.169651220006292, 42.339716419811872 ], [ 2.169654280340036, 42.339705810341094 ], [ 2.16965501029377, 42.339695909880717 ], [ 2.169655170316196, 42.339693619902256 ], [ 2.169656219650981, 42.3396783595568 ], [ 2.169656940084204, 42.339669090351045 ], [ 2.169658660338104, 42.339658380214196 ], [ 2.16966182951241, 42.339620400365142 ], [ 2.169668079657695, 42.339579559993375 ], [ 2.169674770118059, 42.339560149987669 ], [ 2.169684719985652, 42.339541939774527 ], [ 2.169705989625618, 42.339511839800196 ], [ 2.16973077015604, 42.33948319990796 ], [ 2.169982180343125, 42.339233569635191 ], [ 2.170235740086951, 42.33902074044164 ], [ 2.170326730097202, 42.338944360288323 ], [ 2.170582470183529, 42.33871600976326 ], [ 2.170604520585378, 42.338692120429656 ], [ 2.170631370135312, 42.338653410335255 ], [ 2.170784000503446, 42.338363529861084 ], [ 2.170805109981237, 42.338300370026282 ], [ 2.170854660507132, 42.33803972955684 ], [ 2.170877600532089, 42.337820310031688 ], [ 2.170886869992096, 42.337731690021137 ], [ 2.170892270140222, 42.337422459631384 ], [ 2.170899240316847, 42.337353620079497 ], [ 2.170914699907732, 42.337285190447147 ], [ 2.170918860499587, 42.337273780150561 ], [ 2.170927430107181, 42.337250159814985 ], [ 2.170974420012127, 42.337147200220684 ], [ 2.170997149961993, 42.337061449576147 ], [ 2.171005000327104, 42.337018280010078 ], [ 2.171011559467626, 42.336926010043022 ], [ 2.170983490394808, 42.336548810332339 ], [ 2.170985389577403, 42.336413649584124 ], [ 2.170986239407461, 42.33640365991559 ], [ 2.170991129451892, 42.336346320439354 ], [ 2.170995190198885, 42.336323930142434 ], [ 2.17099755006023, 42.336310800175113 ], [ 2.17101267971058, 42.336258219677397 ], [ 2.171069119729936, 42.336129209907867 ], [ 2.171106039586609, 42.336044729896557 ], [ 2.171166780338039, 42.335865590172403 ], [ 2.171196660523854, 42.335799519839696 ], [ 2.171224000301396, 42.335751270318525 ], [ 2.171247759440039, 42.335716310353739 ], [ 2.171290049429182, 42.335666460427532 ], [ 2.17134139048964, 42.335620540395205 ], [ 2.171382830208831, 42.335589769909269 ], [ 2.171398640035394, 42.335578079933562 ], [ 2.171404400152777, 42.335573799556677 ], [ 2.171416050224235, 42.335565149679802 ], [ 2.17142833004841, 42.33555735002065 ], [ 2.171428529614595, 42.335557219974483 ], [ 2.171453139919528, 42.33554145980991 ], [ 2.171459629548639, 42.335537180198791 ], [ 2.171476029448964, 42.335526679672391 ], [ 2.171655119958381, 42.335412060374814 ], [ 2.171749060526848, 42.335360240036451 ], [ 2.171978530259223, 42.335233650352045 ], [ 2.17203509008245, 42.335206140035048 ], [ 2.172108879534627, 42.335170280304432 ], [ 2.172150090586567, 42.335146990113479 ], [ 2.172287870159392, 42.335044229707925 ], [ 2.172419100608912, 42.334959889672454 ], [ 2.172472440056702, 42.334919479942705 ], [ 2.172508669916722, 42.334886690112128 ], [ 2.172533050269274, 42.334860930436264 ], [ 2.172563560555176, 42.334820260444012 ], [ 2.172585360337365, 42.334777639917583 ], [ 2.172592490142665, 42.334752199740223 ], [ 2.172594979445237, 42.33472935043882 ], [ 2.172591989484714, 42.334688350428394 ], [ 2.172584880282293, 42.334657310204214 ], [ 2.172568369948052, 42.334611080075938 ], [ 2.172558319996532, 42.334590660178343 ], [ 2.172492329531741, 42.334457340172378 ], [ 2.172460009412471, 42.33440441970599 ], [ 2.17242146972846, 42.334353530234054 ], [ 2.172417459831608, 42.334349409842275 ], [ 2.172333559866327, 42.334263109856316 ], [ 2.17221674044983, 42.334127889935694 ], [ 2.172183520184588, 42.334078569814253 ], [ 2.172155910210085, 42.334027219698108 ], [ 2.172004939720222, 42.333654719978995 ], [ 2.172001749677412, 42.333629930297214 ], [ 2.171995009917821, 42.333578900162415 ], [ 2.17196963057711, 42.333367530342834 ], [ 2.171950160163562, 42.333204650348016 ], [ 2.171950170316571, 42.333148359884817 ], [ 2.171950110517638, 42.333032539801344 ], [ 2.171910739930092, 42.332712180307922 ], [ 2.171904670007182, 42.332684399623901 ], [ 2.171896279876485, 42.332657500085887 ], [ 2.171878809481025, 42.332601720094935 ], [ 2.171849920105162, 42.332296109822373 ], [ 2.171817420168973, 42.331905739975703 ], [ 2.171807770289941, 42.331854599635697 ], [ 2.171797099452394, 42.331816609767237 ], [ 2.171773689551367, 42.331760240183208 ], [ 2.171758030566143, 42.331732390221838 ], [ 2.171739210046149, 42.331704790304009 ], [ 2.17171518996326, 42.331676429636076 ], [ 2.171691820176954, 42.331653920392206 ], [ 2.171646399600112, 42.331618739727816 ], [ 2.171639320026183, 42.331614360271253 ], [ 2.17131974993569, 42.33141680970752 ], [ 2.171276719976545, 42.331393439603978 ], [ 2.171225700298163, 42.331369380409555 ], [ 2.171063470281023, 42.331309489995846 ], [ 2.171033830091623, 42.331301799780761 ], [ 2.170987329689076, 42.331293990358844 ], [ 2.170964820530752, 42.331288789623713 ], [ 2.170943679582693, 42.331280979815908 ], [ 2.170928150113447, 42.331271769610197 ], [ 2.170906690528739, 42.331251439973975 ], [ 2.170866339404922, 42.331199810069492 ], [ 2.170849419550714, 42.331184919585731 ], [ 2.170780629889103, 42.331136239719697 ], [ 2.170743660505553, 42.331114269557403 ], [ 2.170703109800022, 42.331096049720244 ], [ 2.170592059886503, 42.331058960179547 ], [ 2.170450619896036, 42.33102397963394 ], [ 2.170424850133164, 42.33101762043961 ], [ 2.170399089966466, 42.331011270314967 ], [ 2.170236000507078, 42.330971000310647 ], [ 2.170143560600786, 42.330957639976994 ], [ 2.170039450528173, 42.33095562017909 ], [ 2.170019699777129, 42.330952779899 ], [ 2.169988190537995, 42.330940299972418 ], [ 2.169968960318115, 42.330925750174451 ], [ 2.169945750459755, 42.330900100418297 ], [ 2.169927310563728, 42.33087114033971 ], [ 2.169909219999913, 42.330834630307884 ], [ 2.169899270010304, 42.33080717986136 ], [ 2.169891799898652, 42.330766150022896 ], [ 2.169892060346645, 42.330745790114541 ], [ 2.169895609573229, 42.330725470226774 ], [ 2.169981140041959, 42.330451760405197 ], [ 2.169990389586972, 42.33041228986918 ], [ 2.169995529622601, 42.330372520303158 ], [ 2.170010319643048, 42.329939619707808 ], [ 2.170023770041672, 42.32958135970155 ], [ 2.170020459914216, 42.329362490312072 ], [ 2.169994020533952, 42.329121120262911 ], [ 2.170002339692444, 42.328774449888158 ], [ 2.170033790364219, 42.32856096013743 ], [ 2.170044799835654, 42.328526909561454 ], [ 2.170069239882006, 42.328476829945309 ], [ 2.170079039958795, 42.328451680307374 ], [ 2.170083259587757, 42.328426049881017 ], [ 2.170075539752309, 42.328238299595775 ], [ 2.170011549949698, 42.327848350393062 ], [ 2.170008789812103, 42.327831560226606 ], [ 2.169950770434601, 42.327518090430196 ], [ 2.169925169710322, 42.327369749977507 ], [ 2.169920550369398, 42.327305869860176 ], [ 2.169924449657315, 42.327257800312687 ], [ 2.169940329893192, 42.327185780317507 ], [ 2.169966639776705, 42.32711409969729 ], [ 2.170007500504362, 42.327024699599889 ], [ 2.170204529428093, 42.326623820311866 ], [ 2.170219620387787, 42.326584390202733 ], [ 2.170235229517618, 42.326523170068192 ], [ 2.170241660603905, 42.326477290186588 ], [ 2.170243079998153, 42.326443260239714 ], [ 2.170238869422524, 42.326393600054836 ], [ 2.170225899960476, 42.326346229768731 ], [ 2.170208720066942, 42.326314849897493 ], [ 2.17018732968352, 42.32628902961595 ], [ 2.170140320323523, 42.326246359997334 ], [ 2.170062250528509, 42.326183380220392 ], [ 2.170027370298995, 42.326150260117259 ], [ 2.169999679655884, 42.326114760409347 ], [ 2.16991528974837, 42.325969959719309 ], [ 2.169891919627879, 42.325919989697667 ], [ 2.169856119697708, 42.325826959946284 ], [ 2.169828119847683, 42.325732289913894 ], [ 2.169811970253137, 42.325659040139904 ], [ 2.169808449936146, 42.325622540089597 ], [ 2.169810749809494, 42.325585990317187 ], [ 2.169873359503037, 42.325217469629024 ], [ 2.169923849991606, 42.325032759608888 ], [ 2.169929420516739, 42.324996860329648 ], [ 2.169927950068022, 42.324961280227932 ], [ 2.169824220439755, 42.324598039598854 ], [ 2.169810160220472, 42.324541649884871 ], [ 2.169764150597818, 42.324311660253706 ], [ 2.169762080578418, 42.324293719590017 ], [ 2.169833320060849, 42.323933449642354 ], [ 2.169978590101111, 42.323536889730839 ], [ 2.170005609716548, 42.323429279980154 ], [ 2.1700212200505, 42.3233223099231 ], [ 2.170016509909239, 42.323302279655451 ], [ 2.169988199961915, 42.323258129620861 ], [ 2.169983909984403, 42.323242790051751 ], [ 2.169983179456293, 42.323150920162817 ], [ 2.170017399806235, 42.322790839556944 ], [ 2.17002880012619, 42.322514609564031 ], [ 2.170028720051215, 42.322280360209 ], [ 2.170022210548488, 42.321916919958156 ], [ 2.169988459541889, 42.32153058989833 ], [ 2.169973999447623, 42.321466989722268 ], [ 2.169955059844272, 42.321412359585736 ], [ 2.169911149488841, 42.321315449796096 ], [ 2.169816599712399, 42.321106779964019 ], [ 2.169796920344504, 42.321034589807184 ], [ 2.169734319649914, 42.320691179912586 ], [ 2.169666949511456, 42.320277499766263 ], [ 2.169651940174032, 42.320228119751334 ], [ 2.169633850529443, 42.320192330106835 ], [ 2.169597869858939, 42.320141089761592 ], [ 2.169553350142316, 42.320093670079793 ], [ 2.169283160471408, 42.319848639914085 ], [ 2.169115750432749, 42.319705759604602 ], [ 2.168830059746619, 42.319467279629158 ], [ 2.168542409569954, 42.319230500383782 ], [ 2.168136709403232, 42.318918280240034 ], [ 2.168059630545812, 42.318846129936482 ], [ 2.167990299740656, 42.318766099647583 ], [ 2.167965909792987, 42.318728910404623 ], [ 2.167952450538248, 42.318700259880067 ], [ 2.167939560590872, 42.318656400422938 ], [ 2.167935050313551, 42.318611880384879 ], [ 2.167940560492213, 42.318534730199261 ], [ 2.167957029874424, 42.318307269782949 ], [ 2.168016429903669, 42.318016709977854 ], [ 2.168024840396934, 42.317949680237966 ], [ 2.168024200537738, 42.317887710188295 ], [ 2.168017529830915, 42.317841190433512 ], [ 2.167978589975414, 42.31770186037194 ], [ 2.16795791989811, 42.317649469737852 ], [ 2.167833620268398, 42.317431610426567 ], [ 2.167801359482587, 42.317365549976387 ], [ 2.167788699866354, 42.317331589843249 ], [ 2.1677790903969, 42.317296940365971 ], [ 2.167766040554264, 42.317228040122359 ], [ 2.167754900055038, 42.317124570397432 ], [ 2.16775369059953, 42.317085769741766 ], [ 2.167751659946834, 42.317020789662912 ], [ 2.167762279404132, 42.316804000387037 ], [ 2.167760029870823, 42.316763550372428 ], [ 2.167751839834839, 42.316703150206209 ], [ 2.167739170009849, 42.316642810286439 ], [ 2.167721699402992, 42.316596300376617 ], [ 2.167684849854937, 42.316528940323593 ], [ 2.167669159398393, 42.31649486991337 ], [ 2.167659549928397, 42.316459589995894 ], [ 2.167652850290852, 42.316387580095132 ], [ 2.167659570541955, 42.316126720073882 ], [ 2.16764173024858, 42.316006989843011 ], [ 2.167643569525623, 42.315940720252861 ], [ 2.167653180489746, 42.3158744998712 ], [ 2.167672030384339, 42.315797910306436 ], [ 2.167697419447344, 42.315722349864977 ], [ 2.1677174502553, 42.315675850068956 ], [ 2.167745799475134, 42.31562381967079 ], [ 2.167857470129634, 42.315418660183511 ], [ 2.167878430544072, 42.315356939622532 ], [ 2.167955359881071, 42.315006980315026 ], [ 2.168029759603713, 42.314628269578002 ], [ 2.16804911052581, 42.314578249707857 ], [ 2.168075229772359, 42.314529449730252 ], [ 2.168090550431592, 42.314508659569526 ], [ 2.168125319662948, 42.314476309801663 ], [ 2.168184640559297, 42.314431619675659 ], [ 2.168212370143976, 42.314408140237944 ], [ 2.168235399788186, 42.31438218965539 ], [ 2.168273259478748, 42.314326990413832 ], [ 2.168322550561987, 42.314242150398975 ], [ 2.168343150417092, 42.314198440188903 ], [ 2.168360730024582, 42.31415362013518 ], [ 2.168376059774886, 42.314104199665323 ], [ 2.168392580578459, 42.314029750021554 ], [ 2.168403630404536, 42.313955079675019 ], [ 2.168403229869497, 42.313911399972 ], [ 2.168392990246728, 42.313846560269035 ], [ 2.168392819894466, 42.313845490011559 ], [ 2.168390339449226, 42.313812599820707 ], [ 2.168393799532088, 42.31377993013264 ], [ 2.168410599514698, 42.313729889891725 ], [ 2.168428550430904, 42.31369372015731 ], [ 2.168462129708286, 42.313640919645145 ], [ 2.168624399973355, 42.313426040346059 ], [ 2.168667520329019, 42.313376730357909 ], [ 2.168702450318264, 42.313341499626141 ], [ 2.168760370590149, 42.313292479719514 ], [ 2.168792449693809, 42.313270099787715 ], [ 2.168826949635723, 42.31324919007583 ], [ 2.169266389876403, 42.313013709735365 ], [ 2.169582539617577, 42.312834349711373 ], [ 2.169991809864656, 42.312586489855363 ], [ 2.170090290441449, 42.312534519762316 ], [ 2.170294960258941, 42.31242648959774 ], [ 2.170748350557161, 42.312190839686409 ], [ 2.170897399752068, 42.312113920280552 ], [ 2.170943869991086, 42.312086250049809 ], [ 2.171005649753887, 42.312038330423825 ], [ 2.171094389703383, 42.311952249636832 ], [ 2.171116080520989, 42.311927190292657 ], [ 2.171141219450858, 42.311888010008964 ], [ 2.17114888993987, 42.311867529776087 ], [ 2.171152329411973, 42.311846300273992 ], [ 2.171159359694701, 42.311717029994185 ], [ 2.171143339613267, 42.311662990253168 ], [ 2.171141700065847, 42.311657460372665 ], [ 2.171124040481269, 42.311597889847569 ], [ 2.17110928000615, 42.311557440384689 ], [ 2.171079599558005, 42.31149840978015 ], [ 2.171045529805752, 42.311440619996382 ], [ 2.170975580406011, 42.311324740017646 ], [ 2.170905389727454, 42.311209050079434 ], [ 2.17084385992732, 42.31110809994378 ], [ 2.170782330451843, 42.31100713986929 ], [ 2.170723649890426, 42.310920529949811 ], [ 2.170693999696325, 42.31087736007985 ], [ 2.170667160411609, 42.310833029833823 ], [ 2.170645300199267, 42.31078828979205 ], [ 2.170618539930572, 42.310719740033349 ], [ 2.170594819837297, 42.310650589937012 ], [ 2.170544030239039, 42.310498199790644 ], [ 2.170493500541375, 42.310345809697075 ], [ 2.170454489560077, 42.310239070114704 ], [ 2.170448749905413, 42.310225610420488 ], [ 2.170409410210617, 42.310133379953633 ], [ 2.170393289610276, 42.310104350176843 ], [ 2.170362649491487, 42.310063059829751 ], [ 2.170328339760306, 42.310023280262435 ], [ 2.170293859603543, 42.309988350131036 ], [ 2.170280059684849, 42.309976270378108 ], [ 2.170259070297306, 42.309957929802692 ], [ 2.170242829825332, 42.309943670023308 ], [ 2.170242520319527, 42.309943400302814 ], [ 2.170237239900643, 42.309938769887829 ], [ 2.170225380133309, 42.309927339997493 ], [ 2.170215070170745, 42.309917270433097 ], [ 2.170207529795786, 42.309909920034791 ], [ 2.170183560372827, 42.309886780150109 ], [ 2.170156820287996, 42.309853799969716 ], [ 2.170123760142567, 42.309802229605182 ], [ 2.170099000094276, 42.309747469905368 ], [ 2.17008876946343, 42.309713170020153 ], [ 2.170082050068157, 42.309661339976614 ], [ 2.170086250053503, 42.309610130228116 ], [ 2.170097870219144, 42.309565809804319 ], [ 2.170121059750654, 42.309499690113029 ], [ 2.170140500010618, 42.309432920061155 ], [ 2.170151839538212, 42.30937338000934 ], [ 2.170155150154725, 42.309343500147108 ], [ 2.170155170477415, 42.309313780197272 ], [ 2.170145670202402, 42.309261569785221 ], [ 2.170134710346043, 42.309209169587632 ], [ 2.170126639390376, 42.309137380370345 ], [ 2.170124280520165, 42.309116329574934 ], [ 2.170120639964422, 42.309023539596147 ], [ 2.170123319952176, 42.308976639962253 ], [ 2.170133100461979, 42.30890636957556 ], [ 2.170149189763228, 42.308836420430261 ], [ 2.170179700575824, 42.308730280200038 ], [ 2.170215050124035, 42.308625430423795 ], [ 2.170266939878082, 42.3084901795769 ], [ 2.170319069765285, 42.308354919633253 ], [ 2.170329389457661, 42.308326719676302 ], [ 2.170339710483944, 42.308298509821228 ], [ 2.170346380524092, 42.308280190156871 ], [ 2.170357779609326, 42.308249160187145 ], [ 2.170357829982887, 42.308249020056572 ], [ 2.170366140143378, 42.30822638032727 ], [ 2.170368920282184, 42.308217850058227 ], [ 2.170374739929297, 42.308199609797207 ], [ 2.170408370185197, 42.308096190287735 ], [ 2.170422639773536, 42.308035050296226 ], [ 2.170433079421282, 42.307942819682303 ], [ 2.170435239410101, 42.307855940027729 ], [ 2.170435379673305, 42.307850340153635 ], [ 2.170434549971388, 42.307719480131453 ], [ 2.170427660449771, 42.307588750084278 ], [ 2.170422670316133, 42.307534490099727 ], [ 2.170420100241727, 42.307508360141448 ], [ 2.17041893951255, 42.307494929963873 ], [ 2.17041650969493, 42.307468929807186 ], [ 2.170415959872685, 42.307463030441021 ], [ 2.170412880317911, 42.307429500092248 ], [ 2.170409160413703, 42.307389849973312 ], [ 2.170396609933777, 42.3072549397613 ], [ 2.170388179457145, 42.307158410000035 ], [ 2.170386480243677, 42.307139049916067 ], [ 2.170376360423008, 42.307023150232389 ], [ 2.170366619847283, 42.306970400416063 ], [ 2.170326620184881, 42.306893289931651 ] ] } },
{ "type": "Feature", "properties": { "id": 2, "from": 8, "to": 7, "flow_need": 6, "massa_length": 7638.378822 }, "geometry": { "type": "LineString", "coordinates": [ [ 2.241633469976072, 42.306500659883135 ], [ 2.241588789614896, 42.306483620225109 ], [ 2.241520129424899, 42.306462450245078 ], [ 2.241468830111176, 42.306450400273981 ], [ 2.241428869504097, 42.30644428016025 ], [ 2.241398690153305, 42.30644182988636 ], [ 2.241354509490476, 42.306442800257685 ], [ 2.241313049863179, 42.306450270311892 ], [ 2.241191060580062, 42.306484949909297 ], [ 2.241129930380948, 42.306462659630164 ], [ 2.241065600047385, 42.306444670170507 ], [ 2.241004479489074, 42.306432290210864 ], [ 2.240957229605971, 42.306426660250736 ], [ 2.24092169982519, 42.306424900327279 ], [ 2.240869020149232, 42.306427069702394 ], [ 2.240818190418857, 42.30643583026373 ], [ 2.240749399646055, 42.306455640357086 ], [ 2.240649829828295, 42.306492710339832 ], [ 2.240553939780696, 42.306536750117615 ], [ 2.24047185004934, 42.306582679742895 ], [ 2.240297390128509, 42.306692480222502 ], [ 2.240233299441857, 42.306725189971786 ], [ 2.240164160533383, 42.306753829696383 ], [ 2.240110800254658, 42.306772109743342 ], [ 2.240028519920301, 42.306793989674574 ], [ 2.239943530231582, 42.306809009647942 ], [ 2.239889020077819, 42.306811620347233 ], [ 2.23980632010934, 42.30680755974489 ], [ 2.239765309778357, 42.306807199604449 ], [ 2.239725100287723, 42.306811170392834 ], [ 2.239226339910231, 42.306899720281301 ], [ 2.239175330253677, 42.306908460006191 ], [ 2.238667789539023, 42.306995439780643 ], [ 2.238589669626017, 42.307004470267252 ], [ 2.238530070087547, 42.307006319733532 ], [ 2.23844033047805, 42.307002849931742 ], [ 2.238351869724688, 42.306993340051996 ], [ 2.238124250228592, 42.306953280017922 ], [ 2.237669890451496, 42.306900820395569 ], [ 2.237523270056006, 42.306885170113851 ], [ 2.237335849922313, 42.30685222044756 ], [ 2.237276609916931, 42.306844799865672 ], [ 2.237185909474032, 42.3068401401895 ], [ 2.237140519892425, 42.306840919871689 ], [ 2.23709570991688, 42.306844140444831 ], [ 2.237052070168332, 42.306851229704868 ], [ 2.237020780515341, 42.306859940266342 ], [ 2.236976999905093, 42.306878289797638 ], [ 2.236937759917, 42.306902529801619 ], [ 2.236893299462144, 42.306937080366872 ], [ 2.236832110596607, 42.306990350453049 ], [ 2.236588839651536, 42.307241449722511 ], [ 2.236531479671855, 42.30730906034232 ], [ 2.236290220549952, 42.307655000352511 ], [ 2.236255910178433, 42.307693139652251 ], [ 2.236215779873754, 42.307730239598243 ], [ 2.236196560317823, 42.307744530356672 ], [ 2.236159069665949, 42.307764810048653 ], [ 2.23612835032319, 42.307776579935194 ], [ 2.236079660323444, 42.307789860201204 ], [ 2.236029069453011, 42.307798890409309 ], [ 2.235971379487002, 42.307803999768808 ], [ 2.235840679725521, 42.307805919853337 ], [ 2.235713619684278, 42.307817589741937 ], [ 2.235673970149962, 42.3078261496496 ], [ 2.235656049415371, 42.307833060364842 ], [ 2.235639800371753, 42.307842400359796 ], [ 2.235633790081938, 42.307847370393326 ], [ 2.235464050007438, 42.307987669799942 ], [ 2.235435429940621, 42.3080061198159 ], [ 2.235388549628678, 42.308029949897794 ], [ 2.235336410029638, 42.308047519869298 ], [ 2.235314289746411, 42.308050529900989 ], [ 2.235246590186381, 42.308050170282755 ], [ 2.235202229737642, 42.308056169694176 ], [ 2.235158550301663, 42.308066149826331 ], [ 2.235134920258473, 42.308074100409549 ], [ 2.235103179670291, 42.308089919558356 ], [ 2.235090680292763, 42.308100010378787 ], [ 2.235081320461999, 42.308111750444489 ], [ 2.234907090446095, 42.308431380151909 ], [ 2.234847009830169, 42.308543560082676 ], [ 2.234821200191419, 42.308580580371022 ], [ 2.234796630193874, 42.308605810027906 ], [ 2.234752889672932, 42.308640730201738 ], [ 2.234702260064199, 42.308673720304398 ], [ 2.234669419418523, 42.308690069653622 ], [ 2.234651890333155, 42.308695269863271 ], [ 2.234633530175851, 42.308697759990032 ], [ 2.234600289515699, 42.308697449859274 ], [ 2.234536069884381, 42.308690619647152 ], [ 2.234505549825666, 42.308685379696186 ], [ 2.234475939475323, 42.308676259676176 ], [ 2.234434549839788, 42.308657339818232 ], [ 2.234391070397031, 42.30864066022037 ], [ 2.234349220346068, 42.308630200293912 ], [ 2.234317019718562, 42.308623870140273 ], [ 2.23426865982354, 42.308619039661281 ], [ 2.234244750307903, 42.308619689646527 ], [ 2.234221420557083, 42.308622959771888 ], [ 2.233879529726228, 42.308700199971298 ], [ 2.233842709488577, 42.308704810056533 ], [ 2.233805970265077, 42.308703039846364 ], [ 2.233641280295339, 42.308676360172264 ], [ 2.233380809667032, 42.308733429861725 ], [ 2.233360350357799, 42.308739419932515 ], [ 2.233327870294261, 42.30875621981145 ], [ 2.233304579592465, 42.308776060341998 ], [ 2.233287099720442, 42.308796390025925 ], [ 2.233206399469197, 42.308917700296817 ], [ 2.233189440426482, 42.308935599998811 ], [ 2.233169950217775, 42.308951409566468 ], [ 2.233085539979237, 42.309008479618583 ], [ 2.233026429468754, 42.309040239661812 ], [ 2.232994109585449, 42.309053619998224 ], [ 2.232959389456697, 42.309064920070973 ], [ 2.232921549931461, 42.309074209817801 ], [ 2.232854919488647, 42.309084839781555 ], [ 2.232804890536403, 42.309088739743771 ], [ 2.232729890347183, 42.309089679807848 ], [ 2.232556879419199, 42.309078619824277 ], [ 2.232483199863465, 42.309070829943401 ], [ 2.232372989881025, 42.309054059556338 ], [ 2.232263850396674, 42.309029279897921 ], [ 2.232200749401263, 42.309009769870158 ], [ 2.232097259883634, 42.308969179843537 ], [ 2.231871450314482, 42.308869319898413 ], [ 2.231790020173517, 42.308840579890756 ], [ 2.231638120274125, 42.308799759685435 ], [ 2.231539949977942, 42.308781179690563 ], [ 2.231441929960059, 42.308769800098204 ], [ 2.231380540523008, 42.308769120244669 ], [ 2.231334489893649, 42.308773950444809 ], [ 2.231300069837129, 42.308780920091039 ], [ 2.231248919964277, 42.308796880039331 ], [ 2.23119865057765, 42.308820049850212 ], [ 2.231154290423196, 42.308845690007139 ], [ 2.231087119757317, 42.30889153008691 ], [ 2.231043009816721, 42.308926810209975 ], [ 2.230980309744829, 42.308983849574666 ], [ 2.230921299604827, 42.30903757959311 ], [ 2.230624549788895, 42.309303250309107 ], [ 2.23041301054386, 42.309507169924679 ], [ 2.230119729534032, 42.309840800116007 ], [ 2.230096539730496, 42.309867179997056 ], [ 2.229847659390853, 42.310157660337509 ], [ 2.22965619035381, 42.310376579685979 ], [ 2.229458910049272, 42.310593829550506 ], [ 2.229443080064728, 42.310608669700798 ], [ 2.229410160176751, 42.310631420339689 ], [ 2.229381960269255, 42.310645819810965 ], [ 2.229335760592634, 42.31066333959955 ], [ 2.22928706052565, 42.310676250353261 ], [ 2.229265049515794, 42.310680249719645 ], [ 2.229248150164007, 42.310683380128339 ], [ 2.229189580488, 42.31068992023085 ], [ 2.229130570424187, 42.31069356998713 ], [ 2.228946629849836, 42.310692699832998 ], [ 2.228903150471654, 42.31069609996257 ], [ 2.228871059433035, 42.310700830310154 ], [ 2.228825150138043, 42.310714029817873 ], [ 2.228803669839264, 42.310724249575685 ], [ 2.228783490298941, 42.310737350123176 ], [ 2.228757009467089, 42.310759509850527 ], [ 2.228719999565572, 42.310799700112362 ], [ 2.228698499912313, 42.310830979584246 ], [ 2.228672549563299, 42.310879349709928 ], [ 2.228503849709057, 42.311260700258451 ], [ 2.228379099497015, 42.311541330277578 ], [ 2.228328299950434, 42.311655609947174 ], [ 2.228174369409106, 42.311988970383851 ], [ 2.228148860165247, 42.312030859859235 ], [ 2.228096550266612, 42.312101749577515 ], [ 2.228051030177304, 42.31215240955239 ], [ 2.228013579709596, 42.312188730291105 ], [ 2.22795228032536, 42.31224028006735 ], [ 2.227885080478412, 42.312287920159648 ], [ 2.227479719644353, 42.312532860332574 ], [ 2.227388910322679, 42.312586099569288 ], [ 2.227298099491801, 42.312639350431077 ], [ 2.226980580255531, 42.312636479961199 ], [ 2.226961620004942, 42.312634939985564 ], [ 2.226657039443634, 42.312610170162088 ], [ 2.226626829973377, 42.312609689932451 ], [ 2.226592870068774, 42.312609189802821 ], [ 2.226578060076727, 42.3126089097902 ], [ 2.226566539646398, 42.312608730316789 ], [ 2.226558780218032, 42.312608599626273 ], [ 2.226506240464593, 42.312607800329822 ], [ 2.226141680179938, 42.312602010151402 ], [ 2.225788059732341, 42.31260457018108 ], [ 2.225472220417327, 42.312607019573051 ], [ 2.225434440571227, 42.312607320058 ], [ 2.224832479435976, 42.312605320116745 ], [ 2.224721570272887, 42.312595749734555 ], [ 2.224611109791038, 42.312579779845166 ], [ 2.224570189737945, 42.312571669632312 ], [ 2.224501749831548, 42.312552649732673 ], [ 2.224452579725622, 42.312534759800201 ], [ 2.224381380023602, 42.312502839743182 ], [ 2.22431205952006, 42.312465719625344 ], [ 2.224257139577801, 42.312432480349095 ], [ 2.224219119841025, 42.312406280172851 ], [ 2.224168919415921, 42.312363520016987 ], [ 2.224147490206301, 42.312340230259501 ], [ 2.224128990434648, 42.312315340122439 ], [ 2.224024540169159, 42.312135140028374 ], [ 2.223839309789758, 42.311716099850116 ], [ 2.223793540261004, 42.311638779798152 ], [ 2.223675260509032, 42.311468849970829 ], [ 2.223520040385244, 42.311154929850225 ], [ 2.223391319491997, 42.310788319574549 ], [ 2.223321760264211, 42.31056385956456 ], [ 2.223227340061308, 42.310328890293874 ], [ 2.223175570508746, 42.310246669643227 ], [ 2.223096279860776, 42.310191740121262 ], [ 2.223070439781635, 42.310181289987447 ], [ 2.223043099817718, 42.3101747995739 ], [ 2.223001899727677, 42.31017056042657 ], [ 2.22290967979661, 42.310170659595805 ], [ 2.222858929795638, 42.310173380436481 ], [ 2.222829270226565, 42.310176429723221 ], [ 2.222803160541655, 42.31017912030336 ], [ 2.222749999962696, 42.310190289590622 ], [ 2.22231654970176, 42.310341259588469 ], [ 2.222142060136152, 42.310410149824257 ], [ 2.222052869601783, 42.310440699562434 ], [ 2.221961319743344, 42.310465570187588 ], [ 2.221551449737562, 42.310543120146406 ], [ 2.221191299697082, 42.310603720031466 ], [ 2.220698640351195, 42.310674849752012 ], [ 2.22055413012649, 42.310703769600451 ], [ 2.220413039764416, 42.310741089989534 ], [ 2.219857890561605, 42.310910950172861 ], [ 2.219275890589216, 42.31109252010134 ], [ 2.218828610164799, 42.311143599648638 ], [ 2.21863101041782, 42.311157650166081 ], [ 2.218556490225208, 42.311159300210008 ], [ 2.218444310248605, 42.311154850374443 ], [ 2.218227000308365, 42.311134269798551 ], [ 2.218148879397213, 42.311122929851223 ], [ 2.218091129801507, 42.311111909784422 ], [ 2.218005979991698, 42.311090260263043 ], [ 2.21792310056397, 42.311060960173123 ], [ 2.217906540151357, 42.311053419895821 ], [ 2.217835510547585, 42.311021099764048 ], [ 2.217773900296722, 42.310988799714096 ], [ 2.217601589453337, 42.310881529612118 ], [ 2.217240210389999, 42.310629770015723 ], [ 2.216920890096551, 42.310421350155757 ], [ 2.216845430139357, 42.310381029657272 ], [ 2.216805769972288, 42.310359870038312 ], [ 2.2167460400705, 42.310332979631639 ], [ 2.21663734006311, 42.310292159957932 ], [ 2.216302730553054, 42.310181710332493 ], [ 2.215988939527558, 42.310055460376759 ], [ 2.215887470531212, 42.310009200213983 ], [ 2.215850750497291, 42.309989540070887 ], [ 2.215840099924633, 42.309983840227233 ], [ 2.2157646603856, 42.309932980219088 ], [ 2.215604830373285, 42.309808319730827 ], [ 2.215546809946248, 42.309770189973293 ], [ 2.215432820166756, 42.30970699964432 ], [ 2.215355120165245, 42.3096714297644 ], [ 2.215270800208311, 42.309641129928309 ], [ 2.215187359469393, 42.309618590299003 ], [ 2.215124299770979, 42.309605999556297 ], [ 2.215076700497086, 42.309599190252229 ], [ 2.215004939392725, 42.309593470074553 ], [ 2.214932619946305, 42.309593429778474 ], [ 2.214903360304238, 42.30959484964913 ], [ 2.214535379479886, 42.309612319562945 ], [ 2.214307129901881, 42.309625340336495 ], [ 2.214118170068807, 42.309636119934424 ], [ 2.21407193022594, 42.309636790089179 ], [ 2.214002820181888, 42.309632450077196 ], [ 2.213933890212684, 42.30962378022506 ], [ 2.21389563992558, 42.309616489649706 ], [ 2.213868070603535, 42.309608830087839 ], [ 2.21382919985943, 42.309592800221431 ], [ 2.213793319450063, 42.309570580238791 ], [ 2.213758029421, 42.309539630178186 ], [ 2.213753719760205, 42.309534740036781 ], [ 2.213737700381216, 42.309516070427478 ], [ 2.213732120128753, 42.309507979811563 ], [ 2.213730899677952, 42.309506209850149 ], [ 2.213724230008379, 42.309496350170896 ], [ 2.213713269852998, 42.309480060436847 ], [ 2.21368918023511, 42.309436939761525 ], [ 2.213663240591504, 42.309376149937094 ], [ 2.213627159522668, 42.309262839937695 ], [ 2.213618870184933, 42.309236789687219 ], [ 2.213598569392563, 42.309190990442723 ], [ 2.213582550009074, 42.30916160985673 ], [ 2.213568860172643, 42.309140620016962 ], [ 2.213542409655758, 42.309111529930327 ], [ 2.213525220385332, 42.309098349589675 ], [ 2.213504740530396, 42.309086240017379 ], [ 2.213475759980477, 42.309075589662541 ], [ 2.213453960564728, 42.309072109680876 ], [ 2.21342023012018, 42.309072150293822 ], [ 2.213387410417216, 42.309076420104489 ], [ 2.213265169619028, 42.309100530182278 ], [ 2.213204440063002, 42.309115250056969 ], [ 2.213144529925126, 42.309132760208165 ], [ 2.212840290213047, 42.309243789627288 ], [ 2.212747749932072, 42.309269899747896 ], [ 2.212606589744871, 42.309302879925774 ], [ 2.212392460373722, 42.309339869916158 ], [ 2.212340329977946, 42.309346079992743 ], [ 2.212262249917841, 42.309350409630156 ], [ 2.212223319775835, 42.309349600019097 ], [ 2.212184770383456, 42.309346280309093 ], [ 2.211632929900535, 42.309268989773265 ], [ 2.211388020135563, 42.30923489006652 ], [ 2.21114733984069, 42.309211619947433 ], [ 2.211108839405371, 42.309204779728553 ], [ 2.211053469472306, 42.30918872997426 ], [ 2.211027639850101, 42.309177829596756 ], [ 2.211003769909832, 42.309164880300671 ], [ 2.210986589592252, 42.309153550395209 ], [ 2.210607119930076, 42.308903489839444 ], [ 2.210575900090443, 42.308886529874464 ], [ 2.210523970427932, 42.308867080329875 ], [ 2.210467990249681, 42.308851740274783 ], [ 2.210448619863055, 42.30884818998797 ], [ 2.210429220175524, 42.308846790152614 ], [ 2.210376080285118, 42.308846609763336 ], [ 2.210349949642541, 42.30885029974268 ], [ 2.210325689824326, 42.308859049617624 ], [ 2.209865239428292, 42.309120300444995 ], [ 2.209805059992747, 42.309148789931569 ], [ 2.209756439942102, 42.309165750187546 ], [ 2.209679510369155, 42.309185390058246 ], [ 2.209600220552954, 42.309199519888217 ], [ 2.209546989661761, 42.30920591023709 ], [ 2.209466630290185, 42.309209319847547 ], [ 2.209426730317959, 42.309207870372866 ], [ 2.209387099846199, 42.309204180223929 ], [ 2.209278100112367, 42.309187939958491 ], [ 2.209104290461502, 42.309153959990333 ], [ 2.209037560083754, 42.30914394965054 ], [ 2.208937459441672, 42.309133800028079 ], [ 2.208837170435979, 42.309129780370483 ], [ 2.208735830172743, 42.309131420008264 ], [ 2.208696239874971, 42.309134119724682 ], [ 2.20858366945427, 42.309141810380638 ], [ 2.208431530107548, 42.309159400173584 ], [ 2.208044399724652, 42.309233009681186 ], [ 2.207953869513528, 42.309243999567236 ], [ 2.207463779993117, 42.309274569942509 ], [ 2.207252739864454, 42.309287249812975 ], [ 2.207156940263133, 42.309302169826125 ], [ 2.207062249581864, 42.309325020091642 ], [ 2.206990969614223, 42.309349200272258 ], [ 2.206941180232013, 42.309371280218436 ], [ 2.20687189974983, 42.309410249557139 ], [ 2.206809199814859, 42.309455839724812 ], [ 2.206669920272869, 42.309580240186904 ], [ 2.20640636956363, 42.309880660238193 ], [ 2.206172169574161, 42.310210099663998 ], [ 2.206062850061165, 42.310357390426056 ], [ 2.206030970117844, 42.310400329606239 ], [ 2.20598799997591, 42.310440460435657 ], [ 2.205572040563304, 42.31072136958128 ], [ 2.205507939579977, 42.310772440333551 ], [ 2.205383299511734, 42.310957369723219 ], [ 2.205258669615753, 42.311142299941544 ], [ 2.205241259842711, 42.311175770208372 ], [ 2.205232970078092, 42.311207779852467 ], [ 2.205231620230653, 42.311238300256463 ], [ 2.205235249616226, 42.311267319632364 ], [ 2.2052424299745, 42.311294749727537 ], [ 2.205263740601948, 42.311347040012862 ], [ 2.205288639529164, 42.311393330085671 ], [ 2.205388370053772, 42.311557480036569 ], [ 2.20540849021751, 42.311598509829615 ], [ 2.205420479511747, 42.311629210025806 ], [ 2.205431909552837, 42.311674950124583 ], [ 2.205433529814558, 42.311720260202598 ], [ 2.205418709736659, 42.311846790391364 ], [ 2.20540065005769, 42.311941949716378 ], [ 2.205381549885689, 42.312013230275618 ], [ 2.205363280554214, 42.312066689927462 ], [ 2.205328790019338, 42.31214669969944 ], [ 2.205284220340134, 42.312226360416901 ], [ 2.205236300436512, 42.31229357038783 ], [ 2.205196519929873, 42.312339859763938 ], [ 2.205131759601019, 42.312404889665395 ], [ 2.205062039918461, 42.312467990266654 ], [ 2.205028219490669, 42.312494320170735 ], [ 2.204962189473171, 42.312534389792617 ], [ 2.204856140445076, 42.312591650094397 ], [ 2.20480734059294, 42.312622479973527 ], [ 2.204764920407676, 42.312657489673228 ], [ 2.204743620038048, 42.312681199989107 ], [ 2.204726950453195, 42.31270459027948 ], [ 2.204702940052664, 42.312751079813658 ], [ 2.204687850331597, 42.312793839650155 ], [ 2.204662700561728, 42.312906239560746 ], [ 2.204652619947101, 42.31295130006729 ], [ 2.204641930080725, 42.312990489778549 ], [ 2.204619610558887, 42.313047520042709 ], [ 2.204604709647639, 42.313074889765161 ], [ 2.20458642032364, 42.313101239907468 ], [ 2.20453056037352, 42.313171370105835 ], [ 2.20448491012561, 42.313221939629408 ], [ 2.204447089488937, 42.313257429620101 ], [ 2.204415960425532, 42.313282069555974 ], [ 2.204385990061688, 42.313301130143913 ], [ 2.204364209742931, 42.313314940262543 ], [ 2.20430501976701, 42.313341909867127 ], [ 2.204244229986013, 42.313361209559012 ], [ 2.204189829854679, 42.313373980018156 ], [ 2.204093160276007, 42.31338979022081 ], [ 2.203947689742089, 42.313407160046282 ], [ 2.203876459776855, 42.313417380072096 ], [ 2.203807119742784, 42.313431400237555 ], [ 2.203734769728522, 42.3134526898898 ], [ 2.203671739691549, 42.313476030063953 ], [ 2.203451689835422, 42.31356663037954 ], [ 2.20339649020132, 42.313585519949633 ], [ 2.203354959785514, 42.313597299587741 ], [ 2.203292429913211, 42.313609920375988 ], [ 2.203229510023088, 42.313614979608332 ], [ 2.203179800052829, 42.313612019717382 ], [ 2.203136329747909, 42.313604429906427 ], [ 2.203060150301576, 42.313583450353164 ], [ 2.202944749918644, 42.31354528018916 ], [ 2.202886230550302, 42.313528659739653 ], [ 2.202826669491571, 42.313516989871189 ], [ 2.202587200156747, 42.313464619626032 ], [ 2.202334340119598, 42.313424040168208 ], [ 2.202258389837701, 42.313413969853258 ], [ 2.202189819893868, 42.313404939706544 ], [ 2.202176499839934, 42.313403129568542 ], [ 2.20216330010716, 42.313401400420368 ], [ 2.202161229761645, 42.313401130242248 ], [ 2.202145850359802, 42.313399140059943 ], [ 2.202136760421165, 42.313397899715795 ], [ 2.202082369664502, 42.313390680221595 ], [ 2.202008830446766, 42.313390799798711 ], [ 2.201897559436353, 42.313390829632461 ], [ 2.201727750498092, 42.313395330452273 ], [ 2.201490919744638, 42.31340195987503 ], [ 2.201357550038917, 42.313402919626959 ], [ 2.20124303943013, 42.31340023974527 ], [ 2.201048580171395, 42.31340536038141 ], [ 2.200853900436202, 42.313399419672322 ], [ 2.200785319748642, 42.313391639556933 ], [ 2.200734979851775, 42.313380659696058 ], [ 2.200698229925905, 42.313369239582663 ], [ 2.200645490244745, 42.313346629601092 ], [ 2.200596360492382, 42.313316929950567 ], [ 2.20056680031745, 42.313294379757657 ], [ 2.200522290506824, 42.313253820318579 ], [ 2.20046788000387, 42.313190570330597 ], [ 2.200268409749409, 42.312911529655992 ], [ 2.200118339773575, 42.312698300312221 ], [ 2.2000063500538, 42.312534139553023 ], [ 2.199976930133457, 42.312490979744055 ], [ 2.199809870389886, 42.312249709860737 ], [ 2.19975937041847, 42.312193789856799 ], [ 2.199717040505096, 42.312154049556369 ], [ 2.199647630562, 42.312097009557142 ], [ 2.199572370567438, 42.312041719991612 ], [ 2.199495690075652, 42.311992920156442 ], [ 2.199435419959509, 42.311961150084009 ], [ 2.199388249514837, 42.311939840156597 ], [ 2.199313990346879, 42.311911310005364 ], [ 2.199234580199779, 42.311886620057088 ], [ 2.199111099995473, 42.311854600207901 ], [ 2.199018269452774, 42.311835580274256 ], [ 2.198948630515066, 42.311825189808758 ], [ 2.198896400373206, 42.31181995983404 ], [ 2.198817929910915, 42.311817160065779 ], [ 2.198739370274597, 42.311821199747719 ], [ 2.198212639538068, 42.311877769572938 ], [ 2.197642959751925, 42.311934310244823 ], [ 2.19741914965926, 42.311947959766115 ], [ 2.197285070128197, 42.31194801010853 ], [ 2.197245179951833, 42.311945390172795 ], [ 2.197176279870269, 42.311934639957634 ], [ 2.197049320316327, 42.311907699983507 ], [ 2.197022230128841, 42.311901949922536 ], [ 2.196970260581635, 42.31189465039494 ], [ 2.196848590366763, 42.311883080111471 ], [ 2.1967875700757, 42.311881219829871 ], [ 2.196727220285335, 42.31188502994511 ], [ 2.196286619824126, 42.31195255035189 ], [ 2.196243619779382, 42.311956029710807 ], [ 2.196178260253117, 42.311953410096358 ], [ 2.196112950450398, 42.311945930205674 ], [ 2.196052419728845, 42.311934869640041 ], [ 2.195994400345209, 42.311917360277334 ], [ 2.195965559654444, 42.311904909769403 ], [ 2.195920030587013, 42.311878290027487 ], [ 2.195856159523554, 42.311834340004822 ], [ 2.195822440488678, 42.311814019950049 ], [ 2.195785280595746, 42.311797009808252 ], [ 2.195730690021844, 42.311777440350049 ], [ 2.195646660322208, 42.311753170324835 ], [ 2.195603459629509, 42.311744399751767 ], [ 2.195559359531345, 42.311738510205728 ], [ 2.19527366986379, 42.311724250131242 ], [ 2.194872219937501, 42.311680820024463 ], [ 2.194803590238839, 42.311677089630251 ], [ 2.194735049827567, 42.311676159815867 ], [ 2.194653449712735, 42.311680359970879 ], [ 2.194592449485284, 42.311687320128911 ], [ 2.194501609795176, 42.311702710190744 ], [ 2.194096660070953, 42.311801359900549 ], [ 2.193774269442212, 42.311886009617268 ], [ 2.193656899501472, 42.311916790307521 ], [ 2.193217450535021, 42.312046269816378 ], [ 2.192743320448141, 42.312221710133606 ], [ 2.192492339454525, 42.312300899603933 ], [ 2.192464350103699, 42.312307510198337 ], [ 2.192224700248989, 42.312364040302562 ], [ 2.192060770586229, 42.312392970225595 ], [ 2.191558640245722, 42.312451390344073 ], [ 2.191146189691526, 42.312518279790439 ], [ 2.191070039580558, 42.312533230380893 ], [ 2.190902530004013, 42.312566089765802 ], [ 2.19082880964276, 42.31258051967658 ], [ 2.190777059584173, 42.312594839810394 ], [ 2.190739279887338, 42.312607810337809 ], [ 2.190684489488123, 42.312631559962654 ], [ 2.19063229006743, 42.312661720371487 ], [ 2.19060448015771, 42.312682329941914 ], [ 2.190565029766709, 42.312721319818799 ], [ 2.190541330295162, 42.312752580170546 ], [ 2.190512060068221, 42.312801729612218 ], [ 2.190486179572367, 42.312852340348179 ], [ 2.190469839898987, 42.312896440387462 ], [ 2.190445360113127, 42.312997949906283 ], [ 2.190430500293198, 42.313030629858901 ], [ 2.190394940606965, 42.31308801956402 ], [ 2.190363829652129, 42.313129760168358 ], [ 2.190337000399564, 42.313158850424564 ], [ 2.190314540472486, 42.313178679945636 ], [ 2.190276590437215, 42.313204619684242 ], [ 2.190232899906398, 42.313224480289286 ], [ 2.189791210324518, 42.313375549903618 ], [ 2.189772189915201, 42.313382160167791 ], [ 2.189310490292675, 42.313542550128481 ], [ 2.189261090470809, 42.31356227993583 ], [ 2.189179509700316, 42.31360304014072 ], [ 2.188864820441133, 42.313804979807834 ], [ 2.188605399985039, 42.313983900181377 ], [ 2.188555169839607, 42.314011640124527 ], [ 2.188475459807833, 42.314048100047216 ], [ 2.188386450185708, 42.314081510375338 ], [ 2.188330970323923, 42.314102370237293 ], [ 2.188307530180561, 42.314108979592604 ], [ 2.188238409429668, 42.314128460382165 ], [ 2.18822552057437, 42.314130980001657 ], [ 2.188195349859519, 42.31413679958365 ], [ 2.18818136051187, 42.314139499634237 ], [ 2.188181190239591, 42.31413952995004 ], [ 2.188167370077031, 42.314142189768717 ], [ 2.188136719802182, 42.314147650199601 ], [ 2.188078890060287, 42.314153539595651 ], [ 2.188030570006508, 42.314154999563307 ], [ 2.187957800017347, 42.314152320084169 ], [ 2.187860039743383, 42.314141189673514 ], [ 2.187813609663626, 42.31413590026542 ], [ 2.187759480177871, 42.314127409573565 ], [ 2.187680470528242, 42.314109740119413 ], [ 2.18764276002084, 42.314097680395733 ], [ 2.187606670121981, 42.314082740287041 ], [ 2.187597270038281, 42.314078079684066 ], [ 2.187441349582647, 42.314001289547505 ], [ 2.18741953058624, 42.313990540170153 ], [ 2.187285450377967, 42.313924480436292 ], [ 2.187029149782216, 42.31379415033495 ], [ 2.186630159535582, 42.3135877796947 ], [ 2.186214860589969, 42.313347339873552 ], [ 2.186169749874864, 42.313317120407369 ], [ 2.186097319735645, 42.31325933030994 ], [ 2.18603248954382, 42.313201720200318 ], [ 2.185943040566352, 42.31312223961509 ], [ 2.185887290536207, 42.313079519706335 ], [ 2.185815589752686, 42.313031460281685 ], [ 2.185777400353301, 42.313009750122887 ], [ 2.185736520012199, 42.312990549752122 ], [ 2.18550555018224, 42.312909650402126 ], [ 2.185137080327696, 42.312802920347977 ], [ 2.185043120194509, 42.312768030364239 ], [ 2.184975449660905, 42.312736750380147 ], [ 2.18492871969478, 42.312709850266749 ], [ 2.184896850593705, 42.312687739838893 ], [ 2.184855700004948, 42.312651060018297 ], [ 2.1848387301844, 42.312630950369872 ], [ 2.184824560200141, 42.312609769985841 ], [ 2.184779930151806, 42.31253309007851 ], [ 2.184685430432561, 42.312371020091078 ], [ 2.184444300212836, 42.311959710226397 ], [ 2.184399410448858, 42.31190283991134 ], [ 2.184174710438455, 42.311684819729827 ], [ 2.184125370054487, 42.311643850313345 ], [ 2.184046409824209, 42.311585380219235 ], [ 2.183959029946905, 42.311529730299036 ], [ 2.183891649507011, 42.311495299604509 ], [ 2.183838650338433, 42.311474390305285 ], [ 2.183826229501254, 42.311470579680872 ], [ 2.183756219489234, 42.311449129579771 ], [ 2.183671060464929, 42.311428980142168 ], [ 2.183579049891792, 42.311412740035635 ], [ 2.183507799750136, 42.311405479954225 ], [ 2.183454190062815, 42.31140375000161 ], [ 2.183414369829033, 42.311404990265963 ], [ 2.183356049830882, 42.311411419563427 ], [ 2.183300310289956, 42.311424169671575 ], [ 2.18324239963488, 42.311445109736283 ], [ 2.183117660233857, 42.311501589960955 ], [ 2.182961819640989, 42.311560819557464 ], [ 2.182904330086484, 42.31157760974326 ], [ 2.182874899927296, 42.311582800077758 ], [ 2.182844900375951, 42.311585199863018 ], [ 2.182785359582809, 42.311582710445826 ], [ 2.1826059594997, 42.311558640043835 ], [ 2.182306280028476, 42.311537499673676 ], [ 2.18220634052415, 42.311534630003649 ], [ 2.182142730356202, 42.311536429650246 ], [ 2.182134769987496, 42.31153731040714 ], [ 2.182126809501982, 42.311538200168748 ], [ 2.182087109446955, 42.311539990200544 ], [ 2.182064290568837, 42.311541000026139 ], [ 2.182059430488003, 42.311541220230879 ], [ 2.182035759720136, 42.311542330245992 ], [ 2.181992049870092, 42.311544269962063 ], [ 2.181971289945593, 42.311545199893224 ], [ 2.181740269906664, 42.311544270268534 ], [ 2.181514460198422, 42.311497359856716 ], [ 2.181463230121321, 42.311489249834075 ], [ 2.181387269580166, 42.311471140298835 ], [ 2.181312989907115, 42.311454039688158 ], [ 2.181271329875691, 42.311447619902879 ], [ 2.181206470557739, 42.311443289573035 ], [ 2.181141080560845, 42.311442549747014 ], [ 2.181073089954485, 42.311445390144016 ], [ 2.181040760341545, 42.311449220095021 ], [ 2.181008770561555, 42.311455289576621 ], [ 2.18094651946521, 42.311474119774758 ], [ 2.180886870138734, 42.311498729719531 ], [ 2.180832799436863, 42.311523380386689 ], [ 2.180809689431138, 42.311536639766096 ], [ 2.180789360043655, 42.311551620256388 ], [ 2.180764980543999, 42.311578559812105 ], [ 2.180746020062649, 42.311608680303749 ], [ 2.180728700083876, 42.311644039646929 ], [ 2.180710019695016, 42.31168118958437 ], [ 2.180692699440739, 42.311706650327707 ], [ 2.180668119493298, 42.311730700177165 ], [ 2.180640390014431, 42.311747510036881 ], [ 2.180633630365675, 42.311751609939755 ], [ 2.180596320326758, 42.311765670217035 ], [ 2.180506670470155, 42.311791680368628 ], [ 2.180417660184127, 42.311816180197141 ], [ 2.180332179695418, 42.311838710339607 ], [ 2.180245150338861, 42.311859970294222 ], [ 2.180200869682639, 42.311868659812383 ], [ 2.180134019438072, 42.31187736986719 ], [ 2.180066730584302, 42.311882289686601 ], [ 2.180002899928195, 42.311883189562266 ], [ 2.179941119691306, 42.311883920342069 ], [ 2.179817750187572, 42.311891139859235 ], [ 2.179694929767949, 42.311902420414313 ], [ 2.179592439646862, 42.311917270410845 ], [ 2.179492409917042, 42.31193934008968 ], [ 2.179392179621947, 42.311968250170672 ], [ 2.179294300380174, 42.312001770095748 ], [ 2.179175530144445, 42.312047030231554 ], [ 2.179147959793752, 42.312058089580056 ], [ 2.179060660315729, 42.312099800425628 ], [ 2.178960099429092, 42.312153830241797 ], [ 2.17885816967095, 42.312200390424209 ], [ 2.178754140445346, 42.312240799631716 ], [ 2.178657150274276, 42.312266729643625 ], [ 2.178645889506436, 42.312269739873138 ], [ 2.178503249620211, 42.312303030355423 ], [ 2.178363039537979, 42.312335800406991 ], [ 2.178242370388313, 42.312367989840666 ], [ 2.178118659723942, 42.312400969695901 ], [ 2.178067799585266, 42.312411499805933 ], [ 2.178048169755994, 42.312414610295335 ], [ 2.178042270047772, 42.312415549668636 ], [ 2.178021959666028, 42.312418739932426 ], [ 2.177998989659984, 42.312421450015258 ], [ 2.177976389449448, 42.312423809705841 ], [ 2.177965460508211, 42.312425000315777 ], [ 2.177953790480254, 42.312426260362365 ], [ 2.177936180018907, 42.312427579588942 ], [ 2.177935620241783, 42.312427609798952 ], [ 2.177906669836051, 42.312429440323335 ], [ 2.177894650009961, 42.312429980070938 ], [ 2.177858960270518, 42.312431439847543 ], [ 2.177775939999651, 42.312432999734874 ], [ 2.177671019713909, 42.312429550029847 ], [ 2.177551279504119, 42.312418870119387 ], [ 2.177490590204667, 42.312410420293382 ], [ 2.177430790369328, 42.312399639736327 ], [ 2.177290069454673, 42.312369090218255 ], [ 2.17715257016099, 42.312333520237154 ], [ 2.176995900432031, 42.312288349804732 ], [ 2.176840329722665, 42.312242570130799 ], [ 2.17682818966131, 42.312238930079182 ], [ 2.176666879990764, 42.312190619688479 ], [ 2.176493319709541, 42.312137770282916 ], [ 2.176351609622715, 42.312090009982356 ], [ 2.176213069877374, 42.312041730116398 ], [ 2.176120830197069, 42.312015039823663 ], [ 2.176018780603958, 42.311987109974531 ], [ 2.175945130140515, 42.311977930363327 ], [ 2.175789520133609, 42.311972850190614 ], [ 2.175431960433712, 42.311960909616431 ], [ 2.175357830293279, 42.311950559890484 ], [ 2.175284250228487, 42.31193572003545 ], [ 2.175224499413315, 42.311920969697987 ], [ 2.175180879813755, 42.311907319730132 ], [ 2.175149849810431, 42.311895210288668 ], [ 2.175107180313132, 42.311873199571707 ], [ 2.175070900264891, 42.311845920313374 ], [ 2.17476537029588, 42.311548230363989 ], [ 2.174648629514044, 42.311437610443363 ], [ 2.174616920114385, 42.311412610056749 ], [ 2.174585380553979, 42.311393650366277 ], [ 2.17446261006733, 42.311336120066727 ], [ 2.174404650169891, 42.311304720032062 ], [ 2.174379040225307, 42.311286529768488 ], [ 2.174356750173822, 42.311265829991008 ], [ 2.174328070522857, 42.311231939815194 ], [ 2.174291390155251, 42.311178900014063 ], [ 2.174147620240547, 42.31089908029125 ], [ 2.174108219731686, 42.310822379855829 ], [ 2.173888070150773, 42.310472440309276 ], [ 2.173716779978275, 42.310136179619484 ], [ 2.17368615981436, 42.310092639679503 ], [ 2.173655809526535, 42.310056670393635 ], [ 2.173596039790796, 42.309997339826481 ], [ 2.173328230177164, 42.309795110388883 ], [ 2.173286829992335, 42.309768609598493 ], [ 2.173254549664355, 42.309750809585829 ], [ 2.173203030383475, 42.309728829813444 ], [ 2.173175589716734, 42.30972043010707 ], [ 2.173146680526895, 42.309714190272558 ], [ 2.173087669579213, 42.309707909879485 ], [ 2.17304301951233, 42.309707320402268 ], [ 2.172909319618832, 42.30971571974608 ], [ 2.172720750507771, 42.309741239934667 ], [ 2.172690040556642, 42.309745389927805 ], [ 2.172639519851221, 42.309748719716545 ], [ 2.172603859988824, 42.309748190431591 ], [ 2.172550080106746, 42.309740780317696 ], [ 2.172524820166522, 42.30973365974635 ], [ 2.172441949931928, 42.309705410304794 ], [ 2.17241276981429, 42.309691330330004 ], [ 2.172371729464939, 42.309665460431482 ], [ 2.172335709872746, 42.309627100187171 ], [ 2.17230224034455, 42.309588589924402 ], [ 2.172248190222568, 42.309519030293067 ], [ 2.172239039995197, 42.309507199584623 ], [ 2.172222419630573, 42.309485700047631 ], [ 2.172194779563705, 42.309455959636949 ], [ 2.172134150365272, 42.309406529699878 ], [ 2.172068569600621, 42.309355800424598 ], [ 2.172001899452072, 42.309295250209175 ], [ 2.171936159877008, 42.309237769645968 ], [ 2.171896730376252, 42.309209659686061 ], [ 2.171853270165802, 42.309183400173467 ], [ 2.171833160311, 42.309172090085561 ], [ 2.171816660525836, 42.309162790109426 ], [ 2.17178701967352, 42.30914677033757 ], [ 2.171757380061336, 42.309130749666352 ], [ 2.171744489403084, 42.309123810126962 ], [ 2.171676660204847, 42.309087200345338 ], [ 2.171586750456217, 42.309041160136303 ], [ 2.171496339855683, 42.308995480083887 ], [ 2.171395680388824, 42.308936930047302 ], [ 2.171372080486471, 42.308921689617833 ], [ 2.171298939592316, 42.308874450065154 ], [ 2.171252760370277, 42.308843410054301 ], [ 2.171187520009639, 42.308794300226303 ], [ 2.171156800369541, 42.308768049679642 ], [ 2.17112780044316, 42.308740290426755 ], [ 2.171096770514629, 42.308700979689412 ], [ 2.171079939723277, 42.308670410230441 ], [ 2.171073539492854, 42.30865883976967 ], [ 2.171070829435073, 42.308652879761141 ], [ 2.17105514968781, 42.308618090259252 ], [ 2.171054459967024, 42.308616559641358 ], [ 2.171043240008587, 42.308591700072022 ], [ 2.171041019850402, 42.308584930354243 ], [ 2.171039389904883, 42.308579969723866 ], [ 2.171035419673265, 42.308567870158001 ], [ 2.171020480123609, 42.308523000080243 ], [ 2.171007240190623, 42.308450319769115 ], [ 2.171003940219529, 42.308377710416408 ], [ 2.17100764965074, 42.308316939810659 ], [ 2.171013749916358, 42.308286639687267 ], [ 2.171024459391257, 42.308256450337325 ], [ 2.17106671019608, 42.30817183012887 ], [ 2.171113520074833, 42.308090300427253 ], [ 2.171123130456686, 42.308074610135307 ], [ 2.171166209741758, 42.308004230004592 ], [ 2.171192859802137, 42.307961369906728 ], [ 2.171219150552173, 42.307918149663479 ], [ 2.171253579769457, 42.307855450416369 ], [ 2.171282939855762, 42.307791440161246 ], [ 2.171287629661014, 42.307766349758097 ], [ 2.17128165060163, 42.307741359670558 ], [ 2.171277860498366, 42.307734490350569 ], [ 2.171274070407727, 42.307727620129931 ], [ 2.171270300485412, 42.307719119952132 ], [ 2.171266040250701, 42.307710629739759 ], [ 2.171258140439583, 42.307702109620635 ], [ 2.171247800202092, 42.30769501013615 ], [ 2.171189050465387, 42.307659820196385 ], [ 2.17112882011577, 42.307626419841895 ], [ 2.171074319882862, 42.307600360316343 ], [ 2.171012010049203, 42.307573800305882 ], [ 2.170989619635812, 42.307564260389633 ], [ 2.170948749667267, 42.307544509946609 ], [ 2.170910830402046, 42.307521809713435 ], [ 2.170901459548257, 42.30751471990834 ], [ 2.170875030137656, 42.307494539787413 ], [ 2.170864719416996, 42.307484919676256 ], [ 2.170859930600452, 42.307480470262902 ], [ 2.170827320151581, 42.307450060446683 ], [ 2.170822650002558, 42.307445259751596 ], [ 2.170783149965967, 42.307404619615838 ], [ 2.170769259884488, 42.307390200382777 ], [ 2.170766090336795, 42.30738690014477 ], [ 2.170731679672097, 42.30735110965113 ], [ 2.170718149933719, 42.307336970405387 ], [ 2.170700559516764, 42.307318649981816 ], [ 2.170689069992856, 42.307306589684238 ], [ 2.170672570323102, 42.307288179879016 ], [ 2.170640989627326, 42.307253189752714 ], [ 2.170616479641067, 42.307225910441559 ], [ 2.170599979926118, 42.307207599692411 ], [ 2.170572570446605, 42.30716930025779 ], [ 2.170537689883849, 42.307109340255458 ], [ 2.170518170539263, 42.307080290400322 ], [ 2.170503699843753, 42.307063990064592 ], [ 2.170494260185342, 42.30705337024007 ], [ 2.170410499537568, 42.306973329645672 ], [ 2.170326620184881, 42.306893289931651 ] ] } },
{ "type": "Feature", "properties": { "id": 3, "from": 7, "to": 6, "flow_need": 4, "massa_length": 362.4580979 }, "geometry": { "type": "LineString", "coordinates": [ [ 2.170326620184881, 42.306893289931651 ], [ 2.170316860006387, 42.306878809562633 ], [ 2.170269310598171, 42.306822260280555 ], [ 2.170217619886143, 42.306767310212997 ], [ 2.170105730195714, 42.306648699878146 ], [ 2.17004581019619, 42.306592160038441 ], [ 2.16997891942803, 42.306539349567792 ], [ 2.169928519941018, 42.306506209766823 ], [ 2.169849160365492, 42.306460780415478 ], [ 2.169837310084545, 42.306454500232711 ], [ 2.169767469823535, 42.306417500097986 ], [ 2.169575309428881, 42.306314249721275 ], [ 2.169477059956674, 42.306265450123121 ], [ 2.169374510597215, 42.306221920280997 ], [ 2.169279590286171, 42.306187639937903 ], [ 2.169218349764867, 42.306167209939858 ], [ 2.16918040979264, 42.306154590403573 ], [ 2.169170989693517, 42.306151460079022 ], [ 2.169145619521387, 42.306143079811434 ], [ 2.169145530125188, 42.306143050344197 ], [ 2.169135350019836, 42.306139680351507 ], [ 2.169119529743209, 42.306134340384531 ], [ 2.169110710290051, 42.306131390026088 ], [ 2.16899136961672, 42.306091259553554 ], [ 2.16893355948494, 42.30607072007254 ], [ 2.168894879828585, 42.306056970219615 ], [ 2.168803819698671, 42.306024519579907 ], [ 2.168756079504109, 42.306010749934316 ], [ 2.168585039568987, 42.305961600206537 ], [ 2.168509960340848, 42.305923589561509 ], [ 2.168439110350816, 42.305885699597887 ], [ 2.168368190284716, 42.305844659650731 ], [ 2.168289140452825, 42.305794189851817 ], [ 2.168201890254973, 42.305721870266879 ], [ 2.168140910212508, 42.305653610210989 ], [ 2.168096199699781, 42.305612219860805 ], [ 2.168053809637785, 42.305569309888412 ], [ 2.167940259450396, 42.305439429560046 ], [ 2.167940029914642, 42.30543917032017 ], [ 2.167827190098571, 42.305309739933314 ], [ 2.167660760308909, 42.305141910230638 ], [ 2.167493839788011, 42.30497372998547 ], [ 2.167451509959923, 42.304926680121874 ], [ 2.167393879610119, 42.304853669850225 ], [ 2.167345030084722, 42.304776679572441 ], [ 2.167319009960226, 42.304724970353547 ], [ 2.167312990391397, 42.304712860273888 ], [ 2.167312629786558, 42.304711959747493 ], [ 2.167307349957802, 42.304698679743645 ], [ 2.167300770397914, 42.304682110280886 ], [ 2.167300529855582, 42.304681489815316 ], [ 2.16729419947587, 42.304665530073123 ] ] } },
{ "type": "Feature", "properties": { "id": 4, "from": 10, "to": 6, "flow_need": 9, "massa_length": 18360.028516499999 }, "geometry": { "type": "LineString", "coordinates": [ [ 1.984398570017849, 42.31290902977954 ], [ 1.984415780315163, 42.312933230141482 ], [ 1.984427119773261, 42.312944319745448 ], [ 1.984442000437919, 42.312955079570294 ], [ 1.984459439969683, 42.312964420189594 ], [ 1.984486359799406, 42.312972939662153 ], [ 1.984513649914895, 42.312973900036411 ], [ 1.984555760143179, 42.312965990114421 ], [ 1.984597810025683, 42.312954209747346 ], [ 1.984640700053328, 42.312936210028731 ], [ 1.984661710147962, 42.312926939733359 ], [ 1.984662609980923, 42.312926670315377 ], [ 1.984684029699247, 42.312920299985436 ], [ 1.984704169926811, 42.312920380155497 ], [ 1.98473447946175, 42.312929389793005 ], [ 1.984749700237311, 42.312933940223395 ], [ 1.984764950297832, 42.312936140334749 ], [ 1.9847950599598, 42.312935239741812 ], [ 1.984825259685816, 42.312928659829183 ], [ 1.984838140499924, 42.312919500350624 ], [ 1.984848169566084, 42.312899859611043 ], [ 1.984853779793698, 42.312890460143478 ], [ 1.98486287025768, 42.312883240328134 ], [ 1.984895830158004, 42.312871470336255 ], [ 1.984912740174823, 42.312868459819192 ], [ 1.984933609841128, 42.312868830096726 ], [ 1.984947160577537, 42.312871289824564 ], [ 1.984964870100467, 42.312879009868944 ], [ 1.98498465967812, 42.31289351005821 ], [ 1.985010940111086, 42.312919319846884 ], [ 1.985024450168097, 42.312931410264312 ], [ 1.985039460207845, 42.312941449773248 ], [ 1.98507060028056, 42.312952089561975 ], [ 1.98512468023277, 42.312961659830997 ], [ 1.985150789846077, 42.312968199653803 ], [ 1.985173800572078, 42.312978580137951 ], [ 1.98520837005114, 42.313002119871854 ], [ 1.985255680453511, 42.313040539553853 ], [ 1.98529833001465, 42.31308198993051 ], [ 1.985320790479212, 42.313111370060035 ], [ 1.985349050395893, 42.313157640096449 ], [ 1.985365939419328, 42.313179130257161 ], [ 1.985387720566045, 42.313197699816634 ], [ 1.985438409841205, 42.313229670376252 ], [ 1.985489599518005, 42.313261010415026 ], [ 1.985509149734605, 42.313273429801576 ], [ 1.985528399480565, 42.313285670008028 ], [ 1.985566579903608, 42.313311130147227 ], [ 1.985575649413507, 42.313320400148235 ], [ 1.985580910534978, 42.313340440100433 ], [ 1.985577930543139, 42.313374730347981 ], [ 1.985578270443048, 42.3133915701452 ], [ 1.985583969550379, 42.313406929930949 ], [ 1.985606299778776, 42.31343703023493 ], [ 1.985620279430996, 42.313450570205141 ], [ 1.98563757053751, 42.313462069880693 ], [ 1.985672750286748, 42.313477330216926 ], [ 1.985707829521727, 42.313492050191499 ], [ 1.98577332002577, 42.313524509971515 ], [ 1.985836570448904, 42.313560380301318 ], [ 1.985879039634391, 42.313590739728603 ], [ 1.985917370603083, 42.31362142998789 ], [ 1.985934739402979, 42.313635730283053 ], [ 1.985951370315569, 42.313650189760985 ], [ 1.985978809810998, 42.31367943006979 ], [ 1.986003530282165, 42.313711980362321 ], [ 1.986007169683169, 42.313719670381325 ], [ 1.986007330295871, 42.313732190195452 ], [ 1.986002529476343, 42.313743860093666 ], [ 1.985993519549933, 42.313753319611799 ], [ 1.98597476043014, 42.313765680215013 ], [ 1.985958780434126, 42.313778320263793 ], [ 1.985951160335553, 42.313799239645363 ], [ 1.985948319666413, 42.313810200088945 ], [ 1.985942699934673, 42.313819969672871 ], [ 1.985932200354954, 42.313824109653851 ], [ 1.985910479736532, 42.313823740137074 ], [ 1.9859005199765, 42.313824640013706 ], [ 1.985893419955292, 42.313828810057494 ], [ 1.985882809826651, 42.313847090337845 ], [ 1.985877520366069, 42.313866670415408 ], [ 1.985874020233473, 42.313888170194801 ], [ 1.985874700417177, 42.313898709673168 ], [ 1.985879389771785, 42.313908570431444 ], [ 1.985902040574071, 42.313933990371169 ], [ 1.985927129845704, 42.313958160219563 ], [ 1.985977460381179, 42.314005350272133 ], [ 1.986029750197844, 42.31405173988022 ], [ 1.986081780252545, 42.314091109662328 ], [ 1.986135910379112, 42.314128240176125 ], [ 1.986160110488649, 42.314140080049583 ], [ 1.986191879776681, 42.314151710357073 ], [ 1.986199920021011, 42.314154659775831 ], [ 1.986215540299721, 42.314163980439602 ], [ 1.986224319729576, 42.314176670118087 ], [ 1.986225090514068, 42.314189279982557 ], [ 1.98621894976146, 42.314208679632351 ], [ 1.986212329458808, 42.314228169605187 ], [ 1.986205869957733, 42.314252609817167 ], [ 1.986203899482532, 42.314277169872568 ], [ 1.986210050289781, 42.314286779661451 ], [ 1.986230159992941, 42.314296500257882 ], [ 1.986252870381825, 42.314303179989793 ], [ 1.986266349465273, 42.314302490417425 ], [ 1.986287730413635, 42.314292960129023 ], [ 1.986298109901443, 42.314289350410448 ], [ 1.986307690107788, 42.314289799850862 ], [ 1.986312479624406, 42.314293350045084 ], [ 1.986314500173437, 42.314304000436337 ], [ 1.986312969653707, 42.31432353000779 ], [ 1.986314910399699, 42.314331289655946 ], [ 1.986321629551051, 42.314335580093726 ], [ 1.9863483797914, 42.314340050315927 ], [ 1.986375119648405, 42.314344789720629 ], [ 1.986432059862298, 42.31435798977509 ], [ 1.986488879798588, 42.314371200445983 ], [ 1.986541350250672, 42.314383460333673 ], [ 1.9865938105543, 42.314395900228419 ], [ 1.986641160215796, 42.314409829561448 ], [ 1.986687369644016, 42.31442607956086 ], [ 1.986701119754118, 42.314431339919956 ], [ 1.986737180161214, 42.314445080287101 ], [ 1.986783389554839, 42.314468899822245 ], [ 1.986816629903775, 42.314492249903985 ], [ 1.986860179722171, 42.31453073025191 ], [ 1.986900299976534, 42.314571429989442 ], [ 1.986941139978598, 42.314620519792214 ], [ 1.986983320080854, 42.314668980189794 ], [ 1.98703376054382, 42.314708870452648 ], [ 1.987090709948324, 42.314744679918206 ], [ 1.987155430250649, 42.314779740250046 ], [ 1.987189769893217, 42.314794639661791 ], [ 1.987226939810089, 42.314807390004752 ], [ 1.98726367965637, 42.314816540426392 ], [ 1.98731976037412, 42.314823520084069 ], [ 1.987375350068467, 42.314822299883886 ], [ 1.98741972001921, 42.314817379962115 ], [ 1.987463999904492, 42.314810659821553 ], [ 1.987519859599513, 42.314800619621245 ], [ 1.987575719651751, 42.314790480330423 ], [ 1.987647389622899, 42.314777700435414 ], [ 1.987719189574579, 42.314764909935192 ], [ 1.987738570475855, 42.314759860235426 ], [ 1.987764869896581, 42.314746669810667 ], [ 1.987773989746687, 42.314737839746499 ], [ 1.987778639820481, 42.314727610311465 ], [ 1.987781149416743, 42.314692239638354 ], [ 1.987779900587043, 42.31465674032227 ], [ 1.987778259644063, 42.314622690218336 ], [ 1.987777110310973, 42.314588630044391 ], [ 1.98778012039115, 42.314574880080826 ], [ 1.987792320098179, 42.314555440171958 ], [ 1.987808269834436, 42.314537030333916 ], [ 1.987815770574364, 42.314531249827304 ], [ 1.987834190230977, 42.314524919973032 ], [ 1.987864520016449, 42.314517900015161 ], [ 1.987876010312297, 42.314512589712344 ], [ 1.987882090518414, 42.314504359628422 ], [ 1.987882449820713, 42.314489510042058 ], [ 1.987875889924276, 42.314467019898487 ], [ 1.987870549444952, 42.314444460364591 ], [ 1.987866009659425, 42.314424789830355 ], [ 1.987866769942794, 42.314414979959871 ], [ 1.987874449853565, 42.314405589609514 ], [ 1.987889390182967, 42.314397160347092 ], [ 1.987902679718752, 42.314393230337899 ], [ 1.987926480310185, 42.31439209041249 ], [ 1.987998220428379, 42.314405420320824 ], [ 1.988100100265977, 42.314416319764696 ], [ 1.988150950573935, 42.314423160094833 ], [ 1.988201290167456, 42.314432340167542 ], [ 1.988246249685667, 42.314443090230192 ], [ 1.988310990085053, 42.314462220209052 ], [ 1.988374100177413, 42.314484120434763 ], [ 1.988403789486176, 42.314496780081527 ], [ 1.98841291055661, 42.314500670104998 ], [ 1.988468880141162, 42.314528899768327 ], [ 1.988526720361633, 42.314554360338207 ], [ 1.988559579596309, 42.314563210434677 ], [ 1.988611500024155, 42.31457204042799 ], [ 1.988662400406817, 42.31458357041712 ], [ 1.988748630359643, 42.314616930101131 ], [ 1.988831350604304, 42.314657369936981 ], [ 1.988886679878396, 42.314687490421093 ], [ 1.988908980482646, 42.314704710282832 ], [ 1.988922129467942, 42.314724190111974 ], [ 1.988922339511614, 42.314741389894145 ], [ 1.988916790457508, 42.314755030140745 ], [ 1.98888799950638, 42.314794860333912 ], [ 1.988851600467359, 42.31483974966455 ], [ 1.988816049862446, 42.314885000402647 ], [ 1.988777910406843, 42.314940589744118 ], [ 1.988742519472868, 42.314998370165341 ], [ 1.988724040511275, 42.315038639794594 ], [ 1.988713439986138, 42.315079169834341 ], [ 1.988712449860254, 42.315095460228093 ], [ 1.988718000072325, 42.315120100164116 ], [ 1.988731929935679, 42.315144620375051 ], [ 1.988755749969666, 42.315172750070609 ], [ 1.988775359499994, 42.315190939589534 ], [ 1.988808099583553, 42.315214909700096 ], [ 1.988845380194457, 42.315236319799354 ], [ 1.988937600146004, 42.315281620131373 ], [ 1.988985100482308, 42.315301220025894 ], [ 1.989034949471509, 42.315317600236511 ], [ 1.989173869718608, 42.315356919636159 ], [ 1.989313040549824, 42.315396060054951 ], [ 1.989393129632623, 42.315418559680268 ], [ 1.989473470008856, 42.315440980409974 ], [ 1.989501779412785, 42.31544573021651 ], [ 1.989546189985536, 42.315446480031611 ], [ 1.989590210216418, 42.315448039634916 ], [ 1.989638350232071, 42.315457559935489 ], [ 1.989686499891428, 42.315466629998994 ], [ 1.989714499849255, 42.315468499597593 ], [ 1.989756990483655, 42.31546752036683 ], [ 1.989798839881268, 42.315460959833338 ], [ 1.989901110181322, 42.31543232011262 ], [ 1.990002289558622, 42.315403220389115 ], [ 1.990130079673972, 42.315372099837717 ], [ 1.990261319533849, 42.315345609806599 ], [ 1.990329049916056, 42.315336749895664 ], [ 1.990365039803643, 42.315334639676365 ], [ 1.9904304704855, 42.315330800134987 ], [ 1.990531919566386, 42.315330429775742 ], [ 1.990613539438585, 42.315333399825512 ], [ 1.990694959762298, 42.315340960239169 ], [ 1.990772040078355, 42.31535479022407 ], [ 1.990848489774181, 42.315369509807134 ], [ 1.990917039904813, 42.315377770035823 ], [ 1.990985930072228, 42.315380090131725 ], [ 1.990994309504391, 42.315379529844492 ], [ 1.9910195798909, 42.31537786004813 ], [ 1.991069349932374, 42.315369290155154 ], [ 1.991117510312772, 42.315354680137794 ], [ 1.991200679825665, 42.315321640154671 ], [ 1.99128096055395, 42.315286589766636 ], [ 1.991392219645975, 42.315234520230071 ], [ 1.991503709505651, 42.315182730000359 ], [ 1.991555019399214, 42.315161380362461 ], [ 1.991634099620408, 42.315133170060186 ], [ 1.9917164096519, 42.315107870036705 ], [ 1.991758329698387, 42.315097160326154 ], [ 1.991822339970675, 42.315085739725816 ], [ 1.991887129912229, 42.315078839770905 ], [ 1.991932910381824, 42.315076540453362 ], [ 1.992002179884338, 42.315077959967454 ], [ 1.99207034962793, 42.315086930341437 ], [ 1.992126590424737, 42.315098679554247 ], [ 1.992208890109245, 42.315119490001443 ], [ 1.992288939544133, 42.315145050211044 ], [ 1.992371089577155, 42.31517540022346 ], [ 1.992452379769136, 42.315206560369745 ], [ 1.992495209913983, 42.315225209965824 ], [ 1.992528780117148, 42.315239829937298 ], [ 1.992567220064349, 42.315256649631195 ], [ 1.992608359565462, 42.315272050262521 ], [ 1.992635559613204, 42.315278499795696 ], [ 1.992677260515091, 42.315281299582999 ], [ 1.992719000068163, 42.315281219563673 ], [ 1.992789370595865, 42.315282019653282 ], [ 1.992824490203526, 42.315279079666226 ], [ 1.992859320287053, 42.315271009987853 ], [ 1.992895219553714, 42.315256920147192 ], [ 1.992943660329479, 42.315232760020066 ], [ 1.992992090472344, 42.315208960020449 ], [ 1.993036570255064, 42.315189530161533 ], [ 1.993083200105616, 42.315172469742315 ], [ 1.993098280597388, 42.315170439822282 ], [ 1.993121910488583, 42.315172180152601 ], [ 1.993145330354219, 42.315172480369469 ], [ 1.993204449939379, 42.315163360323531 ], [ 1.99326288022747, 42.3151513495609 ], [ 1.993346599821251, 42.315129390274258 ], [ 1.993429119530433, 42.31510589026707 ], [ 1.99350917044963, 42.31507777995288 ], [ 1.993549449906017, 42.315063089826943 ], [ 1.993592129901489, 42.315050130102854 ], [ 1.99364702971092, 42.315039359808928 ], [ 1.993688110017326, 42.315034949851267 ], [ 1.99381131942985, 42.315032150407475 ], [ 1.99386043996087, 42.315034299793581 ], [ 1.993909329887523, 42.315042470373953 ], [ 1.993935419996347, 42.315050269771838 ], [ 1.993970110355095, 42.315066420270469 ], [ 1.994000940424824, 42.315088760062835 ], [ 1.994014440542348, 42.315101839997425 ], [ 1.994025080395041, 42.315112110169103 ], [ 1.994052649475945, 42.315148649978006 ], [ 1.994069730221967, 42.315188339940455 ], [ 1.994077519483166, 42.315225060150453 ], [ 1.994081790188249, 42.315261750392473 ], [ 1.994078759675199, 42.31529180037213 ], [ 1.99407766988362, 42.31530673993467 ], [ 1.994081200379658, 42.315321639876792 ], [ 1.994101430351383, 42.315354230082498 ], [ 1.994123629642392, 42.315385229982574 ], [ 1.994134600380919, 42.315412519955743 ], [ 1.994141430409607, 42.315425280186638 ], [ 1.994153180490719, 42.315434570321734 ], [ 1.994188600484783, 42.315450639795664 ], [ 1.994224020482665, 42.315466710159278 ], [ 1.994320110082056, 42.315490790363292 ], [ 1.994416309974504, 42.315514959713234 ], [ 1.994435800069644, 42.315518199897056 ], [ 1.994471590221109, 42.315518420101341 ], [ 1.994517340284122, 42.315514310172539 ], [ 1.994526399586171, 42.315513499817484 ], [ 1.994552869571723, 42.315512470184181 ], [ 1.994577830119666, 42.31551493966407 ], [ 1.994600529462873, 42.315521710408611 ], [ 1.994632110314745, 42.315535409916201 ], [ 1.994664340207422, 42.315545690109396 ], [ 1.994713480068565, 42.315553589655458 ], [ 1.994763230145925, 42.315561499933814 ], [ 1.994806210342799, 42.315567729755259 ], [ 1.99484882043477, 42.315573959918595 ], [ 1.994856550044578, 42.315576640329354 ], [ 1.994866459870388, 42.315586360058283 ], [ 1.994877790069705, 42.315606640109188 ], [ 1.994883939403136, 42.315616509694784 ], [ 1.994891830082766, 42.315624319553201 ], [ 1.99491166965603, 42.31563556998811 ], [ 1.994945169823424, 42.315650369659856 ], [ 1.994976070192909, 42.315668559822761 ], [ 1.994993379847097, 42.31568635977451 ], [ 1.995004589576535, 42.315706359569539 ], [ 1.995008910573764, 42.315732070054352 ], [ 1.995004640184533, 42.315771660092821 ], [ 1.995003480548441, 42.315791459609827 ], [ 1.9950064404466, 42.315811119616114 ], [ 1.995024230324281, 42.315852430431313 ], [ 1.995038130522167, 42.315871200163194 ], [ 1.995056669534578, 42.315887930155135 ], [ 1.995065939823105, 42.315892699946559 ], [ 1.99507490030346, 42.315893679983098 ], [ 1.995084839845682, 42.315894749653943 ], [ 1.995100160206847, 42.315892370337764 ], [ 1.995122980042765, 42.315884639612122 ], [ 1.995143149462494, 42.315875089850692 ], [ 1.995162920111897, 42.31586040044769 ], [ 1.995188709599822, 42.315833430017065 ], [ 1.995203470170114, 42.315821310254456 ], [ 1.995221690569076, 42.315812380126417 ], [ 1.995243140556777, 42.315806619601688 ], [ 1.995276340297149, 42.315801869839156 ], [ 1.995308760466534, 42.315800890368564 ], [ 1.995328369630798, 42.315804129642821 ], [ 1.995357829638828, 42.315813480264381 ], [ 1.995372450358413, 42.315816939700291 ], [ 1.995387010524439, 42.315817340153302 ], [ 1.995413320468736, 42.315811350194856 ], [ 1.995452269865901, 42.315796210055716 ], [ 1.995472040097391, 42.315789170324095 ], [ 1.995492369613748, 42.315784579727435 ], [ 1.995551839946737, 42.315776539567807 ], [ 1.995581849715719, 42.315774289767155 ], [ 1.995611820348322, 42.315774729719386 ], [ 1.995685009555202, 42.315780769920686 ], [ 1.995686020161867, 42.315780859826852 ], [ 1.995758089965591, 42.315787090110824 ], [ 1.9957973396467, 42.315790759793629 ], [ 1.995836510218828, 42.315792460050254 ], [ 1.995873210030944, 42.315789360052563 ], [ 1.995928330495791, 42.31577983973775 ], [ 1.995983449777601, 42.315770240132892 ], [ 1.996064810365, 42.315759420290782 ], [ 1.996146510238015, 42.315749240088145 ], [ 1.996208459616003, 42.315745549593359 ], [ 1.996270680540282, 42.315747449688914 ], [ 1.996318149596891, 42.31575353001211 ], [ 1.996340619593208, 42.315759859810704 ], [ 1.99634785041288, 42.315763159873413 ], [ 1.996361339929932, 42.315769310192636 ], [ 1.996402199676578, 42.3157945299007 ], [ 1.996458620295548, 42.315833390340941 ], [ 1.996515650458101, 42.315871620261511 ], [ 1.996609580532146, 42.315929449589326 ], [ 1.996612270076667, 42.315931099615582 ], [ 1.996709130284404, 42.315990570185882 ], [ 1.99677556053288, 42.316032760226904 ], [ 1.996807240203657, 42.316055639854547 ], [ 1.996837519468825, 42.316081580081573 ], [ 1.996851100039045, 42.316097819703344 ], [ 1.996854729397711, 42.316106309926468 ], [ 1.996862570115924, 42.316124389697684 ], [ 1.996865649560379, 42.316152069677933 ], [ 1.996864599575931, 42.316187539778035 ], [ 1.99686173987801, 42.316222730168441 ], [ 1.996855370317349, 42.316272389572482 ], [ 1.996848869896304, 42.316321959571702 ], [ 1.996847510356844, 42.316362020041517 ], [ 1.996850229720314, 42.316382039937722 ], [ 1.996856220314551, 42.316402080347487 ], [ 1.996864469706539, 42.316417199806189 ], [ 1.996882470426785, 42.31643752990994 ], [ 1.996904010364202, 42.3164569003089 ], [ 1.996950779944214, 42.316499190229365 ], [ 1.996977079919003, 42.31651652996549 ], [ 1.997008450329418, 42.316527880003761 ], [ 1.99705336994262, 42.316534759973123 ], [ 1.997098440390035, 42.316539019586699 ], [ 1.99716119968265, 42.316545429629528 ], [ 1.9972238700915, 42.316549490086111 ], [ 1.997255580266007, 42.316547240309411 ], [ 1.9973025803539, 42.31653711966657 ], [ 1.997349579921254, 42.316527260174951 ], [ 1.997395189794721, 42.316520549631662 ], [ 1.997418129745755, 42.316519849612973 ], [ 1.997440530443982, 42.316523459667202 ], [ 1.997468470498269, 42.316536409678719 ], [ 1.997485249922477, 42.316550060038864 ], [ 1.997504880527841, 42.316574369653601 ], [ 1.997519390126275, 42.316600520356573 ], [ 1.997536919802931, 42.316643280278029 ], [ 1.99753722983335, 42.316644389830536 ], [ 1.997549209675387, 42.316686879680184 ], [ 1.997563170000581, 42.316755360253914 ], [ 1.997569970281923, 42.316823870090303 ], [ 1.997565889398446, 42.316874170054369 ], [ 1.997553569835077, 42.316924409698103 ], [ 1.997523629812594, 42.317006100172073 ], [ 1.997486329468114, 42.317085750359695 ], [ 1.997469390361714, 42.317113339947817 ], [ 1.997439510491401, 42.317153160058126 ], [ 1.997413729861138, 42.317194810006072 ], [ 1.99740223042943, 42.317223799854013 ], [ 1.99739071992557, 42.317268009805183 ], [ 1.997384189549031, 42.31731252988051 ], [ 1.997382090265743, 42.317361139616452 ], [ 1.997385800056546, 42.317409900114342 ], [ 1.997396479835403, 42.317456009840299 ], [ 1.997417000310791, 42.317500950169581 ], [ 1.997430989497702, 42.317521519792116 ], [ 1.997456640100185, 42.317549299839328 ], [ 1.997487409735824, 42.317575599915891 ], [ 1.99752329035337, 42.317601309743694 ], [ 1.997543150583141, 42.317611480078327 ], [ 1.99756524010891, 42.317618969889793 ], [ 1.997590159603431, 42.317623779925036 ], [ 1.997627730480398, 42.31762672012696 ], [ 1.997665839619665, 42.31762633008681 ], [ 1.997724269411236, 42.317622699871656 ], [ 1.99778269941233, 42.317618979568181 ], [ 1.997815899579926, 42.317617310041605 ], [ 1.997846940227128, 42.317615760323974 ], [ 1.997878969907654, 42.317616579723904 ], [ 1.997910800395597, 42.317621540150562 ], [ 1.99794051020356, 42.317630979649479 ], [ 1.997980609646557, 42.317650159903017 ], [ 1.998018860125911, 42.317671380063132 ], [ 1.99806179966959, 42.317695810408715 ], [ 1.998104979903547, 42.317720140172469 ], [ 1.998159150563606, 42.317747629801424 ], [ 1.998187970235191, 42.317759410232846 ], [ 1.998218880419596, 42.317768689933359 ], [ 1.99825082944194, 42.317774369982928 ], [ 1.998299069780222, 42.317777759818171 ], [ 1.998347350224533, 42.317779080396463 ], [ 1.998399390507177, 42.317780530162374 ], [ 1.998451619818414, 42.317777559592216 ], [ 1.998468419977793, 42.317774020167192 ], [ 1.998490909712958, 42.317763859664694 ], [ 1.998498780052895, 42.317757080218215 ], [ 1.998503399652, 42.317749289819496 ], [ 1.998501829622613, 42.317733510139881 ], [ 1.998484859466617, 42.317709050120648 ], [ 1.998468510285571, 42.317684229877791 ], [ 1.998453140175744, 42.317658430222394 ], [ 1.998449949732789, 42.317645430060182 ], [ 1.998452229784017, 42.31763924031425 ], [ 1.998458030490226, 42.317633339793673 ], [ 1.99848421973014, 42.317619610092635 ], [ 1.998504799451818, 42.317614569946883 ], [ 1.998536370211558, 42.317613490284792 ], [ 1.998567129519455, 42.317617819757011 ], [ 1.998703420094438, 42.317647730263154 ], [ 1.998839829637491, 42.317677569597841 ], [ 1.998956680030919, 42.317701279618717 ], [ 1.999074159990011, 42.317723019992599 ], [ 1.999116070053036, 42.317727979813867 ], [ 1.999124189912289, 42.317728039884912 ], [ 1.999180379860901, 42.317728450197755 ], [ 1.999243840043728, 42.317721349861017 ], [ 1.999348479426245, 42.317703529642266 ], [ 1.999452879893597, 42.317685619884479 ], [ 1.99952102985143, 42.317673869973795 ], [ 1.999589289629865, 42.317662310107465 ], [ 1.999621229994556, 42.317660880334763 ], [ 1.999669639958031, 42.317668959615695 ], [ 1.999717759490397, 42.31768035956992 ], [ 1.999772390017994, 42.317693720177665 ], [ 1.9998522396581, 42.317717200173895 ], [ 1.999892349891492, 42.317727999736995 ], [ 1.999933359986043, 42.317736460161527 ], [ 1.99996545030199, 42.317740429818983 ], [ 2.000014820546407, 42.317741670040064 ], [ 2.000063679883326, 42.317737240086991 ], [ 2.000112729973501, 42.317728119631589 ], [ 2.000161079584255, 42.317717099978204 ], [ 2.000194200441854, 42.317702349604687 ], [ 2.000210309802395, 42.317696369568978 ], [ 2.000218090194712, 42.317695719628695 ], [ 2.000225710131089, 42.31769730989128 ], [ 2.000265860543101, 42.317713240413063 ], [ 2.000306019695297, 42.317729080036017 ], [ 2.000327820349077, 42.317747559565049 ], [ 2.00037813940517, 42.317780780231395 ], [ 2.000406420402274, 42.317795340076025 ], [ 2.000437400104693, 42.317808759859815 ], [ 2.000469750553169, 42.317819759954574 ], [ 2.000518839671252, 42.317830640271097 ], [ 2.000568380064196, 42.317836470312542 ], [ 2.000639690193267, 42.317839429823181 ], [ 2.000675179450694, 42.317836050260802 ], [ 2.000709059618269, 42.317827070219685 ], [ 2.000792259745444, 42.317791680184477 ], [ 2.000871009915257, 42.317753370281771 ], [ 2.000977429991196, 42.317699900187215 ], [ 2.001072560073603, 42.317654980132524 ], [ 2.001159899941639, 42.317610709917503 ], [ 2.001235820061876, 42.317559950380577 ], [ 2.001314349870308, 42.317528480137582 ], [ 2.001443359437933, 42.31749636964247 ], [ 2.001593709453149, 42.317466339694199 ], [ 2.00164961989319, 42.317460160247613 ], [ 2.001677540531018, 42.317459680162528 ], [ 2.001705430294254, 42.317461460317176 ], [ 2.001825110308528, 42.317475019733266 ], [ 2.001944900161176, 42.317488850161659 ], [ 2.002122539998175, 42.317505620069916 ], [ 2.002211340333077, 42.317514939577109 ], [ 2.002299359396278, 42.317527779882269 ], [ 2.002383939659892, 42.317543370364206 ], [ 2.00250913021887, 42.317568780323398 ], [ 2.002634210191665, 42.31759436029872 ], [ 2.002718809683448, 42.317611279992072 ], [ 2.002810339613425, 42.31762958018102 ], [ 2.002987319695161, 42.317664890045101 ], [ 2.003036569802338, 42.317673510168852 ], [ 2.003111309534112, 42.317681909689455 ], [ 2.003186150493125, 42.317683820291002 ], [ 2.003220900014691, 42.317681240450035 ], [ 2.003272840251048, 42.317673500075358 ], [ 2.00332488939767, 42.317666470299542 ], [ 2.003413079666397, 42.317661029883169 ], [ 2.003500349589745, 42.31765961970752 ], [ 2.003518640222743, 42.317661579873651 ], [ 2.003550039951391, 42.317671490113419 ], [ 2.0035965699095, 42.317691080027302 ], [ 2.003619890166203, 42.317697679665194 ], [ 2.003643409628192, 42.31769896026254 ], [ 2.003684750311654, 42.317693650186428 ], [ 2.003747090260679, 42.317680680095123 ], [ 2.003809130251817, 42.317663029627987 ], [ 2.003914030387461, 42.317629359580422 ], [ 2.004014729822528, 42.317591959572006 ], [ 2.004104410085623, 42.317553200220871 ], [ 2.004193740161165, 42.317514170278514 ], [ 2.004264249681858, 42.317483079559743 ], [ 2.004300400060013, 42.317468529923715 ], [ 2.004338460321708, 42.317455529688303 ], [ 2.004367459412403, 42.317448220028211 ], [ 2.00441913955488, 42.317441100092616 ], [ 2.004577679575632, 42.317437530434006 ], [ 2.004672139506844, 42.317434559797235 ], [ 2.004766410237827, 42.317435740124509 ], [ 2.004803370527125, 42.31743940036327 ], [ 2.004857690468921, 42.317450039632945 ], [ 2.004910849991775, 42.317464550408559 ], [ 2.004941049469492, 42.317473550148314 ], [ 2.004982910271868, 42.317489049865962 ], [ 2.00500193027906, 42.317498939637041 ], [ 2.005019580136291, 42.317511069925516 ], [ 2.005083809456759, 42.317562240292197 ], [ 2.005148049815481, 42.317613409817774 ], [ 2.00515521026362, 42.317621219838912 ], [ 2.005180250063193, 42.317649629591045 ], [ 2.00519606060378, 42.317670369876929 ], [ 2.005204030299215, 42.317680810374775 ], [ 2.005214890298409, 42.317699819975836 ], [ 2.005224919548864, 42.31773358956837 ], [ 2.005226569510125, 42.317759270189583 ], [ 2.005223180171935, 42.317797790227679 ], [ 2.005216630513375, 42.3178361000245 ], [ 2.005196729537559, 42.317943450445618 ], [ 2.005177449513575, 42.31805081975773 ], [ 2.005167570496848, 42.318115129912123 ], [ 2.005158190217941, 42.318179439889136 ], [ 2.005153730394348, 42.318231369629316 ], [ 2.005154860020773, 42.318283069578648 ], [ 2.005158670256991, 42.318302650240398 ], [ 2.005173520142614, 42.318330689690576 ], [ 2.005185220121499, 42.31834322043278 ], [ 2.005199969471083, 42.318354070085554 ], [ 2.005241249863241, 42.318375949952078 ], [ 2.00530514974013, 42.31840280013158 ], [ 2.005367940299693, 42.318430280081245 ], [ 2.005458469399139, 42.318476270242371 ], [ 2.005547509800739, 42.31852486997829 ], [ 2.005568649862218, 42.318538559676192 ], [ 2.005595459835049, 42.318561940405488 ], [ 2.005616499845614, 42.318589769604614 ], [ 2.005641579401639, 42.318638889878386 ], [ 2.005644989837485, 42.318648419921857 ], [ 2.005654830404243, 42.318675930441735 ], [ 2.005666570124124, 42.318731959733469 ], [ 2.005668949873856, 42.318788530172171 ], [ 2.005661859699468, 42.318884300115052 ], [ 2.005648340085528, 42.318979999889713 ], [ 2.00563821052317, 42.319068719662766 ], [ 2.005627339910081, 42.319111939918784 ], [ 2.005617789548801, 42.319132660136624 ], [ 2.005604489437171, 42.319152449932261 ], [ 2.005568559910146, 42.319191310079987 ], [ 2.005531210317994, 42.319228640382768 ], [ 2.005495419874799, 42.319266600209076 ], [ 2.005460710129545, 42.319305209726679 ], [ 2.005447669434187, 42.319324010189021 ], [ 2.005436019547489, 42.31935443959842 ], [ 2.005430429862717, 42.319386269776331 ], [ 2.005424909567254, 42.319443590336768 ], [ 2.005421699548366, 42.319500930035282 ], [ 2.005420099637459, 42.319579629803272 ], [ 2.005419470193014, 42.319658429849653 ], [ 2.005419290237088, 42.319692740380326 ], [ 2.005420079789256, 42.319712110203504 ], [ 2.005420959932849, 42.319732739856072 ], [ 2.00542111960205, 42.319736779546979 ], [ 2.00542139947702, 42.319743820190695 ], [ 2.005422710440169, 42.31975319963928 ], [ 2.005423360439636, 42.319758160397662 ], [ 2.005424879896119, 42.319769250099455 ], [ 2.005427609900916, 42.319780530422257 ], [ 2.005430909871932, 42.319794610261361 ], [ 2.005434080376612, 42.319800189982601 ], [ 2.005444729928707, 42.319818950064494 ], [ 2.005456780342737, 42.319831750394656 ], [ 2.00548341027234, 42.319851800053371 ], [ 2.00551297977041, 42.319869439969935 ], [ 2.005594469751219, 42.319912289565337 ], [ 2.0056779499989, 42.319951290071494 ], [ 2.005778239508984, 42.319994670007645 ], [ 2.005881260005192, 42.320033479555839 ], [ 2.005943019453406, 42.320049950276228 ], [ 2.00603897003993, 42.320067629672991 ], [ 2.006086759846695, 42.32007695991318 ], [ 2.006133540529099, 42.320088800374265 ], [ 2.006256109731829, 42.320127509749632 ], [ 2.006316079918499, 42.320149190062963 ], [ 2.006374439509757, 42.320173199757917 ], [ 2.00644741967821, 42.320208419839915 ], [ 2.006519799580706, 42.320244079572454 ], [ 2.006603550455329, 42.320281369701988 ], [ 2.00669171977502, 42.320315819718978 ], [ 2.006738950020548, 42.320330190020186 ], [ 2.006774869999511, 42.320338150000275 ], [ 2.006829110462441, 42.32034592012598 ], [ 2.006883669436371, 42.320349180061115 ], [ 2.006929429556553, 42.32034877035656 ], [ 2.006998440119797, 42.320343509608016 ], [ 2.007067279512148, 42.320333929842846 ], [ 2.007118060169044, 42.320323020175273 ], [ 2.007191550332644, 42.320302759824614 ], [ 2.007228949756926, 42.32029381013426 ], [ 2.007267759610757, 42.320287389829751 ], [ 2.007322459625986, 42.320281830267206 ], [ 2.007404800573568, 42.320277679847926 ], [ 2.007487540292975, 42.320279659626429 ], [ 2.00755845043316, 42.320284870088621 ], [ 2.007664870154591, 42.320293349916199 ], [ 2.007771170402445, 42.320301480077603 ], [ 2.007903549680535, 42.320310099667942 ], [ 2.008035589519707, 42.320317539980756 ], [ 2.008089580122641, 42.320318279940075 ], [ 2.008155199701462, 42.320313879856798 ], [ 2.008169279630541, 42.320312939839546 ], [ 2.008248559458669, 42.320302640032807 ], [ 2.008289460183019, 42.320295060378385 ], [ 2.008349180308898, 42.320279010287045 ], [ 2.008408239656593, 42.320258359571227 ], [ 2.008459839576985, 42.320233589802115 ], [ 2.008504489933035, 42.320202989749014 ], [ 2.008517300536772, 42.320190759554933 ], [ 2.008533339966296, 42.320166499999637 ], [ 2.008551909406584, 42.320127569873293 ], [ 2.008563489588121, 42.320108760032788 ], [ 2.008579419945951, 42.320091599885444 ], [ 2.008604239656086, 42.320071730129293 ], [ 2.008624239990214, 42.320058220188308 ], [ 2.008657020226844, 42.32004192980073 ], [ 2.008694060020269, 42.320032519916026 ], [ 2.008743489754769, 42.320029709583203 ], [ 2.008818309665171, 42.320033150058123 ], [ 2.008855539791766, 42.320034730029874 ], [ 2.008892449858622, 42.320033970156906 ], [ 2.008951610605768, 42.320030339641136 ], [ 2.008981029994141, 42.320026989702917 ], [ 2.009009760326971, 42.320020840129686 ], [ 2.009055639920783, 42.320005299568855 ], [ 2.009120399708759, 42.319976859797173 ], [ 2.009186250092465, 42.31994905983526 ], [ 2.009261670272946, 42.319921970245126 ], [ 2.009299960473757, 42.319910510387537 ], [ 2.009338799730668, 42.319902110108117 ], [ 2.009372470235144, 42.319898520313181 ], [ 2.009402570533406, 42.319898330062969 ], [ 2.009456130175789, 42.319903390353069 ], [ 2.009536439555148, 42.319920559751004 ], [ 2.009614110322677, 42.319943480070954 ], [ 2.009726340367028, 42.319983990404218 ], [ 2.009781599964636, 42.320004550201269 ], [ 2.009838340492807, 42.320023229691735 ], [ 2.009953209641441, 42.320057899664043 ], [ 2.010011710609019, 42.320072819839943 ], [ 2.010071249778124, 42.320083599868916 ], [ 2.010156870164857, 42.320094879707831 ], [ 2.010242729805113, 42.320106149840221 ], [ 2.01030708955272, 42.320111570438755 ], [ 2.010404069831142, 42.320117990322842 ], [ 2.010450549950558, 42.320125599897239 ], [ 2.010494149536935, 42.320139299692244 ], [ 2.010632190374116, 42.320197319864782 ], [ 2.010770110113474, 42.32025533972682 ], [ 2.011037460597354, 42.320363919885068 ], [ 2.011441780588391, 42.320281040403756 ], [ 2.011798750117049, 42.320343099820406 ], [ 2.011885459882243, 42.320358170292572 ], [ 2.012409760512126, 42.320356020203391 ], [ 2.012887210562658, 42.32036131044805 ], [ 2.012910140080265, 42.320361589800555 ], [ 2.012952239822822, 42.320362050386251 ], [ 2.012952730106069, 42.32036205010381 ], [ 2.012978700524109, 42.320362270062553 ], [ 2.012993380159402, 42.320362400029069 ], [ 2.013018249845752, 42.320362699663441 ], [ 2.013460509572534, 42.320368040340746 ], [ 2.013499659973505, 42.320368060171035 ], [ 2.013981129668191, 42.320368290231904 ], [ 2.014039379409942, 42.32036829039685 ], [ 2.014097630211005, 42.320368300447939 ], [ 2.014158640560364, 42.320370259686221 ], [ 2.014189210491867, 42.320371250206911 ], [ 2.014215890572536, 42.320372110011718 ], [ 2.014226559439856, 42.320372470115558 ], [ 2.014341799917791, 42.320376159923825 ], [ 2.014453140490495, 42.320379819697784 ], [ 2.014699860055884, 42.320387830014909 ], [ 2.015302089967785, 42.320407379834968 ], [ 2.015423380238078, 42.320411299731241 ], [ 2.015866439799654, 42.320645839813032 ], [ 2.016361630520383, 42.320704299900946 ], [ 2.016522380249389, 42.320736449732927 ], [ 2.016789780240034, 42.320789929693184 ], [ 2.016972909413557, 42.320836530050947 ], [ 2.017073949895734, 42.3208397396332 ], [ 2.017189569654889, 42.320818580377079 ], [ 2.017349639871367, 42.320740419997207 ], [ 2.017545889791831, 42.32064619012003 ], [ 2.017650109849368, 42.320616459841489 ], [ 2.017742379977851, 42.320650070121523 ], [ 2.01774507949046, 42.320651049688315 ], [ 2.017853020118666, 42.320690459818877 ], [ 2.017855980203925, 42.320691539780832 ], [ 2.017954390056698, 42.320738489986766 ], [ 2.018023229883388, 42.32077555040965 ], [ 2.018091949509766, 42.320812619668395 ], [ 2.018101160583035, 42.320817219578124 ], [ 2.018123259893238, 42.320828289916761 ], [ 2.018152429713539, 42.320841140048927 ], [ 2.018206480049822, 42.320861960117185 ], [ 2.018261120028209, 42.320879670020645 ], [ 2.018292089621413, 42.32088971033356 ], [ 2.018379199997754, 42.320914679662138 ], [ 2.018474949519082, 42.320938109897099 ], [ 2.018523460567455, 42.320947889630318 ], [ 2.018572839998542, 42.320956689714322 ], [ 2.018664620088825, 42.320969809927639 ], [ 2.018757069892334, 42.320979429748938 ], [ 2.018797339529721, 42.320980859588673 ], [ 2.018858169942147, 42.320978670209286 ], [ 2.018918839510992, 42.320979100177915 ], [ 2.018931440425636, 42.320980559801555 ], [ 2.018967539969346, 42.320984740368552 ], [ 2.019038049599592, 42.321000299948949 ], [ 2.019072340247952, 42.321011399655099 ], [ 2.019106000422502, 42.321024650002478 ], [ 2.019153469941499, 42.321046490448886 ], [ 2.019218560195233, 42.321082890357971 ], [ 2.019247850128727, 42.321103499938985 ], [ 2.019274930232915, 42.321125980077547 ], [ 2.019335110402352, 42.321181609939238 ], [ 2.019394549624047, 42.321237680131617 ], [ 2.019451940484578, 42.321293199618452 ], [ 2.019507059847515, 42.321346359883968 ], [ 2.019532569790562, 42.321368369928216 ], [ 2.019575549539557, 42.321398099820243 ], [ 2.019623690312684, 42.321424180449 ], [ 2.019658299733043, 42.321438610435415 ], [ 2.019712300477455, 42.321454559805908 ], [ 2.019769150030099, 42.321466489795391 ], [ 2.019851130016101, 42.321478449957404 ], [ 2.019933330242795, 42.321483650211754 ], [ 2.019975679445601, 42.321483650143257 ], [ 2.020039229643745, 42.321478430338516 ], [ 2.020071000352782, 42.321472310282978 ], [ 2.020102689687849, 42.321463300386895 ], [ 2.020157749579579, 42.321442520277515 ], [ 2.020176269997914, 42.321433530212779 ], [ 2.020230870053531, 42.321407030007627 ], [ 2.020298729661866, 42.321366449558759 ], [ 2.020426590153778, 42.321284149682178 ], [ 2.020554079471792, 42.321201660065697 ], [ 2.020652050229179, 42.321136489861054 ], [ 2.020751969779949, 42.321071320004236 ], [ 2.020768979877089, 42.321062280019312 ], [ 2.020802650430992, 42.321050859721815 ], [ 2.020816650183942, 42.321048280169066 ], [ 2.020830039489307, 42.32104578005832 ], [ 2.020872180206796, 42.321043710091736 ], [ 2.020872330376939, 42.321043730286753 ], [ 2.020912160496427, 42.321047840330039 ], [ 2.020927519620344, 42.32105111999099 ], [ 2.020972160475051, 42.321060780084153 ], [ 2.021061819858704, 42.321085409799565 ], [ 2.021150189454198, 42.3211154302548 ], [ 2.021273740268514, 42.321161609678633 ], [ 2.021333440340246, 42.321186159967837 ], [ 2.021391150124788, 42.321213220333036 ], [ 2.02142447053134, 42.321231910348843 ], [ 2.021508690077286, 42.321279159680607 ], [ 2.021624759967978, 42.32134615988317 ], [ 2.021696279676658, 42.321383069853738 ], [ 2.021772309860788, 42.321418209848773 ], [ 2.021805230002426, 42.321431729575785 ], [ 2.021855110227086, 42.321447740049884 ], [ 2.021880149748827, 42.321452540428226 ], [ 2.021888880378222, 42.321453159770321 ], [ 2.021905239989466, 42.321454380049026 ], [ 2.021931980320318, 42.321452170216261 ], [ 2.02197218013738, 42.321442069718678 ], [ 2.022012319699574, 42.321428179853534 ], [ 2.022049220284414, 42.321412560207925 ], [ 2.022100709652194, 42.321386339685077 ], [ 2.022127230320032, 42.321374410419963 ], [ 2.022155779936816, 42.3213649201751 ], [ 2.022210829788069, 42.321352420042814 ], [ 2.022294510355102, 42.321340080264143 ], [ 2.022379209431698, 42.321332969907743 ], [ 2.022491550018362, 42.32132743974357 ], [ 2.02254761035212, 42.321327740238267 ], [ 2.022603489439089, 42.321331909955092 ], [ 2.022662480298423, 42.321339520357142 ], [ 2.022750599613387, 42.32135386964417 ], [ 2.022794040246531, 42.321362619996336 ], [ 2.022836730300199, 42.321372350096453 ], [ 2.022985799575148, 42.321408650280944 ], [ 2.023134870084922, 42.321444960188835 ], [ 2.023365960581193, 42.321490699898852 ], [ 2.023597050525154, 42.321536340072164 ], [ 2.023692710097623, 42.321557690194851 ], [ 2.023762920181675, 42.32157719977149 ], [ 2.02381422990309, 42.321594120367202 ], [ 2.023888540034407, 42.32162356961237 ], [ 2.023958749701757, 42.321658660409199 ], [ 2.024034590579711, 42.321706230126814 ], [ 2.024140069752272, 42.321783409922546 ], [ 2.024192759942136, 42.321821590039072 ], [ 2.024248020202512, 42.321857909740828 ], [ 2.024377749515827, 42.321936370101263 ], [ 2.024509210006034, 42.32201332032075 ], [ 2.024567100507948, 42.322044609859084 ], [ 2.024656700127469, 42.322089239561826 ], [ 2.024701260183468, 42.322111679782964 ], [ 2.024744709608029, 42.322134920182791 ], [ 2.024799970107171, 42.322171419740357 ], [ 2.024874020478508, 42.322232930325903 ], [ 2.024911900198148, 42.322263600105494 ], [ 2.024953200514149, 42.322292499554621 ], [ 2.024998799763131, 42.322318469856796 ], [ 2.025034579547915, 42.322335339802635 ], [ 2.025090929764612, 42.322356540025837 ], [ 2.025150750044567, 42.322372530012544 ], [ 2.02518693988516, 42.322378879844472 ], [ 2.02525226979121, 42.322384110277348 ], [ 2.02530216018841, 42.322384000335731 ], [ 2.025376760013205, 42.322378510361084 ], [ 2.025448749944411, 42.322368579794087 ], [ 2.025481140053018, 42.322361560199099 ], [ 2.025536399847342, 42.322343570177225 ], [ 2.025618550035362, 42.322312479712735 ], [ 2.025660259923463, 42.322299679938965 ], [ 2.025702979807599, 42.322291579976259 ], [ 2.025722610518247, 42.322289879830272 ], [ 2.02579399978957, 42.322283710266404 ], [ 2.025864050403352, 42.322281870194402 ], [ 2.02591681973981, 42.322283310066581 ], [ 2.025994859834155, 42.322290730248938 ], [ 2.026070239950414, 42.322305690152731 ], [ 2.026238690018438, 42.322352510371516 ], [ 2.026404030317322, 42.322404890381549 ], [ 2.026576479539093, 42.322467860362586 ], [ 2.02666251956099, 42.322499479679998 ], [ 2.026750539612141, 42.322528779573851 ], [ 2.02682099043621, 42.322548470342667 ], [ 2.026928499528502, 42.322573069550295 ], [ 2.027037989475252, 42.322594980052763 ], [ 2.027286390027284, 42.32264446026204 ], [ 2.027348619996402, 42.322653999608832 ], [ 2.02744229049859, 42.322663169781222 ], [ 2.027489350251633, 42.322664919841614 ], [ 2.027536449691898, 42.322664329550577 ], [ 2.027708840241425, 42.322652730056248 ], [ 2.027881179513932, 42.322636180150475 ], [ 2.028063770118541, 42.32261647020691 ], [ 2.028246810237229, 42.322598929733608 ], [ 2.028391809628706, 42.322592679908325 ], [ 2.028536990103702, 42.322590040152527 ], [ 2.028667729850997, 42.322588270345904 ], [ 2.028798290059904, 42.322589730235229 ], [ 2.028863630207307, 42.322594249922453 ], [ 2.028912200192335, 42.3226007799855 ], [ 2.028984190462476, 42.322614720401937 ], [ 2.02905504009795, 42.322632520107469 ], [ 2.029191869507449, 42.322675919710825 ], [ 2.029327479765445, 42.322719850092739 ], [ 2.029448099709376, 42.322752569699716 ], [ 2.02957167967365, 42.322781900043708 ], [ 2.029615600026827, 42.322790279922984 ], [ 2.029682229983201, 42.322798229651681 ], [ 2.02974871036984, 42.322799960308622 ], [ 2.029807009676852, 42.322797040332851 ], [ 2.029894299765645, 42.322786609614873 ], [ 2.029980610081667, 42.322769329556394 ], [ 2.030621020433613, 42.322604260429706 ], [ 2.030736089419491, 42.322579290416193 ], [ 2.030852670061719, 42.322558300223172 ], [ 2.030995179402175, 42.322540860373003 ], [ 2.031138009918093, 42.322525499851501 ], [ 2.031240410157869, 42.322511419553038 ], [ 2.031342360443107, 42.322495260370793 ], [ 2.031366230086791, 42.32248969005127 ], [ 2.031405660310648, 42.322474720086838 ], [ 2.031463219478947, 42.322448820416106 ], [ 2.031474800509732, 42.322444809686353 ], [ 2.031492990418207, 42.322438530320909 ], [ 2.031524510506415, 42.322432489630764 ], [ 2.031640320490569, 42.322423019853574 ], [ 2.03175610985547, 42.322414180207787 ], [ 2.03190254039289, 42.322401369922517 ], [ 2.032048879523175, 42.322386760172762 ], [ 2.03212602017169, 42.322373899601793 ], [ 2.032182309957363, 42.322359690398216 ], [ 2.032264989767906, 42.322333820435396 ], [ 2.032346369529215, 42.322305509612285 ], [ 2.032429050006066, 42.322271350379225 ], [ 2.032547419893477, 42.322213269583322 ], [ 2.032607790330227, 42.322185860228004 ], [ 2.032671379475195, 42.322162629778667 ], [ 2.032750240369734, 42.322139960413644 ], [ 2.03287069943897, 42.322111440312675 ], [ 2.032993509872635, 42.322088339935824 ], [ 2.033031830420607, 42.32208262996631 ], [ 2.033167209551892, 42.322062249850937 ], [ 2.033342249668979, 42.322043640411302 ], [ 2.033467069823898, 42.322031540233773 ], [ 2.033591889617116, 42.322019539884188 ], [ 2.033695419839361, 42.32201131003076 ], [ 2.033851479461677, 42.322003619981956 ], [ 2.03400775980188, 42.321998000267172 ], [ 2.034208079584652, 42.321992580179213 ], [ 2.034308310291756, 42.321993690061326 ], [ 2.034407980356872, 42.321999480075732 ], [ 2.034537369579223, 42.322013720245955 ], [ 2.034569679902902, 42.322018350322004 ], [ 2.034730399848546, 42.322041370181566 ], [ 2.034923690498026, 42.322067319842574 ], [ 2.03509852971099, 42.322085810008019 ], [ 2.03511052004596, 42.322087079893222 ], [ 2.03512239994469, 42.322088349748455 ], [ 2.035161530056623, 42.322092469666153 ], [ 2.035399650034599, 42.322115720180818 ], [ 2.035530940428415, 42.322125020101552 ], [ 2.035596820362253, 42.322126300119024 ], [ 2.035662619594075, 42.322124600222303 ], [ 2.035699220011409, 42.322119860154459 ], [ 2.035725790285306, 42.322112879678116 ], [ 2.035763880305655, 42.322098249977273 ], [ 2.035798989497086, 42.322079819865969 ], [ 2.035856090285006, 42.322043820161056 ], [ 2.03593751974353, 42.321988039683333 ], [ 2.036017339683014, 42.321935210403431 ], [ 2.036138749432598, 42.321859949910916 ], [ 2.03617375963798, 42.321839799598685 ], [ 2.036199970509609, 42.321824709654727 ], [ 2.036264430085745, 42.321791569775719 ], [ 2.036319629984628, 42.321769160184388 ], [ 2.036345709499791, 42.321761639579556 ], [ 2.036368870389729, 42.321754989640461 ], [ 2.036376370258218, 42.321752849793292 ], [ 2.036378380320715, 42.321752269585666 ], [ 2.036387890085992, 42.321749560335945 ], [ 2.036407029945963, 42.321744050083133 ], [ 2.036496430249564, 42.321722730254642 ], [ 2.03655182018945, 42.321711399576579 ], [ 2.036556659873425, 42.321710770193029 ], [ 2.036651899863591, 42.321698280199712 ], [ 2.036710740211249, 42.321691389592253 ], [ 2.036802409917698, 42.321680640066397 ], [ 2.036874720175296, 42.321665930006851 ], [ 2.036909579935752, 42.321655780312653 ], [ 2.036943270592741, 42.321643270211922 ], [ 2.036986300109351, 42.321623099646864 ], [ 2.037047249723576, 42.321589300323751 ], [ 2.037108440321164, 42.321555769570423 ], [ 2.037167149392829, 42.321525640241425 ], [ 2.037230429484891, 42.321498170021194 ], [ 2.03727025974944, 42.321488589706277 ], [ 2.037300999556863, 42.321486060434026 ], [ 2.037347580141751, 42.321487440380778 ], [ 2.037393630030174, 42.32149178964773 ], [ 2.037626710554634, 42.32151905044973 ], [ 2.03774294966932, 42.321536599825983 ], [ 2.03785863942635, 42.321558109834143 ], [ 2.038068250251231, 42.321604530380355 ], [ 2.038170630045073, 42.321631510354571 ], [ 2.038271489665657, 42.321662530204847 ], [ 2.038332909783522, 42.321685290274182 ], [ 2.038422269967843, 42.321723140090171 ], [ 2.038512729858383, 42.321759469832436 ], [ 2.038680279952104, 42.321818250379003 ], [ 2.038764009850555, 42.321843080423939 ], [ 2.038855189487722, 42.321864200225335 ], [ 2.038944770451767, 42.321878730344267 ], [ 2.039079860385272, 42.321893549930692 ], [ 2.039116349770394, 42.321896399932122 ], [ 2.039215500019915, 42.321904150131395 ], [ 2.039314199538471, 42.321910019609774 ], [ 2.039462279961526, 42.32191629998627 ], [ 2.039610330283822, 42.32192519977643 ], [ 2.039673339906771, 42.321931669707851 ], [ 2.039766929973713, 42.321945779758487 ], [ 2.039836610300767, 42.321960500059987 ], [ 2.039859110304847, 42.321965289657442 ], [ 2.039911069484269, 42.321979949779063 ], [ 2.039986170482583, 42.322005800012434 ], [ 2.040062849392922, 42.322030840254833 ], [ 2.040171870394758, 42.322060130055377 ], [ 2.04022667996033, 42.322071389798197 ], [ 2.040281790173332, 42.322078520060153 ], [ 2.040325229455876, 42.322078609857968 ], [ 2.040338820054961, 42.322078639850069 ], [ 2.040356569403649, 42.322076529688275 ], [ 2.040381979431735, 42.322073590238517 ], [ 2.0404468701144, 42.322060270305393 ], [ 2.040511080194317, 42.322043419676064 ], [ 2.040566319801, 42.322026140012461 ], [ 2.040645280250931, 42.321997440101981 ], [ 2.040726499833887, 42.321970930393483 ], [ 2.040814690591983, 42.321949509718273 ], [ 2.040859220040539, 42.321942139724101 ], [ 2.040903939938645, 42.321938370119334 ], [ 2.040973229554026, 42.321939039741189 ], [ 2.041025590083102, 42.321943350271667 ], [ 2.041103930506622, 42.321954900057875 ], [ 2.041181120259313, 42.321970939586166 ], [ 2.041308010401128, 42.322006319916916 ], [ 2.041370720547493, 42.322024219579923 ], [ 2.041434810461366, 42.322039169557463 ], [ 2.041597079951174, 42.322070609793776 ], [ 2.041660360509337, 42.322082840260862 ], [ 2.041886809869471, 42.322123729765373 ], [ 2.042011119718216, 42.322144850108003 ], [ 2.042133140358454, 42.322165599956492 ], [ 2.042198910058965, 42.322176799915624 ], [ 2.042379349823272, 42.322207549662167 ], [ 2.042456570061906, 42.322220980437422 ], [ 2.042642250571748, 42.322253159565847 ], [ 2.042801419821623, 42.322280959890087 ], [ 2.042905510462174, 42.322299120398483 ], [ 2.04296388019506, 42.322308539797326 ], [ 2.043019829861564, 42.322317569720518 ], [ 2.043072289978192, 42.322316219851551 ], [ 2.043236859827136, 42.322312000438096 ], [ 2.043300939992249, 42.322309780176283 ], [ 2.043320830262198, 42.322308620444595 ], [ 2.04332429964541, 42.322308319770471 ], [ 2.043339639518954, 42.322306959960329 ], [ 2.043356400346663, 42.322304650158387 ], [ 2.043363700127201, 42.322303209755127 ], [ 2.043378430568626, 42.322299620363204 ], [ 2.04340287020253, 42.322292800451045 ], [ 2.043447660376746, 42.322278710418971 ], [ 2.043542669458645, 42.322246099584575 ], [ 2.043746899423767, 42.32219805004209 ], [ 2.043770480528024, 42.322191659684272 ], [ 2.04382102995362, 42.322176870034355 ], [ 2.043835739699545, 42.322172559927637 ], [ 2.043854590369989, 42.322167519737029 ], [ 2.043872539652293, 42.322163260055426 ], [ 2.043889060407899, 42.322160130425061 ], [ 2.04389660046264, 42.322159090058342 ], [ 2.043911720028458, 42.322157689608495 ], [ 2.043928569419067, 42.322156740373366 ], [ 2.043956250485961, 42.322156010237343 ], [ 2.044095790367683, 42.322157420403713 ], [ 2.044207350343283, 42.32215926001264 ], [ 2.044223320055518, 42.322159100435925 ], [ 2.044467520587945, 42.322148639873234 ], [ 2.044611770028414, 42.322147430075503 ], [ 2.044840170279646, 42.322149990387885 ], [ 2.04494340030553, 42.322152300251645 ], [ 2.04498152022396, 42.32215392994172 ], [ 2.045005940144514, 42.322155620231783 ], [ 2.04503032992261, 42.322158180249161 ], [ 2.045068270086165, 42.322163190181669 ], [ 2.045107350177645, 42.322169300226498 ], [ 2.045134060168335, 42.32217412024746 ], [ 2.045149340274922, 42.322177269922598 ], [ 2.045164710217627, 42.32218105977271 ], [ 2.045191000598487, 42.322188669960042 ], [ 2.045263929850915, 42.322211430296313 ], [ 2.045279149801305, 42.322215670084816 ], [ 2.045303799633437, 42.32222142034788 ], [ 2.045345330443567, 42.322229510431434 ], [ 2.04536711946685, 42.322233759871317 ], [ 2.045417929520186, 42.322242729622772 ], [ 2.045445390441429, 42.322246849749313 ], [ 2.045461880000963, 42.322248670253238 ], [ 2.045469159952405, 42.322249180259213 ], [ 2.045493669832226, 42.32224990034311 ], [ 2.045532039577701, 42.322249860408732 ], [ 2.045600750563377, 42.322247970105515 ], [ 2.045625340442249, 42.322246849992382 ], [ 2.045640709850977, 42.322245780114521 ], [ 2.045730770001771, 42.3222360502497 ], [ 2.045738090083979, 42.322235270006885 ], [ 2.045752979990284, 42.322231959923357 ], [ 2.045778600482467, 42.322225119611694 ], [ 2.045854659430685, 42.322202370173727 ], [ 2.045942890306163, 42.322175309904964 ], [ 2.045970089434958, 42.322167680247425 ], [ 2.045986489443922, 42.322163700040271 ], [ 2.045993939928615, 42.322162159855601 ], [ 2.046008849746427, 42.322159939635377 ], [ 2.046026319977039, 42.322158299990932 ], [ 2.046054620199639, 42.322156750446752 ], [ 2.046097100600926, 42.32215580969546 ], [ 2.046121909426545, 42.322156179995822 ], [ 2.046214360015976, 42.322160439808151 ], [ 2.046263640114069, 42.322172200038963 ], [ 2.046310570027918, 42.322198709708076 ], [ 2.046366079650408, 42.322231839908852 ], [ 2.046421600401933, 42.322264960268548 ], [ 2.046431329471378, 42.322270769922859 ], [ 2.046500359900566, 42.322312019773626 ], [ 2.046511499699469, 42.322318679614931 ], [ 2.046531790114481, 42.322330800259934 ], [ 2.046552080550902, 42.322342920000899 ], [ 2.046568769483578, 42.32234657022989 ], [ 2.046779380064508, 42.322375519556459 ], [ 2.046826429443148, 42.322386180275572 ], [ 2.04689130976744, 42.322405719651314 ], [ 2.046960730082969, 42.322429529565284 ], [ 2.047010690553213, 42.322448499962988 ], [ 2.04708131945239, 42.32248060990969 ], [ 2.047114289965171, 42.322498989659962 ], [ 2.047145299922671, 42.322519419994514 ], [ 2.047160380579837, 42.322530249897213 ], [ 2.047257190449926, 42.322599780352654 ], [ 2.047368839480768, 42.322680319615976 ], [ 2.047474729869668, 42.32275694013483 ], [ 2.047580729898859, 42.322833469604404 ], [ 2.047635280010151, 42.322869949571576 ], [ 2.047678589487253, 42.322895259624147 ], [ 2.047747249877689, 42.322929599817087 ], [ 2.047819739738498, 42.322958840128237 ], [ 2.047978840052595, 42.323015550190327 ], [ 2.047992119709803, 42.323020279647999 ], [ 2.04813793944213, 42.323072260023864 ], [ 2.048234519857936, 42.323089990405705 ], [ 2.04831273010443, 42.323102710376389 ], [ 2.048390929539966, 42.323116149786664 ], [ 2.048419320463524, 42.323124309824479 ], [ 2.048457879503263, 42.323142910284425 ], [ 2.048493099865737, 42.323165540246691 ], [ 2.048557470277113, 42.323210469680028 ], [ 2.048619150057818, 42.32325717976115 ], [ 2.048699239986473, 42.323321969976845 ], [ 2.048778109540998, 42.323387380434745 ], [ 2.048833289642779, 42.3234382702178 ], [ 2.048889210554676, 42.323488810380447 ], [ 2.048911800401898, 42.323503670401706 ], [ 2.048949870450237, 42.323522450362724 ], [ 2.048986699723127, 42.323542389904468 ], [ 2.049044330033248, 42.323584120051166 ], [ 2.049098389995475, 42.323629150092081 ], [ 2.049150810343904, 42.323677489739048 ], [ 2.049171899837455, 42.323703420099136 ], [ 2.049185919762119, 42.323731459585268 ], [ 2.049199399449402, 42.323779660012931 ], [ 2.049210799804194, 42.323828209742182 ], [ 2.049228999857104, 42.323909420418047 ], [ 2.049247190409848, 42.323990620203979 ], [ 2.049252999804222, 42.32401119043638 ], [ 2.049262859819363, 42.324046139975138 ], [ 2.049273859480016, 42.324073430320134 ], [ 2.049287769435002, 42.324100560171068 ], [ 2.049308840012555, 42.324127840352872 ], [ 2.049329449577415, 42.32414576033441 ], [ 2.049366239615018, 42.324168579558901 ], [ 2.049407960420809, 42.324186660145379 ], [ 2.049498430326547, 42.324215239712743 ], [ 2.049591450410901, 42.324235740315515 ], [ 2.049809140486337, 42.324270500321703 ], [ 2.050026830376902, 42.324305449940603 ], [ 2.050236460371785, 42.324343570055149 ], [ 2.050340019405281, 42.32436541008753 ], [ 2.050407969529339, 42.324382460212178 ], [ 2.050427069972252, 42.324387209675201 ], [ 2.050439719841924, 42.324390350371758 ], [ 2.050441700427135, 42.324390839591032 ], [ 2.050455950404772, 42.324395639841008 ], [ 2.05047032053358, 42.324400440183602 ], [ 2.0505097297004, 42.324418690352722 ], [ 2.050547890220452, 42.32443926993767 ], [ 2.050657419401865, 42.324500339891493 ], [ 2.050680180389687, 42.324514120255401 ], [ 2.050710820407942, 42.324532659794166 ], [ 2.05076249003378, 42.324567130390015 ], [ 2.050806280205131, 42.324600909814365 ], [ 2.050863299948734, 42.324650460235965 ], [ 2.050867369481706, 42.324653919819902 ], [ 2.050930320095519, 42.3247055096368 ], [ 2.051001650078441, 42.324755629640094 ], [ 2.051076059652494, 42.324803619940461 ], [ 2.051140759999965, 42.324843059665731 ], [ 2.051241390051184, 42.32489819968913 ], [ 2.051268989980592, 42.324910940151575 ], [ 2.051294420383892, 42.324922680097771 ], [ 2.051349930599395, 42.324944309874425 ], [ 2.051453099685162, 42.324975959555076 ], [ 2.051611869611298, 42.325014739820723 ], [ 2.051690940043052, 42.325034390246074 ], [ 2.051768649666208, 42.325056650120203 ], [ 2.052000490009976, 42.325135389599147 ], [ 2.052116400269639, 42.325175070239446 ], [ 2.052233689853263, 42.32521189013832 ], [ 2.05234126011995, 42.325241869655727 ], [ 2.052504239996916, 42.325282929586685 ], [ 2.052668849908182, 42.32532149006888 ], [ 2.052782210589782, 42.325344939903907 ], [ 2.052896609626171, 42.325364790384981 ], [ 2.052950990589804, 42.325372359738665 ], [ 2.05303356051367, 42.325377630283064 ], [ 2.053074949561464, 42.325377169666389 ], [ 2.053115890008135, 42.325374170130402 ], [ 2.05316370041112, 42.32536699987633 ], [ 2.053233739758989, 42.325349659811238 ], [ 2.053302400432889, 42.325327619776644 ], [ 2.053356860496666, 42.325305549818587 ], [ 2.05343449044381, 42.325268099673721 ], [ 2.053474319893191, 42.325250960363611 ], [ 2.053516639569946, 42.325236990106717 ], [ 2.053579490414269, 42.325221740231783 ], [ 2.053675270006793, 42.3252040701935 ], [ 2.053772419451375, 42.325192089687 ], [ 2.053860489870331, 42.325184620055879 ], [ 2.053949600366078, 42.325177069778874 ], [ 2.054126959744674, 42.325166010123525 ], [ 2.054217539764422, 42.325163250364874 ], [ 2.054308199775281, 42.325163090337149 ], [ 2.054373550013268, 42.325167319988523 ], [ 2.054437930606346, 42.325179649742971 ], [ 2.054483600524087, 42.325193990221294 ], [ 2.054546529634191, 42.325221800133178 ], [ 2.05460452028361, 42.325255779856164 ], [ 2.054647760213318, 42.325286030114341 ], [ 2.054717919587858, 42.325342270366725 ], [ 2.054818810161042, 42.32542875041343 ], [ 2.054871720514333, 42.32546980019039 ], [ 2.054929170602256, 42.325507649690287 ], [ 2.05509884002985, 42.325604510250344 ], [ 2.05527269969945, 42.325697629752561 ], [ 2.055429759420717, 42.325777990432201 ], [ 2.055510389817493, 42.325815849576252 ], [ 2.05559432945986, 42.325851309693832 ], [ 2.05567934997588, 42.325879750339816 ], [ 2.055744999534873, 42.325896319947425 ], [ 2.055845810404603, 42.32591597002633 ], [ 2.055948350580039, 42.325933119769097 ], [ 2.056065190419824, 42.325951639882781 ], [ 2.056123609889625, 42.325956710282448 ], [ 2.056182000316873, 42.325955930091062 ], [ 2.05631523006987, 42.325942350450831 ], [ 2.056448149467804, 42.325924439799799 ], [ 2.056550799800817, 42.325909620276498 ], [ 2.056581819567159, 42.32590509960874 ], [ 2.056715140029113, 42.325885029597934 ], [ 2.056882420533315, 42.325857860123236 ], [ 2.056965549570641, 42.325842420348792 ], [ 2.057048100365272, 42.325824819712963 ], [ 2.057178359634063, 42.32579003964193 ], [ 2.057305900295747, 42.325750209900299 ], [ 2.05744616010012, 42.325704439720717 ], [ 2.057585579640259, 42.325657219695081 ], [ 2.057674300557701, 42.32562472019665 ], [ 2.057687240089318, 42.32561995967535 ], [ 2.057687480522677, 42.325619869789719 ], [ 2.057787610498109, 42.325579270271824 ], [ 2.057821829715594, 42.325563249630498 ], [ 2.057869810037604, 42.32553571975776 ], [ 2.057915410070313, 42.325505929605008 ], [ 2.057942809426516, 42.325483010104257 ], [ 2.057977609559062, 42.325444479991603 ], [ 2.057996099480966, 42.325425539997021 ], [ 2.058017720315404, 42.325408329663887 ], [ 2.05804958030304, 42.325388060335669 ], [ 2.058101169891994, 42.325362640410624 ], [ 2.058128859693731, 42.325353679909739 ], [ 2.058158070134908, 42.325348059624567 ], [ 2.05824450021216, 42.325338419806897 ], [ 2.058331290537076, 42.325329850098299 ], [ 2.058398109495664, 42.325324819601796 ], [ 2.058464600082412, 42.325317799637588 ], [ 2.058510170324837, 42.325305930119796 ], [ 2.058542170463865, 42.325292770271787 ], [ 2.058555010472669, 42.325286210328777 ], [ 2.05863401043873, 42.325245879669339 ], [ 2.05872143969529, 42.325201930180647 ], [ 2.058800060334517, 42.325162769778821 ], [ 2.058809360110412, 42.325158160274185 ], [ 2.058874070207603, 42.325131669708796 ], [ 2.058942710345872, 42.325111430032564 ], [ 2.058983570566709, 42.325105640372321 ], [ 2.059046819947505, 42.325104269975967 ], [ 2.059078040129718, 42.325102550253668 ], [ 2.059108449503861, 42.325097660047582 ], [ 2.059233570095968, 42.325065639945599 ], [ 2.059357509761487, 42.325031170282372 ], [ 2.0594722094772, 42.324998430403198 ], [ 2.059528779637955, 42.324980789577111 ], [ 2.059535860135219, 42.324978260217542 ], [ 2.059584180548956, 42.324960980385242 ], [ 2.059597500083902, 42.324954970023789 ], [ 2.059614110460812, 42.324947450220222 ], [ 2.059655500200536, 42.324923289638733 ], [ 2.059695319439438, 42.324897499578547 ], [ 2.059745370556462, 42.32486171024695 ], [ 2.059796149442148, 42.324826189837225 ], [ 2.05983860976271, 42.324802580131177 ], [ 2.059895049930485, 42.324777919649918 ], [ 2.059906529612502, 42.324772880328645 ], [ 2.059957020466705, 42.324756450291623 ], [ 2.059979830403114, 42.324749070421404 ], [ 2.060022460151311, 42.324738609954679 ], [ 2.060086949991518, 42.324727259652462 ], [ 2.060152369640951, 42.324719240164434 ], [ 2.060223229794955, 42.32471189024978 ], [ 2.060258430484393, 42.324711640194515 ], [ 2.060292449803833, 42.324717049749175 ], [ 2.060356160346597, 42.324734409570432 ], [ 2.060390060462387, 42.324743589849149 ], [ 2.06041998011904, 42.324751690097607 ], [ 2.060676600343877, 42.324796929811775 ], [ 2.060761700023465, 42.324811950143939 ], [ 2.060933339869369, 42.324842169928829 ], [ 2.061006639749704, 42.324850880170821 ], [ 2.061071299675574, 42.324852490400616 ], [ 2.061128250602468, 42.32485033959027 ], [ 2.061228520418775, 42.324841080123704 ], [ 2.061270589503449, 42.324835749846898 ], [ 2.061379539889433, 42.324821960129746 ], [ 2.061454900500184, 42.324814020375108 ], [ 2.061530090246373, 42.324809409606353 ], [ 2.061632329588587, 42.324806199953947 ], [ 2.061683419664947, 42.324806259618029 ], [ 2.061734350571399, 42.324809189983363 ], [ 2.061776470309088, 42.324817189776638 ], [ 2.061836730565372, 42.324837679862313 ], [ 2.061897729528273, 42.324856729589939 ], [ 2.061912129926869, 42.324859640180414 ], [ 2.06193227977734, 42.324863749679757 ], [ 2.061970090563116, 42.324871460178727 ], [ 2.062043360126264, 42.324882059878064 ], [ 2.062124830289668, 42.324887679623139 ], [ 2.06218646960631, 42.324888629590738 ], [ 2.062279239871413, 42.324885520232591 ], [ 2.062371350502036, 42.324877630402248 ], [ 2.062456140171527, 42.324864359867554 ], [ 2.062539189407472, 42.324845859641862 ], [ 2.062569299513699, 42.324836740435487 ], [ 2.062594830061374, 42.324825689810623 ], [ 2.062619260440771, 42.324815169647707 ], [ 2.062692589636992, 42.324780469932634 ], [ 2.062730770092271, 42.324767450395008 ], [ 2.06277116994872, 42.324760749612501 ], [ 2.062815099976204, 42.324761020427232 ], [ 2.062858979501069, 42.324764530285456 ], [ 2.062973479547018, 42.324776819975966 ], [ 2.063030789858086, 42.324783319658742 ], [ 2.063088000171114, 42.32478838023097 ], [ 2.06312669975939, 42.32478968981281 ], [ 2.063155720268494, 42.324788479660832 ], [ 2.063195740057432, 42.324782689736487 ], [ 2.063204390394297, 42.324780599862308 ], [ 2.063242299498849, 42.324768929743989 ], [ 2.063286900394382, 42.324748850403772 ], [ 2.063345030525602, 42.324716449626806 ], [ 2.063397809723361, 42.324684369855831 ], [ 2.063490570232148, 42.324624699693736 ], [ 2.063535540007751, 42.324595529868461 ], [ 2.063583529843237, 42.32456755007162 ], [ 2.063628249804488, 42.324547199587421 ], [ 2.063663870051328, 42.324535509736307 ], [ 2.063719520274046, 42.324522999974505 ], [ 2.063776779410164, 42.324516079863891 ], [ 2.063848409962966, 42.324514679786439 ], [ 2.063955969751214, 42.324520610303743 ], [ 2.064009689531192, 42.324523210289144 ], [ 2.06406334038798, 42.324523009708294 ], [ 2.064146139544939, 42.324518290021906 ], [ 2.064165620404359, 42.324517180070949 ], [ 2.064216429612635, 42.324511199563339 ], [ 2.064267180377457, 42.324501709802213 ], [ 2.064307290485827, 42.324489969934085 ], [ 2.06436236964893, 42.324466190442031 ], [ 2.064413889525436, 42.324437799606649 ], [ 2.064442460180994, 42.324418120369351 ], [ 2.06448103940628, 42.32438592963652 ], [ 2.064523000610638, 42.324355649646428 ], [ 2.064552599890788, 42.324339770317366 ], [ 2.064599619415714, 42.324319980377147 ], [ 2.064650320162237, 42.324306069872009 ], [ 2.064683160291257, 42.324301299782363 ], [ 2.064741680527652, 42.32429943015817 ], [ 2.0648304797293, 42.324302320390878 ], [ 2.064874300581994, 42.324301419640634 ], [ 2.064917219760549, 42.324296089553364 ], [ 2.065019140315271, 42.324273689606514 ], [ 2.0650692201616, 42.324260229558497 ], [ 2.065110670236971, 42.324247150328418 ], [ 2.065118600291275, 42.324244599631356 ], [ 2.065271100321123, 42.324190550334635 ], [ 2.065344970244949, 42.324161069623649 ], [ 2.065416450263837, 42.324128239850921 ], [ 2.065494470482526, 42.324088440424958 ], [ 2.06557152953931, 42.324047729806338 ], [ 2.065633690001222, 42.324013739619247 ], [ 2.06564285984298, 42.324008679998428 ], [ 2.06565032945191, 42.324004599888525 ], [ 2.065729249643643, 42.323961289874632 ], [ 2.065797319619562, 42.323929069704903 ], [ 2.065833450097868, 42.323915490263943 ], [ 2.065872210022961, 42.323903829806753 ], [ 2.065908369938059, 42.323896380095071 ], [ 2.065962810468625, 42.323891329899411 ], [ 2.066017330494022, 42.323889519799231 ], [ 2.066062330407894, 42.323891510132391 ], [ 2.066129799645585, 42.323899890419881 ], [ 2.066163509913901, 42.323902239965435 ], [ 2.066197150009835, 42.32390080008706 ], [ 2.066227960213652, 42.323893759710032 ], [ 2.066271289415427, 42.323877090242618 ], [ 2.066293009434579, 42.32386906981462 ], [ 2.066315789612647, 42.323863220366469 ], [ 2.066416000134152, 42.323849360090087 ], [ 2.066516460568938, 42.323834600255601 ], [ 2.06670019001745, 42.323794750052535 ], [ 2.066790109806177, 42.323770719816501 ], [ 2.066878509408104, 42.323742709975953 ], [ 2.066939320273021, 42.323717360200725 ], [ 2.067024929503607, 42.323672930235425 ], [ 2.067068089859717, 42.323651400330895 ], [ 2.067113279506978, 42.323632489667204 ], [ 2.067243140241399, 42.323591309601618 ], [ 2.067271780155094, 42.3235826302001 ], [ 2.06730884012664, 42.323571490386158 ], [ 2.06735288009751, 42.323556540140025 ], [ 2.067373120429056, 42.32354958999732 ], [ 2.067491060461717, 42.323502010258764 ], [ 2.067606629681379, 42.323450350293847 ], [ 2.067699790510676, 42.323404189926279 ], [ 2.067742909722818, 42.323377609742188 ], [ 2.067764719571053, 42.323360850298585 ], [ 2.067783050309231, 42.32334677968867 ], [ 2.067823460531552, 42.323305410237481 ], [ 2.067847489985344, 42.323272459743301 ], [ 2.06787519988729, 42.323220630071702 ], [ 2.067894809994483, 42.323166749615744 ], [ 2.06792845049499, 42.323041930015023 ], [ 2.067962209573119, 42.322917289685122 ], [ 2.067979770366279, 42.32286204975204 ], [ 2.067998539653615, 42.322806989852971 ], [ 2.068012229808545, 42.322767479932587 ], [ 2.06802266947973, 42.322751350303029 ], [ 2.068033719495143, 42.322742709657362 ], [ 2.068041809917374, 42.322736919685106 ], [ 2.068080750383863, 42.322721830442092 ], [ 2.068120520379641, 42.322707930421387 ], [ 2.068128450454826, 42.322705110234303 ], [ 2.068213240455568, 42.322675089590426 ], [ 2.068305839395763, 42.322641980220268 ], [ 2.068350549707961, 42.322622169967865 ], [ 2.068380669719098, 42.322603860440083 ], [ 2.068414699839098, 42.322575769684917 ], [ 2.068420599896828, 42.322570949852896 ], [ 2.06845347010195, 42.322531320121776 ], [ 2.068466450542757, 42.322506659852039 ], [ 2.068474530151148, 42.322469350400304 ], [ 2.068475440305262, 42.32243217002803 ], [ 2.068471169710306, 42.322408719612469 ], [ 2.06845809963507, 42.322373399786599 ], [ 2.068454110456171, 42.322355800183061 ], [ 2.068454979810655, 42.322338249958356 ], [ 2.068463140370952, 42.322311740314419 ], [ 2.068481300513911, 42.322273169955672 ], [ 2.068501160242282, 42.322243610441681 ], [ 2.068506120524958, 42.322236350437066 ], [ 2.068612430462738, 42.322104470309966 ], [ 2.068718249664005, 42.321973659615615 ], [ 2.06876653972673, 42.321908489595764 ], [ 2.068773350345401, 42.321899359641051 ], [ 2.068815320203421, 42.32184313981405 ], [ 2.068831590573102, 42.321825710154897 ], [ 2.068860939649789, 42.32180253007057 ], [ 2.068874169822691, 42.321794079962672 ], [ 2.068893649502592, 42.321781629682235 ], [ 2.068914800149046, 42.321770999580316 ], [ 2.068956509398945, 42.321757379791116 ], [ 2.069021449950155, 42.321740249828665 ], [ 2.069050980414521, 42.321728960051338 ], [ 2.069068130137759, 42.321718390199273 ], [ 2.069076209726323, 42.321713319647856 ], [ 2.069109780165335, 42.321683510197175 ], [ 2.069121300358201, 42.321673329625149 ], [ 2.069155400191968, 42.32164316962043 ], [ 2.06916204049424, 42.321637190376102 ], [ 2.069301599543396, 42.321497290341647 ], [ 2.069365890532634, 42.321433960187903 ], [ 2.069413930023805, 42.321393459922803 ], [ 2.069431509537189, 42.321378749820894 ], [ 2.069449079480842, 42.321364029731917 ], [ 2.069462100258221, 42.321353059764789 ], [ 2.069518919473119, 42.321293809866695 ], [ 2.069574779460635, 42.321234009991869 ], [ 2.069629959954072, 42.321178890422665 ], [ 2.069687909940495, 42.321125239668049 ], [ 2.069725609918925, 42.321094830412854 ], [ 2.069734140178686, 42.321088979944463 ], [ 2.069786789814451, 42.321052910073099 ], [ 2.069850970464027, 42.32101298996983 ], [ 2.069932970305878, 42.320966289619058 ], [ 2.070018299814625, 42.320923479809885 ], [ 2.070056849668504, 42.320909919549678 ], [ 2.070095630363082, 42.320896999677444 ], [ 2.070112160274351, 42.320887039753501 ], [ 2.070133429500228, 42.320868569719565 ], [ 2.070144969611337, 42.320859569897294 ], [ 2.070158800083691, 42.320852029615246 ], [ 2.070191380341076, 42.320839950126548 ], [ 2.070221129588446, 42.320832880252595 ], [ 2.070241180077245, 42.320828110224575 ], [ 2.070291620102508, 42.320823390271478 ], [ 2.070346189822435, 42.320826259854243 ], [ 2.070353689685942, 42.320827579706972 ], [ 2.070369060392209, 42.320830409744509 ], [ 2.070400129887158, 42.320838679724531 ], [ 2.07042811025183, 42.320850699988249 ], [ 2.070465780359124, 42.320872080432103 ], [ 2.07050494042928, 42.320890680165931 ], [ 2.070532609622286, 42.320898449728205 ], [ 2.070537939398357, 42.320899950110856 ], [ 2.070589600109091, 42.320910910447409 ], [ 2.070639629524264, 42.320925269930711 ], [ 2.070718490528861, 42.32095987000082 ], [ 2.070789749923467, 42.320982419561425 ], [ 2.070850730463179, 42.321009169962203 ], [ 2.070871509821126, 42.321018290356349 ], [ 2.070975869726567, 42.321068219826905 ], [ 2.071080929875704, 42.321120139808471 ], [ 2.07113245042527, 42.321140729833736 ], [ 2.071212760078046, 42.321167140390678 ], [ 2.071252110443329, 42.321181410401536 ], [ 2.071289729394798, 42.321198379897737 ], [ 2.071319489878269, 42.321215799979122 ], [ 2.071363240524938, 42.321241390170208 ], [ 2.071432700147446, 42.321288160032225 ], [ 2.071506029915506, 42.321335760027743 ], [ 2.071540490079341, 42.321360900267557 ], [ 2.071570300542624, 42.321388880280416 ], [ 2.071600620090094, 42.321422929981196 ], [ 2.071618770577325, 42.321443309930572 ], [ 2.071676559827335, 42.321507809923119 ], [ 2.071768020541408, 42.321552139645526 ], [ 2.071878039655628, 42.32160471955622 ], [ 2.071988690415461, 42.321656859574588 ], [ 2.072041769884379, 42.321678279556814 ], [ 2.072125609864671, 42.321704349697228 ], [ 2.072211689839837, 42.321726479743106 ], [ 2.072324400288551, 42.321753690249992 ], [ 2.072437359498944, 42.32178000025246 ], [ 2.072526419856982, 42.321798109555779 ], [ 2.072615209897051, 42.321817110003565 ], [ 2.072632460100692, 42.321824449857836 ], [ 2.072644209398682, 42.321834000334086 ], [ 2.072659799544084, 42.321855379795771 ], [ 2.072680149897266, 42.321890939950841 ], [ 2.072693150290542, 42.321906449935611 ], [ 2.072710569942853, 42.321918120355811 ], [ 2.072763140369494, 42.321941510012898 ], [ 2.072815589477113, 42.321964899565437 ], [ 2.072943969403827, 42.322023930254289 ], [ 2.073072599654487, 42.322082789906702 ], [ 2.073135560155008, 42.32210905976396 ], [ 2.073233360346201, 42.322143620266807 ], [ 2.073333390066317, 42.322174870069425 ], [ 2.073388540502757, 42.322187380270655 ], [ 2.073474280125772, 42.322199780086287 ], [ 2.073516159443946, 42.322207689870361 ], [ 2.073556279602688, 42.322219449920624 ], [ 2.07368923947865, 42.32227203962983 ], [ 2.073820100245269, 42.322327759842878 ], [ 2.073873879806701, 42.322351339778606 ], [ 2.073931159506814, 42.322376569947401 ], [ 2.074040739435707, 42.322426629745024 ], [ 2.074062410298028, 42.322438329787403 ], [ 2.074095910575354, 42.322462830181671 ], [ 2.07414326998745, 42.322502659994022 ], [ 2.074168970132335, 42.322521059728423 ], [ 2.07419811031365, 42.322536599893866 ], [ 2.074265819620996, 42.322562189690771 ], [ 2.074318019527364, 42.322577650320873 ], [ 2.074398459836865, 42.322595859693521 ], [ 2.074480900368742, 42.322609670390612 ], [ 2.074596069886534, 42.322626269575984 ], [ 2.074653760465275, 42.322631780356055 ], [ 2.074711869752792, 42.322633149902927 ], [ 2.074769050071736, 42.322631990230938 ], [ 2.074826470549347, 42.322630839673039 ], [ 2.074972840440493, 42.322605630180178 ], [ 2.075053329626239, 42.322586549947502 ], [ 2.075163999804483, 42.322562589555524 ], [ 2.07527572945542, 42.322540529771572 ], [ 2.075374180214246, 42.322522500177122 ], [ 2.075473679852223, 42.322507179868964 ], [ 2.075579420344625, 42.322496049869628 ], [ 2.075685830288519, 42.322489259780205 ], [ 2.07578503960631, 42.322485640220606 ], [ 2.075799359701104, 42.322485670087715 ], [ 2.075905050023614, 42.322494630075497 ], [ 2.075973619426196, 42.32250337007725 ], [ 2.076040819464793, 42.322513549877833 ], [ 2.07614041973814, 42.322532730170593 ], [ 2.076239640344602, 42.322552979938422 ], [ 2.076378190480991, 42.322581019653562 ], [ 2.076516739682255, 42.322608799819598 ], [ 2.076613819547925, 42.322626240147265 ], [ 2.07671126970199, 42.322642429732561 ], [ 2.076730080344421, 42.32264527040607 ], [ 2.076771089878103, 42.322651459948297 ], [ 2.07683154011389, 42.322659149702027 ], [ 2.076926570042097, 42.322667479853685 ], [ 2.077039589882652, 42.322665060120492 ], [ 2.077152609819133, 42.322662550216151 ], [ 2.077302629923441, 42.322661140391169 ], [ 2.077452729676008, 42.322663249673724 ], [ 2.077550510042791, 42.322665660147891 ], [ 2.077661690221416, 42.322664390383906 ], [ 2.07768869959077, 42.322660200084592 ], [ 2.077739570369143, 42.322658539676944 ], [ 2.077816780260458, 42.322665010104664 ], [ 2.07789372052234, 42.322673739730774 ], [ 2.07802437050761, 42.322685859676859 ], [ 2.078219440195377, 42.322707699752314 ], [ 2.078316699648581, 42.322721360243953 ], [ 2.078413790191207, 42.322737450027958 ], [ 2.078436289961294, 42.322742310409431 ], [ 2.07846846967241, 42.322749319975571 ], [ 2.078508229548202, 42.322760989840809 ], [ 2.078564329828971, 42.322783780187436 ], [ 2.078590339705559, 42.322797850412577 ], [ 2.078614620445456, 42.322813899775447 ], [ 2.078664299540248, 42.322852580080017 ], [ 2.078743369835518, 42.322923459878226 ], [ 2.078852939599177, 42.323032860350921 ], [ 2.078908699794917, 42.323086809622794 ], [ 2.07896790003979, 42.323138889826261 ], [ 2.079051199750016, 42.323210069962165 ], [ 2.079095250568287, 42.323243929865896 ], [ 2.079144199572566, 42.323274130306757 ], [ 2.079210979609277, 42.323305379928904 ], [ 2.079279869963093, 42.323333399777624 ], [ 2.079380980449879, 42.323373930113277 ], [ 2.079386769875143, 42.323376229909755 ], [ 2.079494539771067, 42.323418250077886 ], [ 2.079570350061827, 42.323445880406595 ], [ 2.079609620429856, 42.323457539655834 ], [ 2.079650389499091, 42.323466960309972 ], [ 2.079705959897889, 42.323476050347381 ], [ 2.079803510084044, 42.323486020332972 ], [ 2.079950280029534, 42.323491159880554 ], [ 2.080097360511849, 42.32349197972944 ], [ 2.080305159624619, 42.323490229776162 ], [ 2.080513179833698, 42.32348163031876 ], [ 2.080575140507217, 42.323477440427773 ], [ 2.080618190445428, 42.323472670185971 ], [ 2.080621330336677, 42.323472319810172 ], [ 2.080655389691482, 42.323466469688782 ], [ 2.080705100130867, 42.323453270021155 ], [ 2.080752240604755, 42.323433199728377 ], [ 2.080786920272262, 42.32341033040872 ], [ 2.080828870196695, 42.323371490396021 ], [ 2.080871770255987, 42.323333739610312 ], [ 2.080938719418702, 42.323286729727691 ], [ 2.081010369720497, 42.323241909929834 ], [ 2.081039959557147, 42.323227109684737 ], [ 2.081087420558765, 42.323209930061445 ], [ 2.081137359609863, 42.323197179638036 ], [ 2.081181150068351, 42.323189960069755 ], [ 2.081214810225574, 42.323187259600125 ], [ 2.081265400438403, 42.32318838995721 ], [ 2.081310199648935, 42.323195499840317 ], [ 2.081319640565265, 42.323197739635894 ], [ 2.081359040501888, 42.323208679741498 ], [ 2.081435949634717, 42.323236230283435 ], [ 2.081549600485308, 42.32328235015828 ], [ 2.081607419823791, 42.323303790171082 ], [ 2.081667110297486, 42.323321830047362 ], [ 2.081710540161334, 42.323331729687823 ], [ 2.081757949462112, 42.323342550077435 ], [ 2.081849830560797, 42.323359140099697 ], [ 2.08189369056729, 42.323363999728208 ], [ 2.081915790305496, 42.323363269772308 ], [ 2.08193732959863, 42.323358850049921 ], [ 2.081963089817884, 42.32334834000568 ], [ 2.081995919849236, 42.323327529602892 ], [ 2.082024310034694, 42.323302990264963 ], [ 2.08207397003469, 42.323251240109521 ], [ 2.082142120273388, 42.323171630036676 ], [ 2.082156619764495, 42.3231562403897 ], [ 2.082178240209655, 42.323133290425794 ], [ 2.082218809979393, 42.323097319888227 ], [ 2.08235137985283, 42.32299381981111 ], [ 2.082393980320183, 42.32296056997874 ], [ 2.082555130358665, 42.322836760083824 ], [ 2.082570590391517, 42.322824910241408 ], [ 2.082763379433059, 42.322678479631087 ], [ 2.082958680180683, 42.322533689868507 ], [ 2.082997029936103, 42.322509049818457 ], [ 2.083059990149777, 42.322477319771195 ], [ 2.083127170359626, 42.322447320173467 ], [ 2.083180470214536, 42.322421270379301 ], [ 2.083207650184034, 42.322412569913034 ], [ 2.083221509709511, 42.322410969578435 ], [ 2.083235579974899, 42.322411989886419 ], [ 2.083335989494957, 42.322433500266655 ], [ 2.08343687011617, 42.322457090219302 ], [ 2.083549140161128, 42.322480870182098 ], [ 2.083661789729561, 42.322504010036056 ], [ 2.083710470004818, 42.322511610206931 ], [ 2.083785410136172, 42.322515540385844 ], [ 2.083822809693638, 42.322514210030171 ], [ 2.083859389942941, 42.322510629709036 ], [ 2.083884219943687, 42.322505970233564 ], [ 2.083925920373794, 42.322492519641955 ], [ 2.083961590503704, 42.322477889698966 ], [ 2.083986839487518, 42.322467520110337 ], [ 2.084017829697938, 42.322456420058948 ], [ 2.084049860228799, 42.322448480427049 ], [ 2.084164650130906, 42.322432919875389 ], [ 2.084340730138779, 42.322417390264704 ], [ 2.084428489623406, 42.322407919623537 ], [ 2.084514849685495, 42.322394020274146 ], [ 2.084631719425178, 42.322368920440766 ], [ 2.084718199733861, 42.322347639638387 ], [ 2.084845669833355, 42.322310919939653 ], [ 2.084970199619944, 42.322268059724742 ], [ 2.085008419675274, 42.322251970109761 ], [ 2.085071150299595, 42.322219330213038 ], [ 2.085161599992443, 42.322166549663848 ], [ 2.085208200384035, 42.32214170992097 ], [ 2.085257670066505, 42.322119859642633 ], [ 2.085313909687923, 42.322099229632158 ], [ 2.08540034031486, 42.322072539783278 ], [ 2.085444919547263, 42.322061550438455 ], [ 2.085490439805638, 42.322052369791834 ], [ 2.085582999816769, 42.322038610045709 ], [ 2.085676189710114, 42.322030880295692 ], [ 2.085755700011313, 42.322029179922296 ], [ 2.085798430426048, 42.322028529955411 ], [ 2.08583520991128, 42.322028009946948 ], [ 2.085902129914602, 42.322024579897878 ], [ 2.085968749937225, 42.322016469675411 ], [ 2.086000800453629, 42.32200762004517 ], [ 2.086022419589359, 42.321997800161071 ], [ 2.086052550235899, 42.321979220385359 ], [ 2.08608173977564, 42.321957660202962 ], [ 2.086132459980035, 42.321916540258854 ], [ 2.086150010517789, 42.32189434963275 ], [ 2.086155040111743, 42.32188240986865 ], [ 2.086156920040244, 42.321869910042388 ], [ 2.086154249809363, 42.321819450369368 ], [ 2.08614890988705, 42.321769060379673 ], [ 2.086140880072227, 42.321712169997191 ], [ 2.086134659498539, 42.321655379590958 ], [ 2.086139110538175, 42.321624799893449 ], [ 2.086148530011449, 42.321602269776506 ], [ 2.086190630145182, 42.32153604968078 ], [ 2.086245360194421, 42.321460840410246 ], [ 2.086275979749121, 42.321425140362116 ], [ 2.086309620253864, 42.321389749870036 ], [ 2.086336430202708, 42.321365379682497 ], [ 2.086381790212118, 42.321333679570216 ], [ 2.086434600332103, 42.321307349667542 ], [ 2.086463249398706, 42.321298119768002 ], [ 2.086486119594417, 42.321294160093871 ], [ 2.086520590530926, 42.321293799792308 ], [ 2.08653681023074, 42.321296639830599 ], [ 2.086551910483135, 42.321301529732175 ], [ 2.086622469738617, 42.321331539806593 ], [ 2.086692909953248, 42.321361729911018 ], [ 2.086747899416594, 42.321385589940803 ], [ 2.086802900163696, 42.321409260006348 ], [ 2.086826730397508, 42.32141502994385 ], [ 2.086846140487737, 42.321415279989154 ], [ 2.086876050162723, 42.321411189873359 ], [ 2.086904429760375, 42.321404480313028 ], [ 2.086933829977553, 42.321393909872867 ], [ 2.086975979497662, 42.321373980087131 ], [ 2.086997709902945, 42.321365419949586 ], [ 2.087020719928699, 42.321359930253308 ], [ 2.087112059959798, 42.321346519796933 ], [ 2.087203630344006, 42.321333290321903 ], [ 2.087337280230144, 42.321314449920884 ], [ 2.087470810145935, 42.321295340028726 ], [ 2.087511079880791, 42.321287819835703 ], [ 2.08756235036179, 42.321273269685356 ], [ 2.087578959668835, 42.321268550294135 ], [ 2.087628129737395, 42.321250029743105 ], [ 2.087699469397197, 42.321217990059154 ], [ 2.087769140286111, 42.321183599983378 ], [ 2.087896939833162, 42.321115720356424 ], [ 2.08801838959288, 42.321042299992016 ], [ 2.088132729905434, 42.320964680174342 ], [ 2.088240359873276, 42.320881779769259 ], [ 2.088284849441862, 42.320842949990535 ], [ 2.088346289850987, 42.32078220004297 ], [ 2.088402060242856, 42.320718430283925 ], [ 2.088437109706914, 42.320669899722439 ], [ 2.088483580037129, 42.320594800220306 ], [ 2.088507660158159, 42.320557520155397 ], [ 2.088534400231038, 42.320521260000866 ], [ 2.088591160310639, 42.320456239867674 ], [ 2.088654309793375, 42.320394239785223 ], [ 2.088732170337536, 42.320330279786525 ], [ 2.088815930262139, 42.320270159964721 ], [ 2.088865090582152, 42.320235329736292 ], [ 2.088891879759742, 42.320220960002509 ], [ 2.088921870112728, 42.320211650082726 ], [ 2.089000709559707, 42.320197149923636 ], [ 2.089079680262309, 42.32018254988516 ], [ 2.089261559901947, 42.32017642957215 ], [ 2.089443439413342, 42.320170399930646 ], [ 2.089473449737174, 42.320168030090805 ], [ 2.089517740155148, 42.320160179974913 ], [ 2.089561470570799, 42.320149000359926 ], [ 2.089614260043077, 42.32013177033852 ], [ 2.089687900560516, 42.320099660316643 ], [ 2.089710650162967, 42.320087689955194 ], [ 2.089757730286916, 42.320062929609179 ], [ 2.089789130396496, 42.320039320031562 ], [ 2.089828679733618, 42.319997929634212 ], [ 2.089850559719254, 42.319979099634381 ], [ 2.089877350104922, 42.319964370337104 ], [ 2.089917569646909, 42.319952170251014 ], [ 2.089959439527814, 42.319943849548544 ], [ 2.090065150193706, 42.319937180143164 ], [ 2.090076039662987, 42.31993649023687 ], [ 2.090192769634602, 42.319929130035526 ], [ 2.090253550464254, 42.319922230030038 ], [ 2.0902982102175, 42.319913490042104 ], [ 2.090364120187897, 42.319896180044196 ], [ 2.090429220324113, 42.319875440382475 ], [ 2.090477410068276, 42.319857360227424 ], [ 2.090500140291514, 42.319846550435251 ], [ 2.090517980525243, 42.319838139791479 ], [ 2.090518150357188, 42.319838060084059 ], [ 2.090535819611323, 42.319829639975865 ], [ 2.090544619683907, 42.319825469723597 ], [ 2.090557719832285, 42.31981756003929 ], [ 2.090606809502248, 42.319788050177081 ], [ 2.090630619744922, 42.319769149778551 ], [ 2.090662249501423, 42.31973823967104 ], [ 2.090697490107364, 42.319710240127428 ], [ 2.090704779427718, 42.319706059683327 ], [ 2.090744959974978, 42.319683059834986 ], [ 2.090818210085263, 42.319644189643675 ], [ 2.09085465975456, 42.319624669833686 ], [ 2.090874969572563, 42.319613300412087 ], [ 2.090890510538866, 42.319604600397327 ], [ 2.090940239467071, 42.319572390039845 ], [ 2.091012449669981, 42.319521270447133 ], [ 2.091050179967479, 42.319497249592906 ], [ 2.091090650098837, 42.319475949559354 ], [ 2.091126149473721, 42.31946300015295 ], [ 2.091183030288028, 42.319449040413275 ], [ 2.091239070165653, 42.319433810430752 ], [ 2.091402769920171, 42.319375130082577 ], [ 2.091565299717544, 42.319313820368514 ], [ 2.091695780087199, 42.319260909566616 ], [ 2.091886800519009, 42.319176330078648 ], [ 2.092075710500705, 42.319086320018407 ], [ 2.092096959576978, 42.319075599947716 ], [ 2.09212473031176, 42.319061580356362 ], [ 2.092159970214653, 42.319041240004367 ], [ 2.092184119997188, 42.319024499819157 ], [ 2.09221450004158, 42.318996280299864 ], [ 2.092226250343374, 42.318980519963475 ], [ 2.0922351101104, 42.318963569557035 ], [ 2.092245260135998, 42.318932669975446 ], [ 2.092253219699285, 42.318885899688659 ], [ 2.092258379985994, 42.318839019881487 ], [ 2.092261909861833, 42.318795729589468 ], [ 2.092266299896711, 42.318752539769505 ], [ 2.092277830044511, 42.31871029987439 ], [ 2.092291980429504, 42.318679610275659 ], [ 2.09232196998918, 42.318635989977466 ], [ 2.092362110139432, 42.31859586962063 ], [ 2.092398560387076, 42.318567789961492 ], [ 2.09246690029998, 42.318524469572701 ], [ 2.09257355990515, 42.318465509880802 ], [ 2.092625450038512, 42.318435209860588 ], [ 2.092674470458293, 42.318402099733724 ], [ 2.092767480411125, 42.318330519732513 ], [ 2.092855589849448, 42.318254299689571 ], [ 2.092868389440657, 42.318241250304382 ], [ 2.092925170457886, 42.318183610421237 ], [ 2.092971820519129, 42.318128869574444 ], [ 2.093033849969209, 42.318043080387085 ], [ 2.093061559977217, 42.317998090049024 ], [ 2.093087349438925, 42.317951459820527 ], [ 2.093105640187827, 42.317911530225381 ], [ 2.093123620247735, 42.31785114991213 ], [ 2.093130920512128, 42.317790320384361 ], [ 2.093130640128582, 42.317734210416447 ], [ 2.093122630016437, 42.317649850347031 ], [ 2.093107449615976, 42.317565890172354 ], [ 2.093099400490161, 42.317539940392663 ], [ 2.093095390289698, 42.31752697957554 ], [ 2.093070729430982, 42.317469679799977 ], [ 2.093059489676244, 42.317441049794354 ], [ 2.09305140991251, 42.317412250251103 ], [ 2.093050320000089, 42.317386489702336 ], [ 2.093057850042384, 42.317360700068619 ], [ 2.093071040355587, 42.317337749784642 ], [ 2.093089300475748, 42.317317180272873 ], [ 2.093153940038886, 42.317260320204035 ], [ 2.093252110553145, 42.317176529661502 ], [ 2.093351470547581, 42.317093379763399 ], [ 2.093448839635025, 42.317013900217759 ], [ 2.093548380106383, 42.316935979591008 ], [ 2.093553630250568, 42.31693332017722 ], [ 2.093570259677955, 42.316924889573819 ], [ 2.093609109564899, 42.316914929770419 ], [ 2.093628609836238, 42.316909139913719 ], [ 2.093646450104523, 42.316900639617096 ], [ 2.093668040579236, 42.316884240024265 ], [ 2.093675339889367, 42.316874929615054 ], [ 2.093678879851732, 42.316864599724823 ], [ 2.093680780212742, 42.316825530242085 ], [ 2.093675940570345, 42.316757050427633 ], [ 2.093660060488232, 42.316654160345536 ], [ 2.09365340059372, 42.316602680391469 ], [ 2.093650859940347, 42.316551240201633 ], [ 2.093651989847926, 42.316463710215046 ], [ 2.093659919414911, 42.316376230371546 ], [ 2.093671240274637, 42.316331649788374 ], [ 2.093684569456689, 42.316299160405386 ], [ 2.093710619586857, 42.316251449552972 ], [ 2.093742239575434, 42.316204330284734 ], [ 2.093796170415335, 42.316132529702827 ], [ 2.093840229475689, 42.316081449680929 ], [ 2.093876299902905, 42.316045440299369 ], [ 2.093905550590208, 42.316019999666203 ], [ 2.093953740264894, 42.315984900175415 ], [ 2.09400793977133, 42.31595380991638 ], [ 2.094073780177225, 42.315924069750132 ], [ 2.094175060002284, 42.315884610084616 ], [ 2.094224420490158, 42.315864060016132 ], [ 2.09427443023959, 42.315843250276529 ], [ 2.09450889034835, 42.315732249751647 ], [ 2.094740249586127, 42.315616820297997 ], [ 2.094817169876009, 42.315575370133466 ], [ 2.094927950324725, 42.315508970210637 ], [ 2.094980759891332, 42.31547345014183 ], [ 2.095031650141802, 42.315436119992121 ], [ 2.095105229484176, 42.315373569976288 ], [ 2.095172069416269, 42.315307269742064 ], [ 2.095264920327283, 42.315204339903666 ], [ 2.095356810475442, 42.315100690028167 ], [ 2.095419670346053, 42.315032649794539 ], [ 2.095455559918681, 42.315000690308686 ], [ 2.095479819962588, 42.31498413040476 ], [ 2.09549931010186, 42.314970859709746 ], [ 2.095518599505704, 42.314962369648129 ], [ 2.09554986962897, 42.314956490379664 ], [ 2.095582059672352, 42.314954670186893 ], [ 2.095621499518898, 42.314954079755289 ], [ 2.095660799740823, 42.314955020140488 ], [ 2.095721890120326, 42.314960279650442 ], [ 2.095813199511813, 42.314973069634057 ], [ 2.095858869527881, 42.314978649670572 ], [ 2.095904439410652, 42.31498207014576 ], [ 2.095950209549155, 42.314981080110769 ], [ 2.095983879766379, 42.31497647959533 ], [ 2.096033950566342, 42.314963099567379 ], [ 2.096083279553227, 42.31494169016684 ], [ 2.096118660094729, 42.314920089737967 ], [ 2.096140269779896, 42.314902339814168 ], [ 2.096165320495161, 42.314873080241163 ], [ 2.096182409449583, 42.314840530132436 ], [ 2.096191040176128, 42.314805379945859 ], [ 2.096193989604973, 42.314751819810283 ], [ 2.096196439669828, 42.314725270330236 ], [ 2.096202629954954, 42.314699289794127 ], [ 2.096228310365762, 42.314634919621575 ], [ 2.096262099690625, 42.314571689578528 ], [ 2.096291360215736, 42.314528059755837 ], [ 2.096316069863618, 42.314497009755655 ], [ 2.096359409473429, 42.314453670093371 ], [ 2.096384449630733, 42.314433780296973 ], [ 2.096412259827317, 42.314415180377651 ], [ 2.096436830284299, 42.31440258988669 ], [ 2.096483769900163, 42.314386829900052 ], [ 2.096496480371518, 42.314383889605487 ], [ 2.096557790499236, 42.314369680188307 ], [ 2.096593609929231, 42.31435978014585 ], [ 2.096626690122072, 42.314346349748291 ], [ 2.096686019907651, 42.314312959752876 ], [ 2.096772100009446, 42.31425869994694 ], [ 2.096816160093594, 42.314232660132781 ], [ 2.096862360604222, 42.314209339880556 ], [ 2.096910439686166, 42.314190079929837 ], [ 2.096985440224309, 42.314164370188251 ], [ 2.097057930579588, 42.314135400248162 ], [ 2.097146289993266, 42.314091340365664 ], [ 2.097188500131262, 42.314067449998667 ], [ 2.097228429846373, 42.31404146036008 ], [ 2.097397350364958, 42.313921929659728 ], [ 2.097566270292113, 42.313802310442846 ], [ 2.097700670412063, 42.313720869843912 ], [ 2.097714859555438, 42.313712430237018 ], [ 2.097770180190773, 42.313679719606704 ], [ 2.097836259544905, 42.313640520069285 ], [ 2.097963329869275, 42.31356290040241 ], [ 2.09808846968477, 42.313483639813398 ], [ 2.098170589515672, 42.3134264703573 ], [ 2.098287640069219, 42.313336160325591 ], [ 2.098402049440445, 42.313243839964841 ], [ 2.098536920228715, 42.313129090431147 ], [ 2.098543260215804, 42.313123660081715 ], [ 2.098671560547254, 42.313013790454576 ], [ 2.0987146202861, 42.312980439919258 ], [ 2.098783600061422, 42.312934149633946 ], [ 2.098820669473769, 42.312913100197022 ], [ 2.09885989007176, 42.312893679740121 ], [ 2.098912629968754, 42.312871579933734 ], [ 2.098994329532337, 42.312843679901235 ], [ 2.099077920503194, 42.312819029650804 ], [ 2.099165350347261, 42.312797379699632 ], [ 2.099298499568559, 42.312769329763782 ], [ 2.099364010387373, 42.312753190313089 ], [ 2.099427520046772, 42.312733149889908 ], [ 2.099511250475949, 42.31269878016785 ], [ 2.099528819763395, 42.312691529562507 ], [ 2.0996264297403, 42.312645369933378 ], [ 2.099643729793341, 42.312636489799601 ], [ 2.099772750014135, 42.312570240070478 ], [ 2.099780940609679, 42.312565979659368 ], [ 2.09980785994305, 42.312552290127705 ], [ 2.099843029527895, 42.312534409989134 ], [ 2.099936050025206, 42.312487049580795 ], [ 2.100028370550178, 42.312445799624165 ], [ 2.100099150052497, 42.312417270026174 ], [ 2.100208189890879, 42.312378409858844 ], [ 2.100320789600649, 42.312343989591966 ], [ 2.100406899865801, 42.312321879834577 ], [ 2.100537720407488, 42.312295350223188 ], [ 2.100670880382888, 42.31227478011472 ], [ 2.100775879482174, 42.312262989679347 ], [ 2.100881080414414, 42.312255259765976 ], [ 2.100965099641142, 42.312250969713347 ], [ 2.101091439868448, 42.31224934034735 ], [ 2.101153649755281, 42.312252349717483 ], [ 2.101216900410481, 42.312258879578941 ], [ 2.101286149869878, 42.312269780236569 ], [ 2.101396860559964, 42.312292179610971 ], [ 2.101405689481131, 42.312293959953728 ], [ 2.101582989453665, 42.312335149778519 ], [ 2.101672020047217, 42.312354669993688 ], [ 2.101761939622372, 42.312371409725024 ], [ 2.101990759779354, 42.312407599752177 ], [ 2.102080780479912, 42.312420309809283 ], [ 2.10222120978797, 42.31244012040252 ], [ 2.102311699885105, 42.31245045995356 ], [ 2.102447810083263, 42.312461610442384 ], [ 2.102583850272799, 42.312468980374248 ], [ 2.102656760350151, 42.312470279563811 ], [ 2.102765919867584, 42.312464919577671 ], [ 2.102820490585056, 42.31245886039742 ], [ 2.102874969564748, 42.312450459795905 ], [ 2.102951750227857, 42.312434939624339 ], [ 2.103007769397291, 42.312420699765063 ], [ 2.103089429780781, 42.3123952200351 ], [ 2.103168500054082, 42.312364400103228 ], [ 2.103328609927451, 42.312291719623012 ], [ 2.10348368008882, 42.312214939578169 ], [ 2.10358445007287, 42.31215944036618 ], [ 2.103685720199183, 42.312103400107027 ], [ 2.10372286044085, 42.312085590016395 ], [ 2.103781539573288, 42.312063349762198 ], [ 2.103811990369872, 42.312054940129997 ], [ 2.103843389593508, 42.312048700259595 ], [ 2.103877549924567, 42.312044469598703 ], [ 2.103938370577486, 42.312042419598676 ], [ 2.103984450585244, 42.312044489936838 ], [ 2.104053249724684, 42.312052509766552 ], [ 2.104120670324729, 42.312064559808498 ], [ 2.104262070165242, 42.312095840213644 ], [ 2.104302349528534, 42.312104799785395 ], [ 2.104481649579359, 42.3121505100939 ], [ 2.104591459732707, 42.312185229563717 ], [ 2.104752119656204, 42.312244480415288 ], [ 2.104833640244955, 42.312272039602554 ], [ 2.104917890144455, 42.312295040449982 ], [ 2.104958440583141, 42.312301840450338 ], [ 2.10502114026814, 42.312304040098432 ], [ 2.105082990062215, 42.312298310438834 ], [ 2.105141979776591, 42.312287959925946 ], [ 2.105157670277196, 42.312285140091141 ], [ 2.105200980565894, 42.312277340187563 ], [ 2.105263609527539, 42.312267570083094 ], [ 2.105326320064564, 42.312261120218551 ], [ 2.10535556002333, 42.312261260098651 ], [ 2.105405930202725, 42.312268859743384 ], [ 2.105443030086665, 42.312279319737378 ], [ 2.105497580578773, 42.312300280038372 ], [ 2.105551109652392, 42.312324479934937 ], [ 2.105641609416092, 42.312369130063296 ], [ 2.105684340572979, 42.312393150212166 ], [ 2.105766680038681, 42.312439449551078 ], [ 2.106006329458258, 42.3125338096782 ], [ 2.106128570571282, 42.312581959882131 ], [ 2.106446289905775, 42.312707369972706 ], [ 2.10654230965454, 42.312753379992593 ], [ 2.106681310228693, 42.312819970434269 ], [ 2.106823380194735, 42.312864309902515 ], [ 2.10694302041931, 42.312864610440947 ], [ 2.107116240354917, 42.312860109967261 ], [ 2.107423640551571, 42.312900329631049 ], [ 2.107470179635083, 42.312907920161841 ], [ 2.107821569717331, 42.312965290087305 ], [ 2.107994079477148, 42.313027850066788 ], [ 2.108046970080582, 42.313047020244831 ], [ 2.108171830216799, 42.313081310288595 ], [ 2.10818566992804, 42.31308926041411 ], [ 2.108197349819589, 42.313095830221108 ], [ 2.108201739744269, 42.313098340132029 ], [ 2.108209019809309, 42.313102499917278 ], [ 2.108216850085179, 42.313106880126888 ], [ 2.108232269610268, 42.313114749770847 ], [ 2.108282270381739, 42.313140080032809 ], [ 2.108349910088942, 42.313170960084527 ], [ 2.108401919604967, 42.31319135978071 ], [ 2.108496379814457, 42.313221809759177 ], [ 2.108640550430679, 42.313263279564616 ], [ 2.108710980200896, 42.313286070225217 ], [ 2.108778550260247, 42.313312710325349 ], [ 2.108807339581499, 42.313327710341831 ], [ 2.108853010149023, 42.313359310048021 ], [ 2.108918419686658, 42.313410259569991 ], [ 2.108953660490412, 42.313432600098366 ], [ 2.108982600594357, 42.313445519939656 ], [ 2.108993090359683, 42.31345019004339 ], [ 2.109160820287038, 42.313507600179761 ], [ 2.10923974036527, 42.313534559641894 ], [ 2.109273860281162, 42.313546220072205 ], [ 2.109328800404856, 42.313564930058803 ], [ 2.109505960054975, 42.313625559656501 ], [ 2.109684939902722, 42.313686210318096 ], [ 2.10971431007154, 42.313694550124943 ], [ 2.109767560082105, 42.313703879565828 ], [ 2.109849759752591, 42.313709199969416 ], [ 2.109932010448541, 42.313710469780041 ], [ 2.10998891024275, 42.313711810245678 ], [ 2.110031750111768, 42.313711330405404 ], [ 2.110063809549611, 42.313709060230742 ], [ 2.110111380080186, 42.313700779994186 ], [ 2.110134889808764, 42.313693760290924 ], [ 2.110158199663505, 42.313684390248746 ], [ 2.110203320548106, 42.313659980005653 ], [ 2.110259330611152, 42.313620419571528 ], [ 2.110302710235219, 42.313590230091734 ], [ 2.110311659703768, 42.313583999785095 ], [ 2.110398310064674, 42.313531169712434 ], [ 2.110484790141004, 42.313482580111611 ], [ 2.110539499895994, 42.313457610092719 ], [ 2.11058242992222, 42.313442269829288 ], [ 2.110649800382909, 42.313423430227047 ], [ 2.110719779638205, 42.313408299703852 ], [ 2.110813560521826, 42.313392550371326 ], [ 2.110883819712765, 42.313383819830975 ], [ 2.110989499808783, 42.313375629553214 ], [ 2.111095229775111, 42.313373119693189 ], [ 2.111257169894305, 42.313376530116955 ], [ 2.111337650141975, 42.313383640042609 ], [ 2.11141644969537, 42.313397399578449 ], [ 2.111565819688294, 42.313432059584734 ], [ 2.111714580536263, 42.313466990263322 ], [ 2.111723529842514, 42.313469130086681 ], [ 2.111896469896949, 42.313510090073244 ], [ 2.112062749460712, 42.313533539954761 ], [ 2.11222901958471, 42.313556979615448 ], [ 2.112260039640014, 42.313560099918327 ], [ 2.112317810274222, 42.313559650159583 ], [ 2.112368129845429, 42.313553369801689 ], [ 2.112411700147581, 42.313544249799151 ], [ 2.1124977095147, 42.313520329866002 ], [ 2.112715000223822, 42.313436279986526 ], [ 2.112811990074476, 42.313399199555228 ], [ 2.113179659845539, 42.313243270265588 ], [ 2.113183049700798, 42.313241920354926 ], [ 2.113294120500239, 42.313197859735332 ], [ 2.113413359444819, 42.313157810425054 ], [ 2.113517130403455, 42.313130059879661 ], [ 2.113675460102339, 42.313097149910327 ], [ 2.11383672963408, 42.313070390172705 ], [ 2.113920259726311, 42.313058600099154 ], [ 2.113983579429875, 42.313051709810239 ], [ 2.114078299740358, 42.313046230183303 ], [ 2.114171710543153, 42.31304811993683 ], [ 2.114257960554275, 42.313058690189983 ], [ 2.114332119790934, 42.313074210390894 ], [ 2.114460230178328, 42.313110690059908 ], [ 2.114652429868074, 42.31317160978837 ], [ 2.114750359626497, 42.3131971397762 ], [ 2.114800219725177, 42.313207070234164 ], [ 2.114850829819362, 42.313214570317591 ], [ 2.114966180014687, 42.313227260448436 ], [ 2.115139380019011, 42.3132407598426 ], [ 2.115226090295497, 42.313244490106385 ], [ 2.115312709642368, 42.313245789764935 ], [ 2.115473529426102, 42.313243239780526 ], [ 2.115553830415581, 42.313236569677095 ], [ 2.115633739628082, 42.313223040173384 ], [ 2.115768149909985, 42.3131914801669 ], [ 2.115963129676178, 42.313140570029987 ], [ 2.116156319635912, 42.313087209622196 ], [ 2.116323730398985, 42.313038249623261 ], [ 2.116492220433228, 42.312990100135949 ], [ 2.116566959543596, 42.312973389726807 ], [ 2.116681509729375, 42.31295598988568 ], [ 2.116796970186676, 42.312942649673836 ], [ 2.116878710266072, 42.312937419889991 ], [ 2.117002600067417, 42.312937289654251 ], [ 2.117064370517667, 42.312936509861949 ], [ 2.117125340548762, 42.31293266000764 ], [ 2.117158790307813, 42.312927150062031 ], [ 2.117215080060241, 42.312910109855643 ], [ 2.117297440108259, 42.312878050052134 ], [ 2.117339369833171, 42.312864419713165 ], [ 2.117382690111182, 42.31285573989318 ], [ 2.117427270583526, 42.312852569765006 ], [ 2.117506589450293, 42.312855349811066 ], [ 2.11762666950473, 42.312867080297764 ], [ 2.117686080308227, 42.312870779645159 ], [ 2.117744459772347, 42.312869609548422 ], [ 2.117798070508323, 42.312862269597446 ], [ 2.117844820294322, 42.312851820177308 ], [ 2.118007730027941, 42.312803449909119 ], [ 2.118048520029191, 42.31279286990668 ], [ 2.118109960565968, 42.312781639968598 ], [ 2.118140819713082, 42.312778809832423 ], [ 2.118171760063621, 42.312778420057576 ], [ 2.118218800482564, 42.31278138996722 ], [ 2.118301399547456, 42.312793009832284 ], [ 2.118425430022665, 42.312817470222527 ], [ 2.118487639779419, 42.312828850338533 ], [ 2.118549769768369, 42.312837339758801 ], [ 2.118682780279895, 42.31285349955742 ], [ 2.118716249536543, 42.312855189662258 ], [ 2.118765899762648, 42.312853139607149 ], [ 2.118790349426666, 42.312849280176856 ], [ 2.118814460571195, 42.312843070256633 ], [ 2.118841049586696, 42.312833549827538 ], [ 2.118885530029289, 42.312811099963433 ], [ 2.11891995024551, 42.312787500157341 ], [ 2.118973280061888, 42.312739910257314 ], [ 2.119047030075177, 42.312663110213762 ], [ 2.119086129736142, 42.312626760385577 ], [ 2.11913002009847, 42.312594400111976 ], [ 2.119214140152666, 42.31253974990517 ], [ 2.119222949598534, 42.312534959696919 ], [ 2.119259510450687, 42.312515069620858 ], [ 2.119310990079684, 42.31249484021118 ], [ 2.119353010360715, 42.312483629761267 ], [ 2.119426719682598, 42.312471319849585 ], [ 2.119482109620358, 42.31246679005956 ], [ 2.119648639772292, 42.31246330000468 ], [ 2.119804719498547, 42.312460890372037 ], [ 2.119882659700542, 42.312466620288561 ], [ 2.119921400474343, 42.312473229993564 ], [ 2.119959850015046, 42.312482889608745 ], [ 2.119997159770786, 42.312496410373711 ], [ 2.120027049780012, 42.312510870257682 ], [ 2.120066749683767, 42.312535040112003 ], [ 2.120074700509963, 42.312539879748222 ], [ 2.120141990133101, 42.31258668011094 ], [ 2.120176750403271, 42.312608839693823 ], [ 2.120214340141424, 42.312628490268835 ], [ 2.120343599471343, 42.312687119921947 ], [ 2.120411070005281, 42.312712850003628 ], [ 2.120483109735638, 42.312733219553898 ], [ 2.120539870116486, 42.312743829968561 ], [ 2.12062518026572, 42.312752230369348 ], [ 2.120710959830828, 42.312752799922876 ], [ 2.121043720449626, 42.312741119740977 ], [ 2.121376479683945, 42.312729530444336 ], [ 2.121526039735791, 42.312724370292642 ], [ 2.121675719700248, 42.312719660267405 ], [ 2.121757360186261, 42.312721369923949 ], [ 2.121879249414666, 42.312734189642569 ], [ 2.122000979584356, 42.312750250200345 ], [ 2.122156510437215, 42.312770179935576 ], [ 2.122233499572762, 42.312782920307512 ], [ 2.122309720360501, 42.312798999602471 ], [ 2.122345259515038, 42.312809180107784 ], [ 2.122403540064324, 42.312832499799796 ], [ 2.12248657030774, 42.31287411017675 ], [ 2.122528630214227, 42.312894790274399 ], [ 2.122572540084102, 42.312913499573938 ], [ 2.122652800154185, 42.312944549725273 ], [ 2.122693420559494, 42.312955130144445 ], [ 2.122713289862003, 42.312957349956974 ], [ 2.122732710117352, 42.312956779851341 ], [ 2.122754979528732, 42.312952449889401 ], [ 2.122792680341176, 42.312937699969282 ], [ 2.122848310464756, 42.312907410317962 ], [ 2.12287679009316, 42.312892860013157 ], [ 2.12290630948841, 42.312881289658925 ], [ 2.123029769971232, 42.312842329844621 ], [ 2.123155740367553, 42.31280664028283 ], [ 2.123297429912461, 42.312772039820906 ], [ 2.123304519662264, 42.312770309923565 ], [ 2.123453299779377, 42.312734170305788 ], [ 2.123669559706409, 42.312679619960967 ], [ 2.12388582025793, 42.312625260140656 ], [ 2.123937380068927, 42.312616910077928 ], [ 2.123977449603727, 42.312615240274454 ], [ 2.124037700123942, 42.31261921022638 ], [ 2.124095920579385, 42.312629920096064 ], [ 2.124210639768039, 42.312660700119139 ], [ 2.124380300062596, 42.312711710247541 ], [ 2.124465629947976, 42.312736229716073 ], [ 2.124552079615452, 42.31275822966527 ], [ 2.125008679684115, 42.312864120162814 ], [ 2.1254652802561, 42.31296990977944 ], [ 2.125548350462196, 42.312991350043426 ], [ 2.125562370128678, 42.312994960320637 ], [ 2.12574268029112, 42.313039389656232 ], [ 2.125801349580969, 42.313052349998408 ], [ 2.125890820119304, 42.313067089657402 ], [ 2.125980979888465, 42.313075430280684 ], [ 2.12602986948709, 42.313076519805541 ], [ 2.126103580025249, 42.313072849640797 ], [ 2.126176870215914, 42.3130640400611 ], [ 2.126244980567716, 42.313052490042516 ], [ 2.126313089649685, 42.313041030034455 ], [ 2.126337320223527, 42.313037630237048 ], [ 2.126366580552494, 42.313033520351276 ], [ 2.126420419408724, 42.313027259734675 ], [ 2.126441920551632, 42.313026259953809 ], [ 2.126453809867351, 42.313025720104228 ], [ 2.126504150490018, 42.313026999701862 ], [ 2.126554619979895, 42.313027559773026 ], [ 2.126614630041312, 42.313023159896396 ], [ 2.126644180435019, 42.313018429829327 ], [ 2.126673400262604, 42.313011630342828 ], [ 2.126699010259606, 42.313002189793437 ], [ 2.126737669392635, 42.312978970256466 ], [ 2.126789340140184, 42.312937309888468 ], [ 2.126816180225831, 42.312917970196693 ], [ 2.12684599997317, 42.312902440242453 ], [ 2.126877950109167, 42.312891150351319 ], [ 2.126937380397641, 42.312875660313217 ], [ 2.127029150371959, 42.312854929955293 ], [ 2.127073260574219, 42.312841940376551 ], [ 2.12711451011941, 42.312824779905561 ], [ 2.127164999889915, 42.31279778037208 ], [ 2.127236709778047, 42.312753839795313 ], [ 2.127305199631318, 42.31270600025281 ], [ 2.127310360515481, 42.312702120086975 ], [ 2.127379019666109, 42.312650449703213 ], [ 2.127482740494842, 42.312564509576376 ], [ 2.12751420990211, 42.3125350298806 ], [ 2.127531540028435, 42.312518679724114 ], [ 2.127578329920316, 42.312470049881973 ], [ 2.12761373027043, 42.312427509735244 ], [ 2.127618549816029, 42.312421720372136 ], [ 2.127644179806456, 42.312384269965982 ], [ 2.127660360216641, 42.312355570016997 ], [ 2.127679710213674, 42.312306999756572 ], [ 2.12768914042365, 42.312265820066102 ], [ 2.127693679987449, 42.312209570227672 ], [ 2.127694720274682, 42.312125100246938 ], [ 2.12769771036937, 42.31204063969416 ], [ 2.12770818013294, 42.311941749765822 ], [ 2.127723859736326, 42.311843069681437 ], [ 2.127731380107724, 42.311816289681474 ], [ 2.127740150155996, 42.311796899666959 ], [ 2.127758729894554, 42.311769120361305 ], [ 2.127784690506546, 42.311743290273036 ], [ 2.127833969842492, 42.311707379624508 ], [ 2.127873110409074, 42.311684619967522 ], [ 2.127935270071837, 42.311655550088886 ], [ 2.128001269692572, 42.311630200068301 ], [ 2.128199259392008, 42.311562000305202 ], [ 2.128248489479107, 42.311546600443194 ], [ 2.12829930992835, 42.311530700204194 ], [ 2.128400910124227, 42.311502019954787 ], [ 2.128503780340739, 42.311477320047061 ], [ 2.128659430491997, 42.311444189769396 ], [ 2.128736960300885, 42.31142677033273 ], [ 2.128813560354467, 42.31140716971251 ], [ 2.128927990250973, 42.311371030369322 ], [ 2.129039700153165, 42.311330450068631 ], [ 2.129077539837603, 42.311313899714214 ], [ 2.129131679777947, 42.311285849901388 ], [ 2.129189419751706, 42.311260620187241 ], [ 2.129256799789121, 42.311240779935737 ], [ 2.129308399880611, 42.311229550316533 ], [ 2.129386940487172, 42.311218170385203 ], [ 2.129466619823468, 42.3112124701724 ], [ 2.129473899556216, 42.311212249852929 ], [ 2.129579390282743, 42.311209089795845 ], [ 2.129748900419433, 42.311208939932271 ], [ 2.129833310107799, 42.311211740177782 ], [ 2.129917569881615, 42.311216879903291 ], [ 2.130086259991301, 42.311232839695421 ], [ 2.130255309447496, 42.311248439920725 ], [ 2.130589809514472, 42.311268809546426 ], [ 2.130924650406678, 42.311281620176949 ], [ 2.130936040235655, 42.31128163985661 ], [ 2.131003880335434, 42.311281770341054 ], [ 2.13112273946776, 42.31127654961692 ], [ 2.131241639449979, 42.311268710111449 ], [ 2.13129714995688, 42.311264540268759 ], [ 2.131379210024377, 42.311253180231546 ], [ 2.13141963027918, 42.311243399607456 ], [ 2.131459859796891, 42.311229840375056 ], [ 2.131481469664394, 42.311220000104591 ], [ 2.131513670600012, 42.311199259836499 ], [ 2.131533819434412, 42.311181130102845 ], [ 2.13155873971795, 42.311150790037161 ], [ 2.13156619008354, 42.31113850993669 ], [ 2.13157860986199, 42.311117890017044 ], [ 2.131596610581246, 42.311079839668935 ], [ 2.131615720547437, 42.311022530113284 ], [ 2.131627069634011, 42.31096434042643 ], [ 2.13162893016347, 42.310926619946287 ], [ 2.131625459984804, 42.31086967975056 ], [ 2.131626850150617, 42.31081295017907 ], [ 2.131632179808175, 42.310787140391618 ], [ 2.131646769717913, 42.31074960997168 ], [ 2.131670450446566, 42.310712859871657 ], [ 2.131691149971241, 42.310690050216841 ], [ 2.131708820109763, 42.310675330295076 ], [ 2.131739299945485, 42.310656279978041 ], [ 2.131775430026579, 42.310640439873076 ], [ 2.131806140112488, 42.310631119648484 ], [ 2.131828629866002, 42.310627780257043 ], [ 2.131852580470293, 42.310624179937747 ], [ 2.131898560172974, 42.310624890087048 ], [ 2.131989639679946, 42.310637010096904 ], [ 2.132034630410434, 42.310647440171685 ], [ 2.132078109481702, 42.310662360025468 ], [ 2.132159260347544, 42.310699449755823 ], [ 2.132238359864592, 42.31073606999832 ], [ 2.132385669632955, 42.310796989566271 ], [ 2.132533849876972, 42.310857099579209 ], [ 2.132604340456474, 42.310884470041501 ], [ 2.132677670029053, 42.310907449855947 ], [ 2.132705739667771, 42.310913339599345 ], [ 2.132756149405653, 42.310918310365551 ], [ 2.132794609740667, 42.310918420218762 ], [ 2.132852549957263, 42.310914359859531 ], [ 2.132909440475999, 42.310906860217173 ], [ 2.132940200226695, 42.310902140370004 ], [ 2.133124420272061, 42.310873720388415 ], [ 2.13333939984896, 42.310840580154299 ], [ 2.133567999598699, 42.310805480040266 ], [ 2.133622590187399, 42.310797920336555 ], [ 2.133798129639771, 42.310773619709295 ], [ 2.133865919457097, 42.310767289859747 ], [ 2.133984889943593, 42.310763329659402 ], [ 2.13416393946944, 42.310766029991221 ], [ 2.134253470227798, 42.31076743008127 ], [ 2.134342909455517, 42.310766389663421 ], [ 2.134509929886351, 42.310761980204781 ], [ 2.134593349629716, 42.310757920349559 ], [ 2.134676569782373, 42.31075036006537 ], [ 2.134750249752863, 42.310739740416444 ], [ 2.134858989869662, 42.310719939671245 ], [ 2.134967859638774, 42.310700590104815 ], [ 2.13522293053823, 42.310663609577553 ], [ 2.135477879978773, 42.310626350179099 ], [ 2.135527639966622, 42.310616999663566 ], [ 2.135623949529609, 42.310593049939889 ], [ 2.135761100118604, 42.310554729849144 ], [ 2.135830599924289, 42.310538409572089 ], [ 2.135890739523105, 42.310528489585245 ], [ 2.135901620080367, 42.310526700115062 ], [ 2.136080850485918, 42.310508590266238 ], [ 2.136260850032546, 42.310495630203889 ], [ 2.136270559860816, 42.310494980155319 ], [ 2.136542109700266, 42.310477850436783 ], [ 2.136823580102801, 42.310462130355802 ], [ 2.136964040432354, 42.310456889657395 ], [ 2.137104590282764, 42.310453710051831 ], [ 2.137214639418088, 42.31045417970158 ], [ 2.137324759536016, 42.310458070289243 ], [ 2.137390479683567, 42.31046135028398 ], [ 2.137439689574921, 42.310465420164313 ], [ 2.137512350606281, 42.310476049927836 ], [ 2.137547789496706, 42.310484149971209 ], [ 2.137582589737475, 42.310494769604773 ], [ 2.137648139906716, 42.310518860325878 ], [ 2.13774212986842, 42.310557840279593 ], [ 2.13774236025988, 42.310557940178356 ], [ 2.137834400379419, 42.310598880427698 ], [ 2.137986349890002, 42.310667570221987 ], [ 2.138138169871747, 42.310736439863234 ], [ 2.138248730235046, 42.310788239818628 ], [ 2.138359529667018, 42.310840139629931 ], [ 2.138424109788822, 42.310865119623379 ], [ 2.138474870137001, 42.310880089961415 ], [ 2.138553490018051, 42.310897980408072 ], [ 2.138634110122704, 42.310912540067406 ], [ 2.138684119623983, 42.310919490161453 ], [ 2.138759889413761, 42.310924739738191 ], [ 2.138835370111798, 42.310923960224663 ], [ 2.13889475998225, 42.31091963031102 ], [ 2.138983259535018, 42.310907599903857 ], [ 2.139071250536245, 42.310888900209768 ], [ 2.139109010158226, 42.310878280044022 ], [ 2.139180259580924, 42.31085810005866 ], [ 2.139231369945104, 42.310838580300967 ], [ 2.139278780554515, 42.310814349587034 ], [ 2.139389159885798, 42.310745830347429 ], [ 2.139496530322651, 42.310675579966954 ], [ 2.139661379838815, 42.310563160194931 ], [ 2.139827200507455, 42.310451020352119 ], [ 2.139892650191364, 42.31041197010174 ], [ 2.139944339706351, 42.310385339563446 ], [ 2.140025639799608, 42.310349390034332 ], [ 2.14011099996685, 42.310317970332207 ], [ 2.140195559910114, 42.31029175998794 ], [ 2.140324619995809, 42.310259589763263 ], [ 2.140456719400589, 42.310235270262112 ], [ 2.140637750410112, 42.310208980253776 ], [ 2.140728660559425, 42.310197950025852 ], [ 2.140820030148725, 42.310189090031635 ], [ 2.140922419554252, 42.310181299591257 ], [ 2.141025040365082, 42.310175049932305 ], [ 2.14121964988003, 42.310167050304699 ], [ 2.14141435007196, 42.310161660087665 ], [ 2.141534800276636, 42.310162180052835 ], [ 2.141556790032209, 42.310162279834955 ], [ 2.141699150547973, 42.31016838981904 ], [ 2.141762049565673, 42.310174079634734 ], [ 2.141808420307565, 42.310181359573825 ], [ 2.141877129573583, 42.310196830187529 ], [ 2.141945040092386, 42.310217510205341 ], [ 2.141992590069353, 42.310236330282024 ], [ 2.142025130089435, 42.310252870266879 ], [ 2.142069630194643, 42.310281749800573 ], [ 2.142109210014262, 42.310315729574882 ], [ 2.142146999629895, 42.310356270382435 ], [ 2.14219431942743, 42.310418950074428 ], [ 2.1422346895223, 42.310484279584053 ], [ 2.142258140106179, 42.310535330360345 ], [ 2.142284859767621, 42.310613980405712 ], [ 2.142300720326578, 42.310652729729547 ], [ 2.142322170402982, 42.310689999731949 ], [ 2.142362480419729, 42.3107421699588 ], [ 2.142396429626452, 42.310779259646935 ], [ 2.142452869894027, 42.310831829668182 ], [ 2.142515779779355, 42.310881020326967 ], [ 2.142667379760847, 42.310985009651134 ], [ 2.142745829428955, 42.311033959727624 ], [ 2.142826970539947, 42.311080940426315 ], [ 2.143017870372434, 42.311186300185007 ], [ 2.143115850453971, 42.311235669754446 ], [ 2.143217889587852, 42.311280290041793 ], [ 2.143498390342946, 42.311390550412632 ], [ 2.143510699849561, 42.3113954101768 ], [ 2.143804379931778, 42.311509279709917 ], [ 2.143837450395764, 42.311521949623959 ], [ 2.144016709823191, 42.311590659717204 ], [ 2.144177380451648, 42.311652109684807 ], [ 2.144229170093675, 42.311671950243181 ], [ 2.144284669755397, 42.31169487963151 ], [ 2.144363859905507, 42.311734110258996 ], [ 2.144438110529686, 42.311780050431466 ], [ 2.144462720493646, 42.311799329643435 ], [ 2.144493720008729, 42.311830990348646 ], [ 2.144520320038904, 42.311864959803636 ], [ 2.144557239602523, 42.311924859993944 ], [ 2.14456618056234, 42.31193951024126 ], [ 2.144593800195282, 42.311984840349879 ], [ 2.144646539538775, 42.312050709774205 ], [ 2.144677430102768, 42.312081740090989 ], [ 2.144712579422746, 42.312111719634281 ], [ 2.144755869985226, 42.312140589998862 ], [ 2.144790939966852, 42.312158509785078 ], [ 2.144847180473027, 42.312180540215124 ], [ 2.144907609518023, 42.312198730138661 ], [ 2.144951869511795, 42.312209509940672 ], [ 2.14496506021699, 42.312211949881416 ], [ 2.144975590213636, 42.312213919676822 ], [ 2.144985399578626, 42.312215700373827 ], [ 2.144991060112695, 42.312216239717237 ], [ 2.144999939528622, 42.312217069641655 ], [ 2.1450175101433, 42.312218739792947 ], [ 2.145035810151553, 42.312220400069648 ], [ 2.145085479845759, 42.312217800195391 ], [ 2.145166580311007, 42.312205080328546 ], [ 2.145288009884095, 42.312181129635135 ], [ 2.145408769916482, 42.312152309638989 ], [ 2.145480859455275, 42.312133760302046 ], [ 2.145696249730862, 42.312078350439918 ], [ 2.145837429586995, 42.312037969716108 ], [ 2.145929330069072, 42.31200748961372 ], [ 2.145976140450643, 42.311991900200837 ], [ 2.146100430138157, 42.311944459573269 ], [ 2.146281289993332, 42.311867369598467 ], [ 2.146413570139577, 42.311805870187669 ], [ 2.146458229591019, 42.311785110385188 ], [ 2.146632690192535, 42.311696980296418 ], [ 2.146806799785254, 42.311608389819412 ], [ 2.146875780416243, 42.311577019728738 ], [ 2.146906789769201, 42.311562929864934 ], [ 2.147012299793897, 42.311521750048001 ], [ 2.147080900086049, 42.311500830362704 ], [ 2.147133359993911, 42.311489059647911 ], [ 2.147213239914359, 42.311476769648806 ], [ 2.147293550202243, 42.311469629770002 ], [ 2.147357150054743, 42.311468119565824 ], [ 2.147405170119697, 42.311470010360253 ], [ 2.147477149825343, 42.311477300097216 ], [ 2.14754808974236, 42.311489349878705 ], [ 2.147615549861565, 42.3115077698682 ], [ 2.14771214024835, 42.311543799784538 ], [ 2.147760929406163, 42.311560910120129 ], [ 2.147811459714592, 42.311574520102553 ], [ 2.14786447024873, 42.311585160276415 ], [ 2.147874389630366, 42.311587149584447 ], [ 2.147922579645305, 42.311594799913806 ], [ 2.147995070262821, 42.311600390072279 ], [ 2.148030870482591, 42.311599569938323 ], [ 2.14806598999927, 42.311595599812094 ], [ 2.148136179409848, 42.31158270041017 ], [ 2.148240739769799, 42.311558530298562 ], [ 2.148343419555989, 42.311529480137956 ], [ 2.148523630026271, 42.311473629840073 ], [ 2.148702770079828, 42.311416420398729 ], [ 2.148849409826973, 42.311367170375902 ], [ 2.148941070051859, 42.311336330328388 ], [ 2.149177459911002, 42.311253690375594 ], [ 2.149245320266356, 42.311224570168569 ], [ 2.149341979888314, 42.311173949907335 ], [ 2.149391680059122, 42.311150449776939 ], [ 2.149444720315718, 42.311131029839352 ], [ 2.149516329556378, 42.311111930427941 ], [ 2.149625830249295, 42.311089959853042 ], [ 2.149736960404822, 42.311072589855101 ], [ 2.149884769926807, 42.311053420288452 ], [ 2.150030050125693, 42.311034110200332 ], [ 2.150032340316522, 42.31103380025553 ], [ 2.150134260257891, 42.311016189584912 ], [ 2.15028597965139, 42.310985609852672 ], [ 2.150438770238332, 42.310956569790392 ], [ 2.150522020533035, 42.310946919621351 ], [ 2.15060578053624, 42.310944209652696 ], [ 2.150652579788777, 42.310946450286835 ], [ 2.150687469774952, 42.310951119893595 ], [ 2.150739129667578, 42.310962309814443 ], [ 2.150789999982495, 42.310978259883733 ], [ 2.150814730269036, 42.31098870996518 ], [ 2.150853020346541, 42.311010790044328 ], [ 2.150905549742683, 42.311047659970228 ], [ 2.150933100001495, 42.311065060187886 ], [ 2.150963599530147, 42.311080149660867 ], [ 2.151005130125201, 42.311095770203792 ], [ 2.151069180435975, 42.311114609618748 ], [ 2.1511341501841, 42.311128869906938 ], [ 2.151156789886469, 42.311132549875907 ], [ 2.151192219781772, 42.311133079627119 ], [ 2.151209620275426, 42.311129520439636 ], [ 2.151221819453064, 42.31112429985275 ], [ 2.15124251006133, 42.311110670095509 ], [ 2.151257210430634, 42.311091060086753 ], [ 2.151264540181872, 42.311069409679568 ], [ 2.151271519565705, 42.311019649593526 ], [ 2.151271000559905, 42.310994789862939 ], [ 2.151267449594858, 42.310970269735137 ], [ 2.151247020545437, 42.310901310245647 ], [ 2.151207390378602, 42.310798530373106 ], [ 2.151189519646087, 42.310746789627238 ], [ 2.15117651037773, 42.310694459843027 ], [ 2.151164629589031, 42.310612510196165 ], [ 2.15115658972931, 42.310488709789084 ], [ 2.151158000050176, 42.310365060390374 ], [ 2.151161810295235, 42.310316640366125 ], [ 2.151167639872551, 42.310280479961826 ], [ 2.15118255004725, 42.310226730347409 ], [ 2.151206690598984, 42.310173410200136 ], [ 2.151243489882297, 42.310116410197089 ], [ 2.15127629954953, 42.310076659726121 ], [ 2.151303850046174, 42.31004877006022 ], [ 2.151350109738241, 42.310010379967203 ], [ 2.151402139545069, 42.309976279826714 ], [ 2.151539330086467, 42.309898129736638 ], [ 2.151677470274045, 42.309821159999295 ], [ 2.151835880588203, 42.309735240279615 ], [ 2.151993079623293, 42.309648319811288 ], [ 2.152056959424994, 42.309608000042999 ], [ 2.152147269565956, 42.309542559560882 ], [ 2.152238050168485, 42.30947730981142 ], [ 2.152340619625511, 42.309411240223668 ], [ 2.15244703011132, 42.309347539615409 ], [ 2.15249248014928, 42.309324279599394 ], [ 2.152565420492672, 42.309296090162889 ], [ 2.152642649838102, 42.309273609810909 ], [ 2.152694719860776, 42.309262829734379 ], [ 2.152734950401398, 42.309258260110539 ], [ 2.152795500317983, 42.309257899643868 ], [ 2.152825059692433, 42.309260999982328 ], [ 2.152853619579579, 42.309266520069372 ], [ 2.152944760478047, 42.309292679690273 ], [ 2.152988829733172, 42.309308949598119 ], [ 2.153031170409613, 42.30932745013731 ], [ 2.15315583054982, 42.30938735980871 ], [ 2.153278519471357, 42.309448880387144 ], [ 2.153384160504288, 42.309504549798248 ], [ 2.153464669684532, 42.309546980157421 ], [ 2.15365082049188, 42.309645259750823 ], [ 2.153757980240255, 42.309698110313946 ], [ 2.153869300255594, 42.309747920400078 ], [ 2.153926510049102, 42.309771039673237 ], [ 2.153970839434737, 42.309786140331411 ], [ 2.154004809849172, 42.309795389844304 ], [ 2.154056739783638, 42.309804509765129 ], [ 2.154109620337714, 42.309806339944423 ], [ 2.154335320155807, 42.309796210314971 ], [ 2.154561019908691, 42.309786080240578 ], [ 2.15492328996236, 42.309743089812116 ], [ 2.154972210569187, 42.309732909613274 ], [ 2.155020560499498, 42.309719220019538 ], [ 2.155072650220255, 42.309698799795015 ], [ 2.155206029788575, 42.309632409793714 ], [ 2.155215440355632, 42.309627710401351 ], [ 2.155354060343885, 42.30956928959349 ], [ 2.155430990126371, 42.309541940068783 ], [ 2.155549159450889, 42.309506420374326 ], [ 2.156091619635223, 42.309390460075107 ], [ 2.156141519968268, 42.309378660087091 ], [ 2.156190139788061, 42.309363620170998 ], [ 2.156244680417425, 42.309340520124231 ], [ 2.156657009937615, 42.309102280333811 ], [ 2.156747100520724, 42.309052150351718 ], [ 2.156820469985447, 42.30901828031908 ], [ 2.156878270380203, 42.308997359995793 ], [ 2.156968770081584, 42.308970829696484 ], [ 2.157034369757942, 42.308955639568353 ], [ 2.157136980125446, 42.308931899991414 ], [ 2.157192539907475, 42.308923120357413 ], [ 2.157276009978252, 42.308914999726383 ], [ 2.157359019969725, 42.308913989562413 ], [ 2.157435139706857, 42.308919140208644 ], [ 2.157492199996764, 42.308926399589332 ], [ 2.157577279601726, 42.308942250360801 ], [ 2.157661690469538, 42.308963760085312 ], [ 2.157757360218969, 42.308995450070924 ], [ 2.157961720503072, 42.30907503010453 ], [ 2.15801572028324, 42.309093080360071 ], [ 2.158032629854084, 42.309098700037161 ], [ 2.158094759434501, 42.309116180423977 ], [ 2.158189359523184, 42.30913794018867 ], [ 2.158284759431897, 42.309153859894877 ], [ 2.158304400549541, 42.309155180263041 ], [ 2.158323060211211, 42.309156489821397 ], [ 2.158381719474499, 42.309152860428348 ], [ 2.158418359641645, 42.309146529686082 ], [ 2.158440210132155, 42.309142759794476 ], [ 2.158474289887573, 42.309135080044008 ], [ 2.158498889418518, 42.309127970144488 ], [ 2.158532699904936, 42.309113450078129 ], [ 2.158547509569499, 42.309103830378845 ], [ 2.158560279530637, 42.309092119806969 ], [ 2.158576579606174, 42.309070989552453 ], [ 2.158593760051708, 42.30903850997926 ], [ 2.158608029807073, 42.309005290359934 ], [ 2.158619309684994, 42.308969259614862 ], [ 2.15863653992332, 42.308914269682859 ], [ 2.158652820563488, 42.308885300375039 ], [ 2.158678550018443, 42.308857750403853 ], [ 2.158701479535036, 42.308839639879203 ], [ 2.158739779719718, 42.308815239689395 ], [ 2.159020220540196, 42.308666809560641 ], [ 2.159238960457412, 42.308531880392231 ], [ 2.159320759780248, 42.308475830025401 ], [ 2.159413699814722, 42.308412119633893 ], [ 2.159552309545983, 42.308317129831046 ], [ 2.159637120192973, 42.308272269758014 ], [ 2.159683000573895, 42.30825233958695 ], [ 2.159732139874729, 42.308234329960612 ], [ 2.159778280055448, 42.30822296014172 ], [ 2.159813519478758, 42.308218809869238 ], [ 2.15986655979251, 42.308217390066027 ], [ 2.159956899908694, 42.308221389576666 ], [ 2.160013090107991, 42.308229089832174 ], [ 2.160040790192659, 42.30823614007177 ], [ 2.160068319759318, 42.308246160164572 ], [ 2.160107010117383, 42.308265540072306 ], [ 2.160131899764969, 42.308282019794284 ], [ 2.160164179922044, 42.308309720289721 ], [ 2.160174929931568, 42.308321869884331 ], [ 2.160191789675525, 42.30834072963129 ], [ 2.160233549967334, 42.308402729881294 ], [ 2.160310520506091, 42.308545769874883 ], [ 2.160327409604858, 42.308571009729718 ], [ 2.160341330171052, 42.3085918301717 ], [ 2.160376879804856, 42.308637570327129 ], [ 2.160435339853638, 42.308703119595613 ], [ 2.160468659588546, 42.308734700233472 ], [ 2.160505980441288, 42.308765589666997 ], [ 2.160549639998131, 42.30879454955631 ], [ 2.160584950571839, 42.30881245998264 ], [ 2.160641210522988, 42.30883385960253 ], [ 2.160700940555781, 42.30884988003988 ], [ 2.160740769578582, 42.30885620023232 ], [ 2.160771449896056, 42.308857960316487 ], [ 2.160817700116937, 42.308856230102961 ], [ 2.1608630396922, 42.308849980255673 ], [ 2.16089930029412, 42.308842140123879 ], [ 2.160951089697723, 42.308825680404652 ], [ 2.160975980471158, 42.308814700386193 ], [ 2.161000550561189, 42.308801280067705 ], [ 2.161027719789398, 42.308783370312533 ], [ 2.1610603898562, 42.308753890146676 ], [ 2.161072380571, 42.308737500332768 ], [ 2.161081230063443, 42.308719730318636 ], [ 2.161088190425826, 42.308688890355739 ], [ 2.161088370301474, 42.308684390428446 ], [ 2.161092030047938, 42.308618670051317 ], [ 2.161097919437793, 42.308595930434116 ], [ 2.161124649527812, 42.308529209842725 ], [ 2.161162169566555, 42.308435730030673 ], [ 2.161180799450185, 42.308402900423495 ], [ 2.161199069619894, 42.308379890222966 ], [ 2.161232140383428, 42.308347349965743 ], [ 2.161269549948406, 42.308316549889767 ], [ 2.161301780460827, 42.308293099616577 ], [ 2.161353030106811, 42.308261960342413 ], [ 2.16140895045955, 42.308235800446823 ], [ 2.161455749429981, 42.308219749802326 ], [ 2.161615180043203, 42.308164900395234 ], [ 2.161664080176717, 42.308143380318967 ], [ 2.161844629898449, 42.308063910137278 ], [ 2.161980610255796, 42.308011219586298 ], [ 2.162050789851927, 42.307989490109989 ], [ 2.16212343001316, 42.307974440374821 ], [ 2.16224613013912, 42.307962279843032 ], [ 2.162394350568002, 42.307974979583726 ], [ 2.162450449419467, 42.307980790301315 ], [ 2.162563150350781, 42.307991430063034 ], [ 2.162665380593573, 42.30800461042503 ], [ 2.162769390285803, 42.308021219698311 ], [ 2.162887190046902, 42.308040719636409 ], [ 2.163013769843458, 42.308065599836112 ], [ 2.163094370086056, 42.308077419619245 ], [ 2.163165630082552, 42.308087869802229 ], [ 2.163318509724926, 42.308106009607499 ], [ 2.163382260298389, 42.308111159715892 ], [ 2.163478439522549, 42.30811384003465 ], [ 2.163574679683373, 42.308112559838662 ], [ 2.16363308046396, 42.308109479745305 ], [ 2.163719730421875, 42.308098760442363 ], [ 2.163800039714341, 42.308081240267953 ], [ 2.163848279528238, 42.30806683015539 ], [ 2.163907340057851, 42.308042040148074 ], [ 2.163926709450393, 42.308031419998606 ], [ 2.163962820231025, 42.30801164022995 ], [ 2.164036999912224, 42.307962920428821 ], [ 2.164051829870214, 42.307951499845316 ], [ 2.164072160458925, 42.307935080451543 ], [ 2.164074149781418, 42.307933470254817 ], [ 2.164081280560928, 42.307926680310324 ], [ 2.164103410343086, 42.307904770404683 ], [ 2.164142609778258, 42.307857779575755 ], [ 2.16419179986607, 42.307790230400983 ], [ 2.164243269680343, 42.307723690291105 ], [ 2.164261029834531, 42.307701529658161 ], [ 2.164322840103077, 42.307624389955137 ], [ 2.164366100007567, 42.307583099774419 ], [ 2.164427179724762, 42.307533289978345 ], [ 2.164452280319424, 42.307516360405302 ], [ 2.164507449472433, 42.307482450080819 ], [ 2.164642350156338, 42.30741993996115 ], [ 2.16466643033276, 42.307410069987178 ], [ 2.164749699909717, 42.307375959872964 ], [ 2.164855260603683, 42.307348629724999 ], [ 2.164904890006683, 42.307339089873139 ], [ 2.164948919651058, 42.307330489984231 ], [ 2.164954989428489, 42.307329330071482 ], [ 2.164955730194966, 42.307329189567213 ], [ 2.164981520178859, 42.307324160143871 ], [ 2.165005119461887, 42.307319639817678 ], [ 2.165037719978696, 42.307313309961245 ], [ 2.165102199706813, 42.307299500294427 ], [ 2.1651137699042, 42.307297019600917 ], [ 2.165199300527326, 42.307279359937986 ], [ 2.165245020375165, 42.307262760420492 ], [ 2.165278270487907, 42.307234809795972 ], [ 2.165296700226334, 42.307216939873399 ], [ 2.16534328969156, 42.307171429885663 ], [ 2.165375239494738, 42.30713122958764 ], [ 2.165558960135626, 42.306955330365767 ], [ 2.165678569765379, 42.306800389889375 ], [ 2.165716099952527, 42.306760680400089 ], [ 2.165801250013421, 42.306670969672382 ], [ 2.165852249963427, 42.306621439716551 ], [ 2.1659033902123, 42.306574970127905 ], [ 2.165920290317216, 42.306559619688251 ], [ 2.165966999960518, 42.306522489583948 ], [ 2.166001020032555, 42.306491580440067 ], [ 2.166073099444625, 42.306435990391044 ], [ 2.166269259984018, 42.306309440202654 ], [ 2.16647648954573, 42.306198729899208 ], [ 2.166640599977667, 42.306110680403755 ], [ 2.166804469812892, 42.306022439795221 ], [ 2.166817670599015, 42.306014789570632 ], [ 2.166825859451547, 42.30601007043655 ], [ 2.166838089789688, 42.306003049889291 ], [ 2.166845179588154, 42.305998960399805 ], [ 2.166882220171552, 42.30597761039072 ], [ 2.166906059954428, 42.305963819644298 ], [ 2.166940190439669, 42.305941410071163 ], [ 2.16698133019512, 42.305914389852475 ], [ 2.167022450101021, 42.305887400095394 ], [ 2.167036899819035, 42.305877870339692 ], [ 2.16705072981493, 42.30586878008102 ], [ 2.167057830217292, 42.305863699984862 ], [ 2.167191209916374, 42.305768390003891 ], [ 2.167234489444181, 42.30573430013888 ], [ 2.167291149959135, 42.305679150310155 ], [ 2.167316540023637, 42.305648979642292 ], [ 2.167340260079389, 42.30561672994321 ], [ 2.167360470269851, 42.305584189973992 ], [ 2.167372319391461, 42.305559500244627 ], [ 2.167383490112923, 42.305522209663259 ], [ 2.167385200458241, 42.305484490145361 ], [ 2.167375659748975, 42.305416779690162 ], [ 2.167372510583883, 42.305402010243149 ], [ 2.167361260315467, 42.305349220379497 ], [ 2.167332349961746, 42.305259669983862 ], [ 2.167319109684483, 42.305214819848239 ], [ 2.167312670352151, 42.305169469725037 ], [ 2.167309560126048, 42.305083529886055 ], [ 2.167303370582122, 42.304917499887978 ], [ 2.16730121966342, 42.304859669634084 ], [ 2.167298820207506, 42.304793540258217 ], [ 2.167296419423681, 42.304727419878006 ], [ 2.167295929561764, 42.30471368022242 ], [ 2.167295439581333, 42.304699949572047 ], [ 2.16729481952847, 42.304682739822617 ], [ 2.16729479955645, 42.304682229932531 ], [ 2.16729419947587, 42.304665530073123 ] ] } },
{ "type": "Feature", "properties": { "id": 5, "from": 6, "to": 104, "flow_need": 7, "massa_length": 652.2492159 }, "geometry": { "type": "LineString", "coordinates": [ [ 2.16729419947587, 42.304665530073123 ], [ 2.167244110140709, 42.304516929576423 ], [ 2.167221539545379, 42.304424989932762 ], [ 2.16719230005672, 42.304286540295465 ], [ 2.167157719643215, 42.304148849797102 ], [ 2.16709385954961, 42.303949799716534 ], [ 2.167057549883021, 42.303851190289421 ], [ 2.167049800165801, 42.303832559820599 ], [ 2.167016859944804, 42.30375335957914 ], [ 2.166920350543192, 42.303545700146202 ], [ 2.166819460376984, 42.303339449771336 ], [ 2.166752020075353, 42.303209630361422 ], [ 2.166684099540263, 42.303079539938381 ], [ 2.166662309925802, 42.30302948960329 ], [ 2.166657359757431, 42.303018279762128 ], [ 2.166655969417018, 42.303013770211081 ], [ 2.166652120428128, 42.303001949653272 ], [ 2.166635449775061, 42.302950129890114 ], [ 2.166634799828393, 42.302948079881546 ], [ 2.166627300216115, 42.302924669861277 ], [ 2.166619229950118, 42.302892370275735 ], [ 2.166617149596457, 42.302884249667287 ], [ 2.166612670347996, 42.302865760014036 ], [ 2.166603910206289, 42.302830299676167 ], [ 2.16659358949639, 42.302776009751007 ], [ 2.166589890014056, 42.30273455030369 ], [ 2.166590179702439, 42.30270347956499 ], [ 2.166596849650404, 42.302657330353355 ], [ 2.166608699477015, 42.30262345987741 ], [ 2.166612609851953, 42.30261240989374 ], [ 2.166642339420893, 42.302556609816264 ], [ 2.166695199614618, 42.302476570390851 ], [ 2.166722599726127, 42.302440269581389 ], [ 2.166754230002355, 42.302398379697038 ], [ 2.166844030400706, 42.302277089595798 ], [ 2.166892830160939, 42.302218990053888 ], [ 2.166920130322651, 42.302191449603463 ], [ 2.16694996014028, 42.302165280239926 ], [ 2.167065179732415, 42.302075879696176 ], [ 2.167069839426801, 42.30207231020195 ], [ 2.167083610596873, 42.302061819956783 ], [ 2.167102070306358, 42.302047780237309 ], [ 2.167190669850537, 42.301980419570938 ], [ 2.167243990102584, 42.301938660052905 ], [ 2.167292050244177, 42.301901009621709 ], [ 2.167318019781396, 42.30188033016627 ], [ 2.16739270977042, 42.301820860350034 ], [ 2.167437890412397, 42.301780660035845 ], [ 2.167468270056901, 42.301748639660666 ], [ 2.167508979680734, 42.301697959779965 ], [ 2.167545480026963, 42.301644009832422 ], [ 2.167565360353889, 42.301608129747017 ], [ 2.167586830183641, 42.301553260123626 ], [ 2.167599820220755, 42.301497059981152 ], [ 2.167606269456524, 42.301450100349854 ], [ 2.167610109614769, 42.301379430327643 ], [ 2.167604730476694, 42.301309050023661 ], [ 2.167592769695392, 42.30124069964976 ], [ 2.167569119432827, 42.301138759916313 ], [ 2.167538429894521, 42.301037310341272 ], [ 2.167489759617128, 42.300900690175467 ], [ 2.16746030943992, 42.300833830305294 ], [ 2.167424529897534, 42.300768460012904 ], [ 2.167324609843805, 42.300617870244722 ], [ 2.167216869404731, 42.300470829635827 ], [ 2.167128469525245, 42.300357699582271 ], [ 2.167040309975886, 42.300244400088609 ], [ 2.166993610290794, 42.300179479892009 ], [ 2.166928669690804, 42.300080300331622 ], [ 2.166870570233796, 42.299978739689266 ], [ 2.166832950362467, 42.299896239733457 ], [ 2.166787789796382, 42.299769919811105 ], [ 2.166786509817431, 42.299766429651477 ], [ 2.166764720137327, 42.299706800416303 ], [ 2.166738130455273, 42.299644559650893 ], [ 2.166671339813748, 42.29951149993903 ], [ 2.166633619824693, 42.299446199943411 ], [ 2.166591149980367, 42.299382309993085 ], [ 2.166547519795213, 42.299324080035184 ], [ 2.1665125636031, 42.299281714348332 ] ] } }
]
}
