{
"type": "FeatureCollection",
"name": "sau-susqueda",
"crs": { "type": "name", "properties": { "name": "urn:ogc:def:crs:OGC:1.3:CRS84" } },
"features": [
{ "type": "Feature", "properties": { }, "geometry": { "type": "MultiPolygon", "coordinates": [ [ [ [ 2.412572677640021, 41.967739360090384 ], [ 2.412170195243378, 41.96743566127509 ], [ 2.411940458693232, 41.967233365837295 ], [ 2.411760187135234, 41.96736088098924 ], [ 2.411645363439582, 41.967445133605793 ], [ 2.411550069398281, 41.96754426254892 ], [ 2.411394727847934, 41.967756026270912 ], [ 2.41126824750364, 41.967978650310783 ], [ 2.411172241562818, 41.968194771879112 ], [ 2.411102161371923, 41.968413727448514 ], [ 2.411102758119227, 41.968532253732938 ], [ 2.411125909264979, 41.968652707848243 ], [ 2.411122401549683, 41.968732306980343 ], [ 2.411082836870953, 41.96883487008558 ], [ 2.411008718480055, 41.968927807913985 ], [ 2.410934956597851, 41.968982812348401 ], [ 2.410799984680716, 41.969039315649425 ], [ 2.410656365898891, 41.969065237304633 ], [ 2.410517324513251, 41.969078481985015 ], [ 2.41037839325835, 41.969080563301127 ], [ 2.410261903566984, 41.969070779966323 ], [ 2.410147103109817, 41.969045868591117 ], [ 2.41008448797323, 41.969017717168718 ], [ 2.410031486368721, 41.968980336449142 ], [ 2.409916865940092, 41.968910576178537 ], [ 2.409796435143222, 41.968869787384634 ], [ 2.409675016931585, 41.968843676052842 ], [ 2.409593448040911, 41.968841812826845 ], [ 2.409395872854795, 41.968868179546014 ], [ 2.409199153815708, 41.96890688585929 ], [ 2.409070644439715, 41.96894342468606 ], [ 2.408943889176856, 41.968972580629462 ], [ 2.408864062995678, 41.968951907331302 ], [ 2.408782276451424, 41.968921493081261 ], [ 2.408690170813285, 41.968910301688439 ], [ 2.408597299029406, 41.968903787038855 ], [ 2.408458298774668, 41.968912708940238 ], [ 2.408319327853368, 41.968919108958254 ], [ 2.408189317880917, 41.968895921272576 ], [ 2.408065302597273, 41.968850698920029 ], [ 2.407931030030216, 41.968779303305418 ], [ 2.407812052447462, 41.968698529430988 ], [ 2.407744198605898, 41.968623063815926 ], [ 2.407674545337557, 41.968546962012041 ], [ 2.407606440991363, 41.968524360545402 ], [ 2.407535789070006, 41.968529492725551 ], [ 2.407467541879842, 41.968574534999988 ], [ 2.407403396703085, 41.968633646103086 ], [ 2.407349299010899, 41.968662639411498 ], [ 2.407268339921779, 41.96868563877954 ], [ 2.407186913043512, 41.968695303108412 ], [ 2.407094609884801, 41.968678797284674 ], [ 2.407002086041893, 41.968660846478421 ], [ 2.406889108131503, 41.968675034689817 ], [ 2.406775352154644, 41.968696332233513 ], [ 2.406700794137478, 41.968692792813556 ], [ 2.406572793927523, 41.96866097178863 ], [ 2.406446764655549, 41.968624471941141 ], [ 2.406284050802486, 41.968575173814379 ], [ 2.406123538902432, 41.968522197717391 ], [ 2.405974856209774, 41.968456576900913 ], [ 2.405847119136494, 41.968369904034716 ], [ 2.405743307487418, 41.96826867040464 ], [ 2.405640694040474, 41.968167624817227 ], [ 2.405572215573146, 41.968108275712581 ], [ 2.40550288538489, 41.968049554424084 ], [ 2.405388366657959, 41.967956461089329 ], [ 2.405273006087779, 41.967863993744864 ], [ 2.405164432098016, 41.967793181048378 ], [ 2.405055505687347, 41.967722007056324 ], [ 2.404997063263787, 41.967661357713368 ], [ 2.40498440677113, 41.967620398249231 ], [ 2.404993972559222, 41.967578479463242 ], [ 2.405021793368753, 41.967493870015758 ], [ 2.405025869825514, 41.967418416175889 ], [ 2.405023195888282, 41.967343013815096 ], [ 2.404998973958265, 41.967273808948271 ], [ 2.404955048592236, 41.967208550449186 ], [ 2.404886883359087, 41.967141009186385 ], [ 2.404817395171451, 41.967073640256558 ], [ 2.404787237663891, 41.967032768367034 ], [ 2.404771831944494, 41.966989636624255 ], [ 2.404781148483961, 41.966922768991033 ], [ 2.404796250489023, 41.966855653045009 ], [ 2.404801419879857, 41.966805424441517 ], [ 2.404797185694663, 41.966755054316494 ], [ 2.404776192574429, 41.966728107407825 ], [ 2.404751156064707, 41.966721309062713 ], [ 2.404716241051462, 41.96677679373753 ], [ 2.40468067006961, 41.966838304963559 ], [ 2.404631022461978, 41.966895147076031 ], [ 2.404586894151176, 41.966955175528831 ], [ 2.404556958558397, 41.967046530711706 ], [ 2.404538961162911, 41.967139292501379 ], [ 2.404536730596639, 41.96721034353493 ], [ 2.404534022341155, 41.967280851689878 ], [ 2.404514075116662, 41.967323534397245 ], [ 2.404467303344179, 41.967382013450937 ], [ 2.404420415240625, 41.967440404516694 ], [ 2.404373529113561, 41.967498703704869 ], [ 2.40432663915997, 41.967557274854656 ], [ 2.404281031362816, 41.967646744602369 ], [ 2.404278702889465, 41.967741483548821 ], [ 2.404300854133161, 41.967825360483808 ], [ 2.40432336178263, 41.967909332031262 ], [ 2.404346039737981, 41.968001586085926 ], [ 2.404367987983252, 41.968093929117472 ], [ 2.404374279989363, 41.968144128888717 ], [ 2.404367050809695, 41.968194532311443 ], [ 2.404333154463142, 41.968244703703391 ], [ 2.40427370878088, 41.968277897344663 ], [ 2.404214937315244, 41.968277324863173 ], [ 2.404158007717654, 41.968260543608871 ], [ 2.404089087388924, 41.968222455164948 ], [ 2.404020793328754, 41.968181925521641 ], [ 2.403973660200336, 41.968175737333226 ], [ 2.40390478135738, 41.968198076513083 ], [ 2.403834281432196, 41.96822535729661 ], [ 2.403713573404443, 41.968266615906963 ], [ 2.403591471455793, 41.968301646244896 ], [ 2.403509344466408, 41.968307436866652 ], [ 2.403382205658366, 41.96828741278982 ], [ 2.403255175770711, 41.968255856103674 ], [ 2.403151012916662, 41.968230458931501 ], [ 2.403047344805576, 41.968204431969454 ], [ 2.402939788287603, 41.968179823956589 ], [ 2.40283954676115, 41.968136338094155 ], [ 2.402806319346795, 41.968088791997374 ], [ 2.402794266937116, 41.968035499909895 ], [ 2.402778763840039, 41.96797642470343 ], [ 2.402772191225326, 41.967918028220097 ], [ 2.402803880195358, 41.96785892740477 ], [ 2.402842677084905, 41.967801033518064 ], [ 2.402849949588434, 41.967732804421651 ], [ 2.402820756614484, 41.967666809340983 ], [ 2.40272948592602, 41.967604910880937 ], [ 2.402636724409435, 41.967548495954993 ], [ 2.402528698118083, 41.967459219049481 ], [ 2.402430031637277, 41.967363055627338 ], [ 2.402393204766097, 41.967313328169325 ], [ 2.402361575468553, 41.967262091218906 ], [ 2.402329815420241, 41.967186630148888 ], [ 2.402293472195288, 41.967110874107256 ], [ 2.402224729019607, 41.967041435956538 ], [ 2.402133346150565, 41.966991691831218 ], [ 2.40206326478871, 41.966975565181578 ], [ 2.401936027873964, 41.96696571652496 ], [ 2.401808775817314, 41.966957490649826 ], [ 2.401716037360441, 41.966950519896038 ], [ 2.401623691479554, 41.966939773717399 ], [ 2.401568359505133, 41.966906969438497 ], [ 2.401531908855236, 41.966855440527766 ], [ 2.401509116175194, 41.966776692605102 ], [ 2.401497189438611, 41.966696834059846 ], [ 2.401464279231547, 41.966653877214981 ], [ 2.401373608804856, 41.96659351193243 ], [ 2.401280253619958, 41.966535566178173 ], [ 2.401129739623965, 41.966461103891753 ], [ 2.400983092689822, 41.966384319851088 ], [ 2.400911810269831, 41.966315768325956 ], [ 2.400875137407545, 41.966249020376985 ], [ 2.400843671468805, 41.966181307055329 ], [ 2.400787978351228, 41.96607176280024 ], [ 2.400729983904466, 41.965962745102416 ], [ 2.400668382151221, 41.965916853393097 ], [ 2.40059186535715, 41.965878174676789 ], [ 2.400531255528783, 41.96582922130176 ], [ 2.400477078913875, 41.965776967220712 ], [ 2.400465862311302, 41.965749982309937 ], [ 2.40046918115066, 41.965717664800671 ], [ 2.40047883004463, 41.965654036239641 ], [ 2.400455322284821, 41.965625995507203 ], [ 2.400352227553201, 41.965589967194894 ], [ 2.400247534195996, 41.96555789697554 ], [ 2.400189273335823, 41.965542014667108 ], [ 2.400132122670208, 41.965523699124013 ], [ 2.400092890750699, 41.965485579654064 ], [ 2.400063514031227, 41.965439579497712 ], [ 2.400002323224331, 41.965375589773473 ], [ 2.399925715530684, 41.965321503327623 ], [ 2.399864936408328, 41.965304072054515 ], [ 2.399800055595777, 41.965298960243828 ], [ 2.399671399559024, 41.965286667157123 ], [ 2.399555614742517, 41.96525336653967 ], [ 2.3994404446154, 41.965218363157753 ], [ 2.399271293460234, 41.965149385965518 ], [ 2.399107842189889, 41.965076836589922 ], [ 2.399002268458952, 41.965048454261115 ], [ 2.398988567917165, 41.965055225806481 ], [ 2.398984768302447, 41.965074934123827 ], [ 2.399001639918362, 41.965115459689805 ], [ 2.399077648559587, 41.965169358980631 ], [ 2.399162644949412, 41.96521690962301 ], [ 2.3992780231757, 41.965267769712568 ], [ 2.399393284883952, 41.965318720043769 ], [ 2.399549231565663, 41.965380512725773 ], [ 2.399692873821412, 41.965454396257897 ], [ 2.399773542873008, 41.965513446951363 ], [ 2.399853846712013, 41.965572593851249 ], [ 2.399911380407669, 41.965614774703411 ], [ 2.399968788995865, 41.965657049442655 ], [ 2.400060755013539, 41.965708056577014 ], [ 2.400153091878606, 41.965758526976288 ], [ 2.400177043524414, 41.965791342722653 ], [ 2.400183299294226, 41.965831909918073 ], [ 2.400198011973986, 41.965909712531726 ], [ 2.400261907635985, 41.965955981246466 ], [ 2.400343111040915, 41.965996395027773 ], [ 2.400382040586007, 41.966027942465786 ], [ 2.400386118542511, 41.966056245602942 ], [ 2.400369638328056, 41.966089301363844 ], [ 2.400327240278822, 41.966157620652893 ], [ 2.400334245239074, 41.966195396981959 ], [ 2.400381534460401, 41.966223741180556 ], [ 2.400442061699832, 41.966242530870048 ], [ 2.400570159214009, 41.966275617473933 ], [ 2.400634122818283, 41.966314318931914 ], [ 2.400690698118503, 41.96638162388934 ], [ 2.400748601341501, 41.966449026717008 ], [ 2.400816148859886, 41.966517291350918 ], [ 2.400886245601508, 41.96658385527892 ], [ 2.400932731189077, 41.966607606158448 ], [ 2.400978340487747, 41.966634594847079 ], [ 2.401008729596106, 41.966701222609252 ], [ 2.401000255559414, 41.966768818465795 ], [ 2.40097709612881, 41.966818953929298 ], [ 2.400952972798391, 41.966869175325392 ], [ 2.4009153766703, 41.966953101412194 ], [ 2.40090506204995, 41.967036542089161 ], [ 2.400950458771445, 41.96709874754545 ], [ 2.401019817617802, 41.967154497734789 ], [ 2.401078073471997, 41.967196861894536 ], [ 2.401134761869503, 41.967238951250742 ], [ 2.401181249522689, 41.967314217467468 ], [ 2.401225911052405, 41.96739028564086 ], [ 2.401304567808526, 41.967432396719353 ], [ 2.401387206470233, 41.967474980640887 ], [ 2.401442557781937, 41.967531288000011 ], [ 2.401478667752256, 41.967592814357822 ], [ 2.401490550360162, 41.967650970200978 ], [ 2.401478899994204, 41.967710084158028 ], [ 2.401454085153438, 41.967743548747983 ], [ 2.401395808972496, 41.967793772297711 ], [ 2.401337412624208, 41.967843543956761 ], [ 2.401244184209046, 41.967926911623167 ], [ 2.401150716248696, 41.968010186995507 ], [ 2.40110193260341, 41.968038394479521 ], [ 2.401042277528132, 41.968055648060634 ], [ 2.400916472522744, 41.968085971867133 ], [ 2.400848638949962, 41.968125967730131 ], [ 2.400813538252425, 41.968174421428976 ], [ 2.400801348847083, 41.968226328967184 ], [ 2.400800406926897, 41.968326839329293 ], [ 2.400799465390029, 41.968427437056263 ], [ 2.40079875893259, 41.968502820951123 ], [ 2.400798051645311, 41.968578293105956 ], [ 2.400825619964798, 41.968663190601177 ], [ 2.400865996294793, 41.968746351797044 ], [ 2.40088028581801, 41.968805328150168 ], [ 2.400864896660325, 41.968863701987601 ], [ 2.400783578483372, 41.968925514525317 ], [ 2.400678706721944, 41.968963246323128 ], [ 2.40052962787459, 41.969004985733555 ], [ 2.400377089310954, 41.969028772811562 ], [ 2.400238098398916, 41.969036421171381 ], [ 2.400099115861072, 41.969044073909963 ], [ 2.399960124877963, 41.969051722833399 ], [ 2.399821139863838, 41.969059375222386 ], [ 2.399647553853837, 41.969062880872983 ], [ 2.399473925216527, 41.969057559508165 ], [ 2.399355987301141, 41.969047571995716 ], [ 2.399242765626514, 41.969022843518147 ], [ 2.399058067285344, 41.968963242583953 ], [ 2.398873371319498, 41.968903554000207 ], [ 2.398688667638825, 41.968843952443358 ], [ 2.398504089471604, 41.968784259378758 ], [ 2.398353100006998, 41.968733305584117 ], [ 2.398219188272606, 41.968663606375273 ], [ 2.398158616549019, 41.968598083311306 ], [ 2.398078353775347, 41.96840627001211 ], [ 2.398023333942942, 41.968211798750708 ], [ 2.397991009980734, 41.968094181451491 ], [ 2.397956028287366, 41.967976728535568 ], [ 2.397912711703465, 41.967911743452568 ], [ 2.397841401249615, 41.967858770523357 ], [ 2.397740597338424, 41.96781032449622 ], [ 2.397633768622395, 41.967773827434677 ], [ 2.397528754977747, 41.967749771698365 ], [ 2.397425941821028, 41.967722481413659 ], [ 2.397345039758341, 41.967688730293034 ], [ 2.397264501625692, 41.967654533394715 ], [ 2.397149654857372, 41.967611150522345 ], [ 2.397033821024048, 41.967569560981815 ], [ 2.396953699245045, 41.967555360848422 ], [ 2.396872058366168, 41.967535116411547 ], [ 2.396809623975797, 41.967488582400755 ], [ 2.396780445607573, 41.967434120702144 ], [ 2.39679074640086, 41.967391485933817 ], [ 2.39682745420359, 41.96735051743763 ], [ 2.396897545165089, 41.967315756069617 ], [ 2.396966995628529, 41.967284149931771 ], [ 2.397033882793603, 41.967230007320296 ], [ 2.397083955346441, 41.967167494736529 ], [ 2.397098699030789, 41.967101102070373 ], [ 2.397085219440146, 41.967033303855573 ], [ 2.397055966177297, 41.966961184260605 ], [ 2.396993799604804, 41.966898709052749 ], [ 2.396924649429951, 41.966885470795035 ], [ 2.396854893156282, 41.966897980270573 ], [ 2.396777926999619, 41.966933153122582 ], [ 2.396701156220367, 41.966973191449647 ], [ 2.396645812904045, 41.966980735506006 ], [ 2.39657637040629, 41.966972894998598 ], [ 2.396507063190938, 41.966963253827146 ], [ 2.396391366701927, 41.966945892289118 ], [ 2.396275794532946, 41.966928535791617 ], [ 2.396160217643422, 41.966911174649638 ], [ 2.396044645305986, 41.966893721547244 ], [ 2.39601261590586, 41.966898690447493 ], [ 2.395981066921526, 41.966916807995965 ], [ 2.395920268225634, 41.966952245465748 ], [ 2.395882091870095, 41.966943213547168 ], [ 2.395859121139387, 41.966909590574772 ], [ 2.395859678675394, 41.966875999545422 ], [ 2.395883000435762, 41.966809109071924 ], [ 2.395907162854706, 41.966742139254322 ], [ 2.395931532100541, 41.966666428648772 ], [ 2.395931756905143, 41.966591405201498 ], [ 2.39589084848462, 41.966514544115654 ], [ 2.395840623857347, 41.96644006398698 ], [ 2.395749207444448, 41.966305472704938 ], [ 2.395657909668503, 41.966170882872618 ], [ 2.395628167623554, 41.966138303203842 ], [ 2.395598296536032, 41.966105717443867 ], [ 2.3955661066857, 41.966090418573593 ], [ 2.395522399098023, 41.966092079850668 ], [ 2.395423146245408, 41.966110201017592 ], [ 2.395366840216136, 41.966104499588873 ], [ 2.395300092816348, 41.96605425290285 ], [ 2.395228891801802, 41.96600317031568 ], [ 2.395115518120511, 41.965957358659153 ], [ 2.394998063468582, 41.965934853553563 ], [ 2.39485919901851, 41.965955288248402 ], [ 2.394719783152929, 41.965983734900988 ], [ 2.394638638916789, 41.965988439960071 ], [ 2.394557707704475, 41.965982881186704 ], [ 2.394519743409079, 41.965965299903758 ], [ 2.394495551609588, 41.965932656444309 ], [ 2.394461438946232, 41.965851417417987 ], [ 2.39442780250603, 41.965809358994996 ], [ 2.394397377927623, 41.965797578105771 ], [ 2.394281859902136, 41.965788414152307 ], [ 2.394166080294344, 41.965779604465581 ], [ 2.394071940114594, 41.965767490844186 ], [ 2.393981159150079, 41.965745126376348 ], [ 2.393899124935302, 41.965703443679523 ], [ 2.393819879207717, 41.965660421044568 ], [ 2.393727716861496, 41.965618053379828 ], [ 2.393635551017683, 41.965575685622476 ], [ 2.393543267863202, 41.965533229806574 ], [ 2.393451107134667, 41.965490857424527 ], [ 2.393389393629033, 41.965482788325907 ], [ 2.393324509335381, 41.96550352017239 ], [ 2.393195675726882, 41.965573362401521 ], [ 2.393137138068556, 41.965612771488217 ], [ 2.393089972259546, 41.965661071699117 ], [ 2.392998694352349, 41.965754168401453 ], [ 2.392915811330059, 41.965789755017447 ], [ 2.392788650319549, 41.965797729827024 ], [ 2.392661179267692, 41.965788409154086 ], [ 2.392522161482354, 41.965774253708517 ], [ 2.392383694593214, 41.965753438778677 ], [ 2.392266428570012, 41.965723544609055 ], [ 2.392152868228419, 41.965685203672656 ], [ 2.391996041278607, 41.965615382159896 ], [ 2.391853330303539, 41.965532667408887 ], [ 2.391827403193662, 41.96550613872818 ], [ 2.391814079973343, 41.965472386815236 ], [ 2.39179447583087, 41.965400769119391 ], [ 2.391762366573604, 41.965364569637146 ], [ 2.391720388371852, 41.96534939706185 ], [ 2.391670952027959, 41.965344634488119 ], [ 2.391577123189983, 41.965363588070147 ], [ 2.391466370259759, 41.965423345742273 ], [ 2.391367439858227, 41.965496586818567 ], [ 2.391287192725264, 41.965597127906562 ], [ 2.391203574504563, 41.965696928725329 ], [ 2.391128516696913, 41.965746338448156 ], [ 2.391040702248673, 41.965779827822978 ], [ 2.39095534781253, 41.965795768081286 ], [ 2.390866967793457, 41.965799804323495 ], [ 2.390693388916245, 41.965777985049037 ], [ 2.390572893637975, 41.965745996875782 ], [ 2.390460114582286, 41.965700998884117 ], [ 2.390393658137671, 41.965659037926187 ], [ 2.390320301755429, 41.965593350051236 ], [ 2.390256030869355, 41.965524197783161 ], [ 2.390134390338633, 41.965383586263087 ], [ 2.390027169588166, 41.965238009293628 ], [ 2.390011941531809, 41.965164436679409 ], [ 2.390017993344526, 41.96508628555484 ], [ 2.390005917235081, 41.965036778388452 ], [ 2.389936608923517, 41.964939408300147 ], [ 2.389845726142658, 41.964851470577514 ], [ 2.389756293970367, 41.96480136669733 ], [ 2.389661621892521, 41.964757091926856 ], [ 2.389615430353396, 41.96471613711104 ], [ 2.389577561644919, 41.964649825022725 ], [ 2.389547317093343, 41.964581664762846 ], [ 2.389517306493149, 41.964489004897978 ], [ 2.389479565663509, 41.964396935283347 ], [ 2.389411591043024, 41.964336859570373 ], [ 2.389318579376849, 41.964295475479439 ], [ 2.389191472013569, 41.964260574851508 ], [ 2.389064474987711, 41.964227023868965 ], [ 2.388920365651392, 41.964165455585409 ], [ 2.388787960691493, 41.964091442773316 ], [ 2.388749382380146, 41.964036748834204 ], [ 2.388727545276502, 41.963972773481167 ], [ 2.388696840879549, 41.963940095018025 ], [ 2.388604379167549, 41.963916904945854 ], [ 2.388501768204836, 41.963907625581747 ], [ 2.388442695753275, 41.963888486986342 ], [ 2.388351308537785, 41.963829181186711 ], [ 2.388258584172507, 41.963770149197046 ], [ 2.388190250670899, 41.963735286816991 ], [ 2.388120325535859, 41.963702312717835 ], [ 2.38805413338659, 41.963671067939721 ], [ 2.387986480342532, 41.963653142504519 ], [ 2.387958701033767, 41.96366794458465 ], [ 2.38794937808675, 41.963709236396483 ], [ 2.38795754618925, 41.963751160053981 ], [ 2.38798015009697, 41.963835674848603 ], [ 2.387983165010789, 41.963936386383118 ], [ 2.387978225723107, 41.964036875379456 ], [ 2.387960378137156, 41.964061003670004 ], [ 2.387922075449078, 41.964077824774989 ], [ 2.387836596314126, 41.964106822626668 ], [ 2.387815315427982, 41.96413661489462 ], [ 2.387837125829491, 41.964228502842737 ], [ 2.387859768365178, 41.964321211226419 ], [ 2.387870229201679, 41.964388368484066 ], [ 2.387881661116799, 41.964455442652216 ], [ 2.387901044298196, 41.964523181572602 ], [ 2.387926711246918, 41.964589792130162 ], [ 2.387960866666679, 41.964640409760662 ], [ 2.387995141753556, 41.964690760520526 ], [ 2.387992491944668, 41.964765501738405 ], [ 2.387968110975246, 41.964842290509402 ], [ 2.387970047643615, 41.964891743836695 ], [ 2.388015827441144, 41.964975750789513 ], [ 2.388061118126994, 41.965059933447939 ], [ 2.388083048735972, 41.965152191249629 ], [ 2.388105577108683, 41.965244540497068 ], [ 2.388176388162274, 41.965361554224984 ], [ 2.388242236816516, 41.965479980729732 ], [ 2.388255152024159, 41.96558065761932 ], [ 2.388240313156331, 41.965681181212602 ], [ 2.388192705923999, 41.965838545981178 ], [ 2.3881449753978, 41.965995906465672 ], [ 2.388091790080886, 41.966068487829141 ], [ 2.388038591687126, 41.96614116186587 ], [ 2.388024320874763, 41.966182154389344 ], [ 2.388030771562631, 41.966226772670382 ], [ 2.38806444764233, 41.966314587932224 ], [ 2.388155058712098, 41.966481330312654 ], [ 2.388263894382676, 41.966647723898468 ], [ 2.38830760887338, 41.966758561369026 ], [ 2.388071585483151, 41.967145942039096 ], [ 2.388029974059177, 41.967155717632593 ], [ 2.387943433422318, 41.96714426726102 ], [ 2.387884644834767, 41.967120269902914 ], [ 2.387659067207795, 41.966995674745661 ], [ 2.387569380549659, 41.966933956429585 ], [ 2.387482949177859, 41.96687296603681 ], [ 2.387426624602899, 41.966869331247473 ], [ 2.387365220120841, 41.966904400681614 ], [ 2.38731306724954, 41.966956721284973 ], [ 2.387245748698375, 41.96708011356705 ], [ 2.387244523556749, 41.967144864942505 ], [ 2.387272140531138, 41.967209772056592 ], [ 2.387342306595907, 41.967747215666684 ], [ 2.387279645902297, 41.96785018678213 ], [ 2.387195398510219, 41.967938991342798 ], [ 2.387104388812633, 41.968015963712816 ], [ 2.386905474468836, 41.968156126981299 ], [ 2.386694994456354, 41.968294968983813 ], [ 2.386462880419554, 41.968423244551367 ], [ 2.386264180741692, 41.968503422575246 ], [ 2.386061045200226, 41.968555206448499 ], [ 2.385925207506133, 41.96857438376815 ], [ 2.385815872820198, 41.968573439530068 ], [ 2.385705161346808, 41.968553124399349 ], [ 2.385486118064701, 41.968475753071459 ], [ 2.385430317126976, 41.968442491790789 ], [ 2.385387148094281, 41.968400739078888 ], [ 2.385313905281182, 41.968311272860575 ], [ 2.385254388311379, 41.968262856802589 ], [ 2.385124922417239, 41.968209206103062 ], [ 2.384974917786257, 41.968183090277975 ], [ 2.384890774836944, 41.968197683306514 ], [ 2.384856021662967, 41.968222177152064 ], [ 2.384784764919219, 41.968315102536536 ], [ 2.384730468789315, 41.968413974904706 ], [ 2.384684760778285, 41.968510819941926 ], [ 2.384639055006203, 41.96860766857381 ], [ 2.384588401198117, 41.96886724102518 ], [ 2.384537872510324, 41.969126810510126 ], [ 2.384521833586495, 41.969163113233712 ], [ 2.384490741318721, 41.96919564161729 ], [ 2.384398522456292, 41.969246754419956 ], [ 2.384326385785302, 41.96926843750532 ], [ 2.384233833285535, 41.969279104878986 ], [ 2.384144367411542, 41.969269531856739 ], [ 2.384053352402054, 41.969246254025272 ], [ 2.383877287332617, 41.969181002609815 ], [ 2.383663937106544, 41.96906493242907 ], [ 2.383461209416007, 41.968936218605926 ], [ 2.383316538220236, 41.968870055923269 ], [ 2.383262378170406, 41.968866702718174 ], [ 2.3832058311202, 41.968885222848357 ], [ 2.383089874629007, 41.968945484827508 ], [ 2.38301373738427, 41.968968759584968 ], [ 2.382971778937227, 41.968964392818869 ], [ 2.382856288644962, 41.968913424810978 ], [ 2.382752887379817, 41.968847750761199 ], [ 2.382723249886652, 41.968817147096246 ], [ 2.382696864859478, 41.968774677524138 ], [ 2.382651026260086, 41.968685084965571 ], [ 2.382623273023562, 41.968646835744849 ], [ 2.382607757522039, 41.968641080812318 ], [ 2.38258977078382, 41.968654403105781 ], [ 2.382527333036168, 41.968758271663717 ], [ 2.382491538258045, 41.968865622265326 ], [ 2.382494981711123, 41.968908960121603 ], [ 2.382514480282376, 41.968952296968318 ], [ 2.382567346560009, 41.969039138010807 ], [ 2.382585498726907, 41.969097057492149 ], [ 2.382588238233942, 41.969238297554689 ], [ 2.38256211377721, 41.969381544879845 ], [ 2.382513084400684, 41.969471979141709 ], [ 2.382381480801224, 41.969626993656398 ], [ 2.382235282957155, 41.969768876132676 ], [ 2.382055081051485, 41.969931643768014 ], [ 2.38187452957087, 41.970094147138767 ], [ 2.381700942381642, 41.970246773198483 ], [ 2.381527836456067, 41.970400216685846 ], [ 2.381505989490231, 41.970437473917009 ], [ 2.381506662969323, 41.970480263673196 ], [ 2.381529907729509, 41.970572617075064 ], [ 2.381525603847022, 41.970631135361913 ], [ 2.381471920756542, 41.970740639099809 ], [ 2.381397776812865, 41.970844264697973 ], [ 2.381330409672785, 41.970909204445697 ], [ 2.381240347256, 41.970973923660644 ], [ 2.381144593239518, 41.971027628505013 ], [ 2.380943363936212, 41.971118860914579 ], [ 2.380882731054463, 41.971134654959798 ], [ 2.380815218159196, 41.971139787613893 ], [ 2.38068195902161, 41.971153566823425 ], [ 2.380612534255543, 41.971194087005848 ], [ 2.380585016508178, 41.971255994400813 ], [ 2.380583930238738, 41.971319031531564 ], [ 2.380598938415756, 41.971463403642232 ], [ 2.380608528226148, 41.971607830275893 ], [ 2.380590254628197, 41.971688251186038 ], [ 2.380541381288548, 41.971761484494884 ], [ 2.380482952582429, 41.971799715891301 ], [ 2.380410871202602, 41.971814636403892 ], [ 2.380338670507786, 41.971804880693121 ], [ 2.380194332078025, 41.971778881981344 ], [ 2.380095981767495, 41.971776999958962 ], [ 2.379997793593088, 41.971784037118212 ], [ 2.379932870503361, 41.971806292280917 ], [ 2.379891345255857, 41.971845066806587 ], [ 2.379884236047189, 41.971893757112987 ], [ 2.379909138134148, 41.972001701283666 ], [ 2.379902840914822, 41.972065973886266 ], [ 2.379811183025658, 41.972170674694055 ], [ 2.379722043713852, 41.972276744535819 ], [ 2.379726134563056, 41.972340630124336 ], [ 2.379747079474556, 41.972408466123689 ], [ 2.379734124553165, 41.972450096940108 ], [ 2.379677591206212, 41.972504460972893 ], [ 2.379611014415427, 41.972549408286035 ], [ 2.379457387995836, 41.972621802086998 ], [ 2.379367775901269, 41.97263968944285 ], [ 2.379276070695564, 41.972649643158569 ], [ 2.379223142705316, 41.972668628507485 ], [ 2.379140176996305, 41.972747800473392 ], [ 2.379072801489558, 41.972838133984702 ], [ 2.379014726032894, 41.972888886684004 ], [ 2.378839287447051, 41.972995295979203 ], [ 2.378655189563288, 41.973098601278913 ], [ 2.378536371365524, 41.973165330602747 ], [ 2.378417147572234, 41.973224840575455 ], [ 2.378337354433898, 41.973250891678425 ], [ 2.378279471279615, 41.973245533595112 ], [ 2.378221597237597, 41.973214421008045 ], [ 2.378104596056678, 41.973143804664666 ], [ 2.377990205611824, 41.973104093365471 ], [ 2.377868840656786, 41.973072904079437 ], [ 2.377789136916227, 41.973065089370351 ], [ 2.377734739340209, 41.973073528281617 ], [ 2.377683823126554, 41.973096668684526 ], [ 2.377595604904015, 41.973169867561978 ], [ 2.377570872503312, 41.973218277528744 ], [ 2.37757653966855, 41.97326892834505 ], [ 2.377625370119683, 41.973372769584834 ], [ 2.377643296481463, 41.973440775126043 ], [ 2.377633892873082, 41.973478108059567 ], [ 2.37758542484577, 41.973558807892431 ], [ 2.377517374188459, 41.97363040477866 ], [ 2.377453264694844, 41.973669595445728 ], [ 2.377417589679057, 41.97367660550205 ], [ 2.377381215187361, 41.973668933612885 ], [ 2.377308124275824, 41.973638636002264 ], [ 2.377261130596917, 41.973630006710884 ], [ 2.377177052824963, 41.973662513147723 ], [ 2.377093838446506, 41.973704754093497 ], [ 2.377040359415665, 41.973705815805985 ], [ 2.376963637079522, 41.973664597519864 ], [ 2.376889855705878, 41.973618355022566 ], [ 2.376787205759954, 41.973562133110555 ], [ 2.376678882679217, 41.973518225722167 ], [ 2.376615861294051, 41.97352067378845 ], [ 2.376594646568436, 41.973541457624165 ], [ 2.376592639108431, 41.973574408367675 ], [ 2.376607540164217, 41.973655369018672 ], [ 2.376600311291291, 41.973703427086875 ], [ 2.376551994893545, 41.973781793678214 ], [ 2.3764749784154, 41.973856757474273 ], [ 2.376336654264787, 41.973931034216577 ], [ 2.376198913519872, 41.973970723916423 ], [ 2.376147059029033, 41.973965582152239 ], [ 2.376095432491238, 41.973937826802555 ], [ 2.375992397836623, 41.973859088165682 ], [ 2.375923570011533, 41.973825120119969 ], [ 2.375883980063859, 41.973824637399574 ], [ 2.375800954802431, 41.973848142797308 ], [ 2.375732098075645, 41.973891180448994 ], [ 2.375684842130553, 41.973946855676544 ], [ 2.375637590939228, 41.974002530009187 ], [ 2.375555237414284, 41.974079807687843 ], [ 2.37547301193198, 41.974157177870524 ], [ 2.375419903021082, 41.974181836464965 ], [ 2.375351309619254, 41.974185881022798 ], [ 2.375205973693275, 41.974186888768756 ], [ 2.374980800838518, 41.974230878258474 ], [ 2.374760322580484, 41.974288220014799 ], [ 2.374677477334354, 41.974329741580206 ], [ 2.374611721062494, 41.974389455944689 ], [ 2.374497997099073, 41.974526726384049 ], [ 2.374407829075385, 41.974601622525448 ], [ 2.374341905760565, 41.974628281416202 ], [ 2.374148849887618, 41.974658214692205 ], [ 2.37395591309072, 41.974688418492001 ], [ 2.373710849323875, 41.97475453713087 ], [ 2.373465415341873, 41.974820570363498 ], [ 2.37311295812804, 41.974919968369285 ], [ 2.372757798100326, 41.975011787639062 ], [ 2.372514412871581, 41.975053962406868 ], [ 2.372330152601635, 41.975060790003859 ], [ 2.372145023335239, 41.975045367030255 ], [ 2.371773624366136, 41.97500839032616 ], [ 2.371536511741213, 41.975002144276317 ], [ 2.371299390427527, 41.974995436548731 ], [ 2.371062196493481, 41.974984951445684 ], [ 2.370825269525199, 41.974972121984379 ], [ 2.370573132657167, 41.974934356596904 ], [ 2.370324007317144, 41.974885707327374 ], [ 2.370159234818356, 41.974875073561023 ], [ 2.370086212496333, 41.974887019224965 ], [ 2.370017515675822, 41.974913572144771 ], [ 2.369882855638469, 41.974982724699188 ], [ 2.369787274273544, 41.97501831759638 ], [ 2.369617798321019, 41.975056474168007 ], [ 2.369445698604546, 41.975078678813418 ], [ 2.36924887111162, 41.975075436858255 ], [ 2.369051998900106, 41.97505165916165 ], [ 2.368658609392274, 41.974981411556371 ], [ 2.36839627966897, 41.974949617986809 ], [ 2.368246265546736, 41.974947621688344 ], [ 2.368000264865299, 41.974961311480335 ], [ 2.367755063347474, 41.974991573776279 ], [ 2.367593215110367, 41.975026980006518 ], [ 2.367090959157496, 41.975175797607221 ], [ 2.366597170221957, 41.975322316189995 ], [ 2.366158715368526, 41.975439237899913 ], [ 2.365720256184025, 41.97555606964152 ], [ 2.365497085289174, 41.975615988825091 ], [ 2.365274381596029, 41.975678166321728 ], [ 2.36518730652427, 41.975719299166499 ], [ 2.365149945705212, 41.975752636020353 ], [ 2.365118986848529, 41.975780257522914 ], [ 2.365019893931181, 41.975925707205086 ], [ 2.36501155447767, 41.975963396223612 ], [ 2.365021298858845, 41.976003353166725 ], [ 2.365052483462635, 41.976084132429349 ], [ 2.365047528096618, 41.976133281308705 ], [ 2.364999568344895, 41.976185797684032 ], [ 2.364930330617715, 41.976230358749028 ], [ 2.364781966691187, 41.976317081607696 ], [ 2.364718834317963, 41.976390856056007 ], [ 2.364643849300203, 41.976612006355538 ], [ 2.364595760281567, 41.976836278559382 ], [ 2.364592981368942, 41.977091056649442 ], [ 2.364590710655066, 41.977344491948422 ], [ 2.364559786110473, 41.977395392052941 ], [ 2.364496722436638, 41.977436749130938 ], [ 2.364339236800692, 41.977506755005592 ], [ 2.364262931287735, 41.977557128136326 ], [ 2.364247262357682, 41.977591626875309 ], [ 2.364253231438189, 41.977646332058619 ], [ 2.364274491358512, 41.977705890935631 ], [ 2.36434879379683, 41.9778204201478 ], [ 2.364429632761139, 41.977896701861674 ], [ 2.364524545103108, 41.977965313907788 ], [ 2.364718294856674, 41.978097524770334 ], [ 2.364819427206398, 41.978196435112132 ], [ 2.364844899107553, 41.978257100682484 ], [ 2.36484603597558, 41.978325018858484 ], [ 2.36482494382809, 41.978468109574571 ], [ 2.364833472317667, 41.978556958650884 ], [ 2.364859947339114, 41.978601235874564 ], [ 2.36497626013165, 41.978679429217742 ], [ 2.365095579361096, 41.978758173163563 ], [ 2.365197899742856, 41.978872045261809 ], [ 2.36527100675218, 41.978997736383796 ], [ 2.365359828069511, 41.979316067312595 ], [ 2.365404828178629, 41.979634788192669 ], [ 2.365411652093802, 41.979847024163014 ], [ 2.365393272669554, 41.980129099693812 ], [ 2.365350597867314, 41.980477061363857 ], [ 2.365287520230899, 41.980823919462409 ], [ 2.365221048828614, 41.981051419881759 ], [ 2.365133232306288, 41.981300236207609 ], [ 2.365045421409726, 41.981549145254171 ], [ 2.364865428923946, 41.981755576026529 ], [ 2.364685453091576, 41.981961913831555 ], [ 2.364580426087765, 41.982096433895656 ], [ 2.364488739722354, 41.982236791059847 ], [ 2.364317019031505, 41.982522158560414 ], [ 2.364188929178061, 41.982705817737539 ], [ 2.364113171255045, 41.982761418497169 ], [ 2.36402408995506, 41.98280938162344 ], [ 2.36397986685413, 41.982849846612019 ], [ 2.363926036982261, 41.982958257548958 ], [ 2.363874013911972, 41.983067043239103 ], [ 2.363590626093779, 41.983461942810465 ], [ 2.363317563383755, 41.983862397465401 ], [ 2.363113119411979, 41.984256839243066 ], [ 2.362938902569602, 41.984658826607685 ], [ 2.362868023698409, 41.98486631081871 ], [ 2.362813173925803, 41.985076761568322 ], [ 2.362693331617806, 41.985497425623009 ], [ 2.362614660284518, 41.985662981949176 ], [ 2.362503369091929, 41.985819078443129 ], [ 2.362407469658817, 41.985921043101214 ], [ 2.362318964623405, 41.985995487563628 ], [ 2.362221875250033, 41.986058535010187 ], [ 2.362008180621019, 41.986157149145932 ], [ 2.361856047874003, 41.986208264600947 ], [ 2.361759842216876, 41.986219259147504 ], [ 2.361658345515258, 41.986204376966235 ], [ 2.361450779328192, 41.986147919168943 ], [ 2.361318762719365, 41.986131064691314 ], [ 2.36124886842259, 41.986142748292458 ], [ 2.361187223340508, 41.986174555334784 ], [ 2.36113510648363, 41.986219661420684 ], [ 2.36103466547788, 41.986316283032934 ], [ 2.360950098240411, 41.986358777518184 ], [ 2.360715432924, 41.986417544255303 ], [ 2.360474650429945, 41.986459888871657 ], [ 2.360081256347889, 41.986504351852787 ], [ 2.359687981241823, 41.986548814148207 ], [ 2.359391140367685, 41.986583368290354 ], [ 2.359094303456022, 41.986618097315585 ], [ 2.359021396168646, 41.986617150754753 ], [ 2.358948380875052, 41.986602783668033 ], [ 2.358801951594256, 41.986566030328312 ], [ 2.358704941911677, 41.986561164353944 ], [ 2.358649881630274, 41.986574095596268 ], [ 2.358577561190592, 41.986623048753799 ], [ 2.358515456783407, 41.986677101764371 ], [ 2.358341623939151, 41.986784120621635 ], [ 2.358157625036719, 41.986882436911188 ], [ 2.3579271236674, 41.986970406294404 ], [ 2.357696160570665, 41.987056207435877 ], [ 2.357501842977133, 41.987147800027543 ], [ 2.357308840026627, 41.987240659675344 ], [ 2.357214897501012, 41.987266704145149 ], [ 2.357130396312063, 41.987301896302803 ], [ 2.356938051946278, 41.987485275611014 ], [ 2.356755921727628, 41.987673125070835 ], [ 2.356637571524455, 41.98779738465592 ], [ 2.356516208088018, 41.98792063649627 ], [ 2.356466664813743, 41.987949714968636 ], [ 2.356404348303863, 41.987963514119755 ], [ 2.356263358035737, 41.987973888191583 ], [ 2.356174571234001, 41.987991315256046 ], [ 2.356076294656576, 41.988027872233239 ], [ 2.355995692838138, 41.988083624130603 ], [ 2.355969698042033, 41.988135536592459 ], [ 2.35596938392156, 41.988190654477656 ], [ 2.355990952245766, 41.988303266428986 ], [ 2.355977916806849, 41.988373894406159 ], [ 2.355933541825316, 41.988453086581742 ], [ 2.355889161641096, 41.98853218504086 ], [ 2.355830824738061, 41.988582385766776 ], [ 2.355772368513235, 41.988632677660398 ], [ 2.355715756998764, 41.988668111741099 ], [ 2.355648239907885, 41.988695207492498 ], [ 2.355514057697888, 41.988748578651887 ], [ 2.355452056930225, 41.98880290436216 ], [ 2.355418276787914, 41.988872789829848 ], [ 2.355392684014174, 41.988944246983479 ], [ 2.355356552452288, 41.989055367763989 ], [ 2.355318128306419, 41.989166475655843 ], [ 2.355276786216758, 41.989231627959718 ], [ 2.355215966831373, 41.989288929655849 ], [ 2.355069736917926, 41.989387631403929 ], [ 2.35503790706373, 41.989395200073481 ], [ 2.354998969197238, 41.989389936689221 ], [ 2.354919569590386, 41.989374181078865 ], [ 2.354881539997563, 41.989386574839983 ], [ 2.354859377348871, 41.989428511220524 ], [ 2.354856610816794, 41.989474968948315 ], [ 2.354866389107795, 41.989571032703473 ], [ 2.354850102291024, 41.989629215824898 ], [ 2.354743294089889, 41.989757956019346 ], [ 2.35464476223305, 41.989891146877831 ], [ 2.354560467094262, 41.990061530383691 ], [ 2.354481937672246, 41.990234283462613 ], [ 2.35442474000684, 41.990375185643209 ], [ 2.354377788260948, 41.990517048780788 ], [ 2.354349810920971, 41.990645683413163 ], [ 2.354337267639983, 41.990776211574044 ], [ 2.354351865390945, 41.991040185870645 ], [ 2.354386178285157, 41.991216367320717 ], [ 2.35445518859642, 41.991448407496215 ], [ 2.354573303169934, 41.991719626913067 ], [ 2.354739498182027, 41.991976081719265 ], [ 2.354992405230595, 41.992253825216061 ], [ 2.355255280306015, 41.992525408664136 ], [ 2.355472178794535, 41.992722691758821 ], [ 2.355507115640052, 41.992790264622336 ], [ 2.355502628748453, 41.992828246459375 ], [ 2.355468993274247, 41.992870658014418 ], [ 2.355408675888353, 41.992925619969469 ], [ 2.355348528002938, 41.992964372733141 ], [ 2.355308715881737, 41.992960820305356 ], [ 2.355150361908795, 41.992872111836483 ], [ 2.354992078612486, 41.99277692508506 ], [ 2.354839909457126, 41.992685466991944 ], [ 2.35468980918927, 41.992593022393159 ], [ 2.354430070452962, 41.992405309616075 ], [ 2.354187002158868, 41.99220570402548 ], [ 2.354063709382938, 41.992064599844269 ], [ 2.353949413873307, 41.991917781027155 ], [ 2.353843110605483, 41.991839544752573 ], [ 2.353747135964638, 41.991802977108065 ], [ 2.35364426539002, 41.991779525623777 ], [ 2.353438738940357, 41.991736124460886 ], [ 2.353182405723517, 41.991642633662295 ], [ 2.352925894728497, 41.99154292942309 ], [ 2.352746187316955, 41.991489319445179 ], [ 2.35264930392212, 41.991482737801924 ], [ 2.352551689339796, 41.991501370488102 ], [ 2.352355685011738, 41.991566375228615 ], [ 2.352225521278611, 41.991592031994166 ], [ 2.352151561230772, 41.991587202276136 ], [ 2.352039742281149, 41.99156549297166 ], [ 2.351927922422123, 41.991543880824608 ], [ 2.351517717873894, 41.991456453520392 ], [ 2.351242611639737, 41.991357355598645 ], [ 2.351084276106255, 41.991363936152389 ], [ 2.350553569012633, 41.991324913834511 ], [ 2.35034437800108, 41.991249966834019 ], [ 2.350161252360917, 41.991282977146362 ], [ 2.350118834913118, 41.991358479084603 ], [ 2.350021522173671, 41.991429981984439 ], [ 2.349777822235958, 41.991519655183041 ], [ 2.34953384532207, 41.991529626720947 ], [ 2.349320053499405, 41.991562461917667 ], [ 2.349197662433249, 41.991618692643776 ], [ 2.34902778881413, 41.991833709068182 ], [ 2.348858589603744, 41.991980548957507 ], [ 2.348689982494021, 41.992081905829139 ], [ 2.348322561601474, 41.99223897113017 ], [ 2.348138500539531, 41.992351680559061 ], [ 2.347999960835297, 41.992487344924726 ], [ 2.347922160076596, 41.992646050834217 ], [ 2.347830068787998, 41.992702359431085 ], [ 2.347766551337844, 41.992952111400577 ], [ 2.347688632647841, 41.993122253068741 ], [ 2.347549742918521, 41.993292048153592 ], [ 2.347502944897372, 41.993394099115598 ], [ 2.347501669316645, 41.993519101889326 ], [ 2.347284276832921, 41.993915871026978 ], [ 2.347237129141913, 41.994052054049369 ], [ 2.347083488955926, 41.994176190290098 ], [ 2.347005799806783, 41.994323548727905 ], [ 2.346882704512255, 41.994436602876405 ], [ 2.346621984361603, 41.994582919539205 ], [ 2.346376367147922, 41.994763454864518 ], [ 2.346314469173616, 41.994854066496607 ], [ 2.345977450449373, 41.995011297307165 ], [ 2.34591555982469, 41.995113257093166 ], [ 2.345670520707988, 41.995225527659763 ], [ 2.345487145832645, 41.995269965649406 ], [ 2.345318400610214, 41.995371407671144 ], [ 2.34490508109848, 41.995550896791229 ], [ 2.344706252896945, 41.995618030265497 ], [ 2.344160728023758, 41.995904479189633 ], [ 2.343972443193524, 41.996014999726661 ], [ 2.343784282122679, 41.996125515255343 ], [ 2.34372982460572, 41.99617257780465 ], [ 2.343692881839447, 41.996231000531736 ], [ 2.343629556046025, 41.996354301922423 ], [ 2.343561148608366, 41.996419747274629 ], [ 2.343447088701203, 41.996475386279094 ], [ 2.343331100910933, 41.996529211918279 ], [ 2.343185886147962, 41.996608093223976 ], [ 2.343047723626323, 41.996693766959908 ], [ 2.343009053487997, 41.996731280637441 ], [ 2.342983491162219, 41.996775808918386 ], [ 2.342944233106928, 41.996871054277641 ], [ 2.342904422127301, 41.996926845706255 ], [ 2.342792875969143, 41.996995373391023 ], [ 2.342682865653162, 41.997067161146632 ], [ 2.342577997558673, 41.997190671677878 ], [ 2.342504177607854, 41.997324629285224 ], [ 2.342463561299829, 41.997469493102791 ], [ 2.342421879554513, 41.997613448336644 ], [ 2.342349025906241, 41.997782001246755 ], [ 2.342277614331242, 41.997951180221186 ], [ 2.342200407522596, 41.998179955982238 ], [ 2.342140777311838, 41.998412078394281 ], [ 2.342105295891373, 41.998633253839131 ], [ 2.342092144688206, 41.998855012082537 ], [ 2.342095653212331, 41.999147386622646 ], [ 2.342112567269082, 41.999439842481749 ], [ 2.342133876097563, 41.999692961044204 ], [ 2.342168951458789, 41.999944898460804 ], [ 2.342192582061008, 42.000148246291431 ], [ 2.342251205782492, 42.000470550300896 ], [ 2.342327189137303, 42.000749201446453 ], [ 2.342363223280826, 42.001084633660376 ], [ 2.342289902868715, 42.001497890436774 ], [ 2.342227064471093, 42.001854103545305 ], [ 2.342123749315681, 42.002143076413745 ], [ 2.34193366456082, 42.002391562465299 ], [ 2.341724480070118, 42.00258301874802 ], [ 2.341436814495439, 42.002738264605725 ], [ 2.341169285946703, 42.002850843965071 ], [ 2.340773729805246, 42.002941250907504 ], [ 2.340457606550196, 42.002975104735548 ], [ 2.340231019784328, 42.002945341761404 ], [ 2.340022174875571, 42.002928473321816 ], [ 2.339624723678246, 42.002757853250316 ], [ 2.339452162053389, 42.002653284487337 ], [ 2.339319445170309, 42.002362325344244 ], [ 2.339332077226713, 42.002098504654569 ], [ 2.339572099451409, 42.00178609226456 ], [ 2.339682516937546, 42.001594071777809 ], [ 2.339725315896321, 42.001424903789527 ], [ 2.340056330231575, 42.000754636475548 ], [ 2.340083572636459, 42.000606997438879 ], [ 2.340437920549349, 42.000249124721471 ], [ 2.340466245385162, 42.00014868099985 ], [ 2.34051941656556, 42.000027848561707 ], [ 2.340544883329847, 41.999934867480832 ], [ 2.340550705018245, 41.999839158919912 ], [ 2.340540979494383, 41.99964626714101 ], [ 2.340525377953782, 41.99947342992904 ], [ 2.340491650181591, 41.999301300065625 ], [ 2.34046541668988, 41.999246383778896 ], [ 2.340424042178192, 41.999195175871463 ], [ 2.340353030235069, 41.999091191859115 ], [ 2.340362572685605, 41.99902081143609 ], [ 2.340371998482281, 41.998949798977968 ], [ 2.340314323349848, 41.998805458218811 ], [ 2.340216449201877, 41.998671872640905 ], [ 2.339987131737893, 41.998475286636868 ], [ 2.339762619810113, 41.998281527063149 ], [ 2.339614462342676, 41.998129906022363 ], [ 2.339466430883946, 41.997978193645032 ], [ 2.339276335879878, 41.997806876564738 ], [ 2.339100239342084, 41.997625189394824 ], [ 2.339045499177971, 41.997501216199346 ], [ 2.339014835179033, 41.997372331606805 ], [ 2.338997879548053, 41.997307569229143 ], [ 2.338980917056487, 41.997242889669586 ], [ 2.338951106722106, 41.997206425877259 ], [ 2.338897887789723, 41.997180632493574 ], [ 2.338776147133204, 41.997136880618982 ], [ 2.338727087691037, 41.997093725659397 ], [ 2.338712048599919, 41.996983127938265 ], [ 2.338747011754678, 41.996872185996182 ], [ 2.338811286063433, 41.996763307864732 ], [ 2.338898887564218, 41.996663837246437 ], [ 2.339064356421463, 41.996541490505912 ], [ 2.33922717084131, 41.996419488508117 ], [ 2.339388084696667, 41.996282611730472 ], [ 2.33954696058465, 41.996144372906848 ], [ 2.339698062593869, 41.996009873720347 ], [ 2.339849055040136, 41.99587528273409 ], [ 2.340114196581003, 41.995712166372542 ], [ 2.340379326862331, 41.995548956559254 ], [ 2.340597348996473, 41.995423035804095 ], [ 2.340816333050374, 41.9952984702457 ], [ 2.340939712841337, 41.995193799518333 ], [ 2.341075108167152, 41.995002379291954 ], [ 2.341143565197624, 41.994908109128488 ], [ 2.341226644550534, 41.994825183805588 ], [ 2.341300660638577, 41.994801559990869 ], [ 2.341371921067421, 41.994775398466061 ], [ 2.341431278439551, 41.99467459745982 ], [ 2.341489908322755, 41.994573607612075 ], [ 2.341750443785904, 41.994340662448231 ], [ 2.341882282327943, 41.994224057692165 ], [ 2.342001509444255, 41.994100902936488 ], [ 2.342193652170935, 41.993872872289288 ], [ 2.342368364305805, 41.993637452400655 ], [ 2.342598248258895, 41.993285167644885 ], [ 2.342824513588045, 41.992931602562891 ], [ 2.34303980045104, 41.992589323417974 ], [ 2.343251474096611, 41.992245850512766 ], [ 2.343335105328218, 41.99208501863729 ], [ 2.34341403963866, 41.991922899805182 ], [ 2.343474788800908, 41.991838227490369 ], [ 2.343531702263415, 41.991751549949718 ], [ 2.343591433053884, 41.991589588661412 ], [ 2.343649620820194, 41.991343231005786 ], [ 2.343683204123208, 41.991094573753678 ], [ 2.343715172937371, 41.990720168543234 ], [ 2.343748840403201, 41.990345958546349 ], [ 2.343800168931084, 41.98995644184663 ], [ 2.343858118139635, 41.989567328608317 ], [ 2.343887127631278, 41.989434829589413 ], [ 2.343933253331997, 41.989304586369009 ], [ 2.34396561560623, 41.989280090474089 ], [ 2.344047511539617, 41.989264436614739 ], [ 2.344084680147027, 41.989254023883511 ], [ 2.344107699371668, 41.989234700205294 ], [ 2.344130683409669, 41.989159176803497 ], [ 2.344152714724615, 41.989083196721154 ], [ 2.34420894957893, 41.988944092779064 ], [ 2.344245485375652, 41.988877924488214 ], [ 2.344300155955228, 41.988820861889657 ], [ 2.344438744337839, 41.988715378870218 ], [ 2.344577456657523, 41.988609890984542 ], [ 2.344827589700607, 41.988492791690433 ], [ 2.345077723093571, 41.988375686445664 ], [ 2.34533716198005, 41.9882816960803 ], [ 2.345467174334868, 41.98823542377739 ], [ 2.345587287540801, 41.988177206151988 ], [ 2.345769209897172, 41.988060163553321 ], [ 2.345946338851343, 41.987939583471096 ], [ 2.346020406131137, 41.987886416037085 ], [ 2.346098313871072, 41.987834981689431 ], [ 2.346223080892815, 41.987793630488028 ], [ 2.346435299732228, 41.987783668893613 ], [ 2.346647664171857, 41.987770913880553 ], [ 2.346845980338509, 41.987726471597448 ], [ 2.347046304771899, 41.98768690126925 ], [ 2.347252029553266, 41.987662038493838 ], [ 2.347458319034823, 41.987641325209374 ], [ 2.34771925809238, 41.987624434675347 ], [ 2.347979967310475, 41.987605920149306 ], [ 2.348093306047284, 41.987572161233622 ], [ 2.348241541270066, 41.987479418705107 ], [ 2.348314927965606, 41.987432729788381 ], [ 2.348393639212111, 41.987397327527979 ], [ 2.348558430140955, 41.987373314448426 ], [ 2.348723318774645, 41.987351192177037 ], [ 2.348800908519123, 41.987307583641893 ], [ 2.348894378039454, 41.987209946110873 ], [ 2.348942892461451, 41.987164472112489 ], [ 2.34899995503201, 41.987132280004808 ], [ 2.349043069278995, 41.987130901501061 ], [ 2.349117008561025, 41.98714897284065 ], [ 2.349150901333057, 41.987152406489599 ], [ 2.34917815768552, 41.987142834764477 ], [ 2.349337248985346, 41.987014317694438 ], [ 2.34949622149103, 41.986885785316417 ], [ 2.349627667976703, 41.98678106250253 ], [ 2.349758992998807, 41.986676251483352 ], [ 2.349808906280463, 41.986634739846728 ], [ 2.349855960648852, 41.986590516313285 ], [ 2.349937139943481, 41.986466592722309 ], [ 2.349981962358759, 41.986332378490005 ], [ 2.349986616559099, 41.986230991120948 ], [ 2.349997773420448, 41.986131078928047 ], [ 2.350123548361635, 41.985930581160879 ], [ 2.350248724069725, 41.985729813260015 ], [ 2.350312330649966, 41.985576696708137 ], [ 2.350375328760525, 41.985423673044195 ], [ 2.350437750019245, 41.985304328167416 ], [ 2.350487492746845, 41.985184552155722 ], [ 2.35047460652809, 41.985122510934978 ], [ 2.350447597180858, 41.985059671071298 ], [ 2.350419411263727, 41.984935041767102 ], [ 2.350395327246346, 41.984810075399906 ], [ 2.350385274797201, 41.984575575039671 ], [ 2.350427504698513, 41.984340378887985 ], [ 2.350476456974129, 41.984263023220045 ], [ 2.350552450205793, 41.984197251729178 ], [ 2.350586328220529, 41.984189875112406 ], [ 2.350652391049947, 41.984198715948338 ], [ 2.350677857751849, 41.984199039229495 ], [ 2.350689676944471, 41.984188481859796 ], [ 2.350677059198957, 41.984087900094408 ], [ 2.350636797994173, 41.983986793589594 ], [ 2.350579214175113, 41.983891626219183 ], [ 2.35055338346902, 41.983843747645786 ], [ 2.350542782824847, 41.983794511467281 ], [ 2.350568597535057, 41.983617677202005 ], [ 2.350614944364481, 41.983440146674958 ], [ 2.350646186702437, 41.983240558105813 ], [ 2.350673136944765, 41.983142359023866 ], [ 2.35072866094746, 41.983047650396138 ], [ 2.35079163455486, 41.983003869542188 ], [ 2.350866567680286, 41.982971691074503 ], [ 2.351061093981809, 41.982882996550174 ], [ 2.351252507896258, 41.982791670380436 ], [ 2.35132526323438, 41.982735789157374 ], [ 2.351407789727119, 41.982632499037337 ], [ 2.351501983891282, 41.982534226614668 ], [ 2.351659755606137, 41.982439107953937 ], [ 2.351832899152906, 41.982363439228976 ], [ 2.351896026813075, 41.982352533745882 ], [ 2.351999445220211, 41.98235563941715 ], [ 2.352049093211393, 41.982351957636858 ], [ 2.352093796330074, 41.982336176335572 ], [ 2.352218659892567, 41.982236457916194 ], [ 2.352301838086406, 41.982116776943478 ], [ 2.352378334161766, 41.981965446725688 ], [ 2.352428425594205, 41.981810634152346 ], [ 2.352450212038316, 41.981686106121607 ], [ 2.352446897524589, 41.98139337088233 ], [ 2.352374421504697, 41.9815291459647 ], [ 2.352302069600218, 41.981664911790681 ], [ 2.352227702424268, 41.981796536653874 ], [ 2.352133487698158, 41.981921466507664 ], [ 2.352049768438766, 41.981999259856181 ], [ 2.351866707050243, 41.982112792651527 ], [ 2.35166141719767, 41.982191794273575 ], [ 2.35151641015768, 41.982230062222236 ], [ 2.351318412908577, 41.982268754703995 ], [ 2.351225000839158, 41.982284528834725 ], [ 2.351175966450817, 41.982292810712515 ], [ 2.351033519887924, 41.982316866543393 ], [ 2.350012084317683, 41.982319315253484 ], [ 2.350001991195853, 41.982319345469868 ], [ 2.349646848548202, 41.982320190966625 ], [ 2.349635611221836, 41.982404068226245 ], [ 2.349579424113519, 41.982753478354596 ], [ 2.349472839871699, 41.983132594942163 ], [ 2.349352274763534, 41.98350965070545 ], [ 2.349235752925876, 41.983856287724485 ], [ 2.349098392879824, 41.984198661600239 ], [ 2.348996612465695, 41.984342818303745 ], [ 2.348889650929749, 41.984485146902401 ], [ 2.3487841811461, 41.984695216416128 ], [ 2.348679664823845, 41.984905829830467 ], [ 2.348558695338028, 41.985131933043945 ], [ 2.34842821820942, 41.985355093730305 ], [ 2.348382654514203, 41.985407617551999 ], [ 2.348323634128413, 41.985453756722471 ], [ 2.348206807257097, 41.985545588829829 ], [ 2.348168087730388, 41.98560157304194 ], [ 2.348142088962422, 41.985664832074747 ], [ 2.348096223037602, 41.98579426706155 ], [ 2.348043934701519, 41.985867375031233 ], [ 2.347997372183499, 41.985899173275293 ], [ 2.347839745736479, 41.985967090338974 ], [ 2.347680577687456, 41.986031664171549 ], [ 2.347556144067128, 41.986087967169709 ], [ 2.347432423155901, 41.986145267514544 ], [ 2.347336533726653, 41.986208040772553 ], [ 2.347245644785684, 41.986277507287262 ], [ 2.34717016132978, 41.986316437006785 ], [ 2.34705706280554, 41.986349660492628 ], [ 2.346943663761796, 41.986365856030197 ], [ 2.346716888773694, 41.986371410755979 ], [ 2.34653184625301, 41.986345863142617 ], [ 2.346346898645857, 41.986310225647763 ], [ 2.346223636898635, 41.98631105575182 ], [ 2.346044372985423, 41.986357407737913 ], [ 2.345866067045531, 41.986404849299895 ], [ 2.345632457182601, 41.986441705995276 ], [ 2.345398838499959, 41.986478926032035 ], [ 2.345288795432452, 41.986497303362441 ], [ 2.34517898527494, 41.986516035876178 ], [ 2.345075842196613, 41.986544453318437 ], [ 2.344972700077695, 41.986572414937932 ], [ 2.344898432399608, 41.986574426533139 ], [ 2.344823963795715, 41.986561301298764 ], [ 2.344675063399582, 41.986519110968729 ], [ 2.344575629444231, 41.986502962734235 ], [ 2.344452255513005, 41.986503158029869 ], [ 2.344328325871282, 41.98652127410503 ], [ 2.344245951422597, 41.986549086189733 ], [ 2.344206036166302, 41.986580381363233 ], [ 2.344190391439896, 41.986622537566483 ], [ 2.344188317581092, 41.986718621910562 ], [ 2.34417301640573, 41.986774466541029 ], [ 2.344147305601621, 41.986797828746333 ], [ 2.344057784090113, 41.986840096925306 ], [ 2.343968121024067, 41.986883089258342 ], [ 2.343779552287872, 41.986988918314687 ], [ 2.343609167725254, 41.987111156628799 ], [ 2.34354418816879, 41.987196437163909 ], [ 2.343483898831733, 41.987283095477856 ], [ 2.343379798003943, 41.987392652895835 ], [ 2.343275935190868, 41.987502391710962 ], [ 2.343110413682704, 41.987703280414024 ], [ 2.342942482365779, 41.98790326161992 ], [ 2.342861238604783, 41.987973498567349 ], [ 2.342766559061429, 41.988035192307791 ], [ 2.342569765037444, 41.988153671594418 ], [ 2.342458837959526, 41.98824562434681 ], [ 2.342287433984388, 41.988430902083664 ], [ 2.342115911663298, 41.988616086110838 ], [ 2.341946781985124, 41.988873156431964 ], [ 2.341777655969797, 41.989130323783115 ], [ 2.341712959225091, 41.989258019748164 ], [ 2.341672461979092, 41.989392260865394 ], [ 2.341612777397856, 41.989665807201355 ], [ 2.34153463869466, 41.989973833061342 ], [ 2.34146167560282, 41.990282252409088 ], [ 2.341427819094979, 41.990545142428864 ], [ 2.341398306425824, 41.990808237480479 ], [ 2.34135750742531, 41.990889961827023 ], [ 2.341309843932688, 41.990969668015374 ], [ 2.341278991870089, 41.991116119627158 ], [ 2.34128999027386, 41.991267762318294 ], [ 2.341320260591852, 41.991364396888052 ], [ 2.341355432148397, 41.991407562963126 ], [ 2.341410984034606, 41.991441378197393 ], [ 2.341536509320359, 41.991503259523505 ], [ 2.341593287026598, 41.991558256258344 ], [ 2.341635101481756, 41.991659997956276 ], [ 2.341648628809718, 41.991764905357009 ], [ 2.34163393884272, 41.991831745677167 ], [ 2.341534705989203, 41.992041931348489 ], [ 2.341397990077901, 41.992245326150481 ], [ 2.341186087367098, 41.992505031881045 ], [ 2.340963308436239, 41.992753511065864 ], [ 2.340797495756441, 41.992909904574276 ], [ 2.340585792702164, 41.993090981658661 ], [ 2.340373846123903, 41.993271790350143 ], [ 2.340153951214093, 41.993462457528871 ], [ 2.339935501110309, 41.993653852214415 ], [ 2.339853462069239, 41.993752811672408 ], [ 2.33978031483943, 41.993856331821853 ], [ 2.339715590414676, 41.993915759858702 ], [ 2.339439397429152, 41.994097188858724 ], [ 2.339161546122304, 41.994276891879977 ], [ 2.338861742941627, 41.994476826339856 ], [ 2.338563731800108, 41.994678297854364 ], [ 2.338357738636203, 41.994843014326278 ], [ 2.338154868259452, 41.995009907311875 ], [ 2.337938283793295, 41.995147180954426 ], [ 2.337717638813448, 41.995280648881206 ], [ 2.33754003633852, 41.995420129014455 ], [ 2.337367111552221, 41.995562065853854 ], [ 2.337322962409715, 41.995581626439893 ], [ 2.337269744790101, 41.995591044548526 ], [ 2.337160537415606, 41.995608246196731 ], [ 2.337105735567943, 41.995641524400064 ], [ 2.337070365994355, 41.995711030407072 ], [ 2.337060805787944, 41.995782940712786 ], [ 2.337071965814906, 41.995894143127224 ], [ 2.33708662870067, 41.996005094668284 ], [ 2.337072250783431, 41.996076442156713 ], [ 2.337029340282787, 41.996173914250846 ], [ 2.336986432317937, 41.996271478209195 ], [ 2.336893559817814, 41.996459990484979 ], [ 2.336796030132219, 41.997050710900751 ], [ 2.33680758718852, 41.997403206232299 ], [ 2.337165987584755, 41.998121568136341 ], [ 2.337455710582668, 41.998465126976491 ], [ 2.337865716851383, 41.998830728205533 ], [ 2.338311756135438, 41.999097915140069 ], [ 2.338521330958988, 41.999265382228316 ], [ 2.338526788728892, 41.999275632572406 ], [ 2.338659433577599, 41.999524671117499 ], [ 2.338776883291838, 41.999750060696449 ], [ 2.338675316625783, 42.000149105820938 ], [ 2.338621105429066, 42.00023021768807 ], [ 2.338607152020042, 42.000365229137635 ], [ 2.338482318380657, 42.000409457262329 ], [ 2.338330241564453, 42.000368139317587 ], [ 2.338226019550056, 42.000299538663107 ], [ 2.338079512235669, 42.00023384910272 ], [ 2.338035691617328, 42.000232604782425 ], [ 2.337578209848845, 42.000416407785529 ], [ 2.337375146301107, 42.000401452978913 ], [ 2.337200703966541, 42.000491055907361 ], [ 2.337208973636482, 42.000589635889646 ], [ 2.336954214952428, 42.000867100921958 ], [ 2.336953082715465, 42.000929869497824 ], [ 2.337127649463344, 42.000840179408357 ], [ 2.337250589772541, 42.000698498499695 ], [ 2.337408040630115, 42.00058286200931 ], [ 2.337888506887616, 42.000558877537614 ], [ 2.337951778232446, 42.000605268011888 ], [ 2.338153302364713, 42.00082745484864 ], [ 2.338163978996894, 42.001020982726807 ], [ 2.337944529199822, 42.001305132861773 ], [ 2.337721047804686, 42.00196691508124 ], [ 2.337590611149682, 42.002260860215898 ], [ 2.337562463248566, 42.002518563040148 ], [ 2.337778218756185, 42.00260266055146 ], [ 2.33805598931732, 42.00284366259644 ], [ 2.338270099247638, 42.003075199426789 ], [ 2.338577133384491, 42.003347436250998 ], [ 2.338939523473295, 42.003556676464072 ], [ 2.339196530759457, 42.003751442362777 ], [ 2.339304956065583, 42.004103142764983 ], [ 2.339464617744917, 42.004311122400821 ], [ 2.33978499603408, 42.004637026492013 ], [ 2.340182164963831, 42.004765310640948 ], [ 2.340349005783061, 42.004898307148061 ], [ 2.340451740170474, 42.005041380036943 ], [ 2.340604653914165, 42.005365956507909 ], [ 2.340724389620319, 42.005534891072507 ], [ 2.340964536680159, 42.005808181002529 ], [ 2.341512122276312, 42.006575260227038 ], [ 2.341922439090312, 42.007199072775904 ], [ 2.342180123173202, 42.007459493846447 ], [ 2.342274062325556, 42.007566218079674 ], [ 2.342322240316677, 42.007719518838066 ], [ 2.342332758824915, 42.007917634970603 ], [ 2.342206780494269, 42.008236475103303 ], [ 2.342135749444339, 42.008391426334704 ], [ 2.341995546101255, 42.008520046535871 ], [ 2.341803429535166, 42.008635582242412 ], [ 2.341769731736696, 42.008717712855521 ], [ 2.341697736389326, 42.008790344337022 ], [ 2.341450453377523, 42.00893870550432 ], [ 2.341149382563685, 42.009162057913144 ], [ 2.340823398433859, 42.009376167098026 ], [ 2.340370459357303, 42.009546583528333 ], [ 2.340144751907609, 42.009558258451563 ], [ 2.339901801565233, 42.009543891194546 ], [ 2.339449871509158, 42.009593082898391 ], [ 2.33912285693444, 42.009649657860372 ], [ 2.338521605687069, 42.009774176435997 ], [ 2.338333393225134, 42.009908105836466 ], [ 2.338270150810804, 42.009997719787528 ], [ 2.338194118097623, 42.01013228929714 ], [ 2.338142102107545, 42.010339050838205 ], [ 2.338176836561533, 42.010600265619054 ], [ 2.338050994327664, 42.010716623811533 ], [ 2.338023416450191, 42.010977481062255 ], [ 2.338134084530597, 42.011113126168908 ], [ 2.338107439613444, 42.011284010304621 ], [ 2.338067880574775, 42.011499761920867 ], [ 2.337991742867053, 42.011634339659636 ], [ 2.338027651343527, 42.011769638327927 ], [ 2.338200266082385, 42.011941582264981 ], [ 2.338386894256395, 42.011960669493455 ], [ 2.338562363233675, 42.01184468340216 ], [ 2.338664512303374, 42.011602269795532 ], [ 2.338654307232659, 42.011386143001779 ], [ 2.338544383157734, 42.011178536460655 ], [ 2.338483841742756, 42.011007151594448 ], [ 2.338525746262012, 42.010575345303835 ], [ 2.338601691320083, 42.010449687998573 ], [ 2.338763342025512, 42.010477636377885 ], [ 2.338911696274832, 42.010577566956457 ], [ 2.338898145943745, 42.01068547879796 ], [ 2.339072429307731, 42.01069548722414 ], [ 2.339295630111955, 42.010786749785161 ], [ 2.339481331659539, 42.010895807506564 ], [ 2.339705464303658, 42.010897096125106 ], [ 2.339917526662221, 42.010862373209129 ], [ 2.340043056461098, 42.010764022545892 ], [ 2.340229494400222, 42.010801122461707 ], [ 2.340541377022799, 42.010748872460077 ], [ 2.340765137190784, 42.010786185920615 ], [ 2.340974227923319, 42.011039481851697 ], [ 2.341157217884258, 42.011400525591419 ], [ 2.34124171282795, 42.011662025017266 ], [ 2.341195536003165, 42.011935387284758 ], [ 2.341126609950292, 42.012061256792734 ], [ 2.340782048149495, 42.012412707688291 ], [ 2.340317033784378, 42.01281506225213 ], [ 2.34017859598289, 42.012958280930249 ], [ 2.340152326839031, 42.01309314221853 ], [ 2.340213406957091, 42.013201571427928 ], [ 2.340399390171493, 42.013283611300089 ], [ 2.340611097350899, 42.013284825857951 ], [ 2.340898386389759, 42.013205503056874 ], [ 2.341298210512199, 42.013081706897601 ], [ 2.341572662120767, 42.013029327586203 ], [ 2.341785660349798, 42.012904545268263 ], [ 2.341811004278896, 42.012859664878818 ], [ 2.341686680438165, 42.01284093065216 ], [ 2.34146236111162, 42.012857657991432 ], [ 2.341175532079984, 42.012892041997006 ], [ 2.340976112439288, 42.012917828716681 ], [ 2.340914726074468, 42.012827498680572 ], [ 2.341065875852456, 42.01265732872713 ], [ 2.341142114491867, 42.012513751966743 ], [ 2.341330601577023, 42.012352801644859 ], [ 2.341468484199371, 42.01226360977796 ], [ 2.341572909243626, 42.012032656716009 ], [ 2.34167002526251, 42.01180831479472 ], [ 2.341771513426479, 42.011628852454876 ], [ 2.341736295486518, 42.011412584286397 ], [ 2.341601672910223, 42.011186817739286 ], [ 2.341541214845503, 42.011006437372266 ], [ 2.341307240957669, 42.010753087045856 ], [ 2.341197124330729, 42.010563406818711 ], [ 2.341049602135923, 42.010382516540247 ], [ 2.340802268998333, 42.010219066991297 ], [ 2.340578572383778, 42.010163747095135 ], [ 2.34032882642722, 42.010234365695595 ], [ 2.340191322949269, 42.010287612214057 ], [ 2.340016389700396, 42.010340561403979 ], [ 2.339879821955746, 42.010303844319246 ], [ 2.339893465859842, 42.010186829931783 ], [ 2.339994398933253, 42.010061408157057 ], [ 2.3402933578079, 42.010054119251542 ], [ 2.34056799044923, 42.009983730161764 ], [ 2.340780800142691, 42.009876873462034 ], [ 2.34100548491799, 42.009824209637664 ], [ 2.341280227802095, 42.00975373210742 ], [ 2.34147975425521, 42.009727858080531 ], [ 2.341854192428088, 42.009640026159715 ], [ 2.341793209608864, 42.009522679990617 ], [ 2.341856601933949, 42.009406047875729 ], [ 2.342119550117569, 42.009272453669759 ], [ 2.342295659444376, 42.009093511202785 ], [ 2.342507900829646, 42.009040684861382 ], [ 2.342609937575027, 42.008807277149707 ], [ 2.342723758514403, 42.008636891085757 ], [ 2.343049633531418, 42.008431694164862 ], [ 2.343226225386157, 42.008216631161559 ], [ 2.34326649740645, 42.007928833462621 ], [ 2.343256215443405, 42.007718826460476 ], [ 2.343168785230261, 42.007542784107414 ], [ 2.343135238291884, 42.007376060235622 ], [ 2.343036998637723, 42.0072404900897 ], [ 2.342628579040735, 42.006995155764145 ], [ 2.342364080226109, 42.00668200265779 ], [ 2.342140072804297, 42.006293979506218 ], [ 2.341793918121408, 42.005690170851835 ], [ 2.341591696664552, 42.005391792555272 ], [ 2.34127226464721, 42.004750487946147 ], [ 2.341034253292947, 42.004492705824191 ], [ 2.34103560989529, 42.004361126323488 ], [ 2.341039289038635, 42.004355650717763 ], [ 2.341272257893232, 42.004247198348274 ], [ 2.341932052698734, 42.004259986654588 ], [ 2.342268865037886, 42.004198868172431 ], [ 2.342533099123872, 42.003939369793343 ], [ 2.342869993429469, 42.003869244312213 ], [ 2.343033924275835, 42.003663208305184 ], [ 2.343322000437971, 42.00350282435511 ], [ 2.343385784820697, 42.003359174607652 ], [ 2.343611184764473, 42.003234368617811 ], [ 2.343788473750453, 42.002938341887329 ], [ 2.344026797984749, 42.002777671715556 ], [ 2.344263800485426, 42.002734082003919 ], [ 2.344277346887714, 42.002626076575851 ], [ 2.344191737193842, 42.00247256715906 ], [ 2.344218823336811, 42.002256741804587 ], [ 2.344470688899331, 42.001988158891699 ], [ 2.344474196313823, 42.001646103670183 ], [ 2.344542289439247, 42.00107042928915 ], [ 2.344472252984129, 42.000623391882378 ], [ 2.344296249908477, 42.000147679163788 ], [ 2.344306944198397, 42.000046556450677 ], [ 2.344319362339142, 41.999919006493684 ], [ 2.344301787330929, 41.999773088266501 ], [ 2.344284439424415, 41.999627167727688 ], [ 2.344254404598622, 41.999529726618007 ], [ 2.344223293215642, 41.999432364010907 ], [ 2.344213876164714, 41.999290906500576 ], [ 2.344226194364555, 41.99914957225603 ], [ 2.344254187726471, 41.999021746495394 ], [ 2.34427940797022, 41.998893637387887 ], [ 2.344286531645906, 41.998822976217923 ], [ 2.344293413830903, 41.998752313667211 ], [ 2.344307005702241, 41.998592972561106 ], [ 2.344334591571936, 41.998434346346713 ], [ 2.344361605927666, 41.998379020843707 ], [ 2.344428054635777, 41.998304553641823 ], [ 2.344500999834998, 41.998232021190034 ], [ 2.344609715688045, 41.998109878278349 ], [ 2.344730914014549, 41.997994746107132 ], [ 2.344830779110273, 41.997935058317637 ], [ 2.345005547607948, 41.99787102976201 ], [ 2.345175158192608, 41.997802825774123 ], [ 2.345277018869556, 41.997737206416801 ], [ 2.345378754686937, 41.997671497090593 ], [ 2.345452060243073, 41.997646335437402 ], [ 2.345575914227549, 41.997625427533954 ], [ 2.345633907948328, 41.997610443302847 ], [ 2.345682946908142, 41.99758478380425 ], [ 2.345762272258308, 41.997502820959724 ], [ 2.345836313931051, 41.997417775609037 ], [ 2.345961491499827, 41.997302572028282 ], [ 2.3461039451379, 41.997198368320639 ], [ 2.346174850369069, 41.997172653033559 ], [ 2.346295383560685, 41.99715721766659 ], [ 2.346407834263594, 41.997129395297073 ], [ 2.346629837630219, 41.997015554634203 ], [ 2.346852557535034, 41.996902173350094 ], [ 2.347042697505687, 41.996810030338537 ], [ 2.347233559027288, 41.996718707111825 ], [ 2.347385715603174, 41.996657515804969 ], [ 2.347538109666316, 41.996596686810285 ], [ 2.34759834292669, 41.996550375808802 ], [ 2.347652830152685, 41.996500157477371 ], [ 2.347748134401441, 41.996461069049921 ], [ 2.347843186528483, 41.99642171071357 ], [ 2.34786162580247, 41.996390379694439 ], [ 2.347860069920834, 41.996329667196349 ], [ 2.347864100988678, 41.99630168043651 ], [ 2.34788242420065, 41.996280530728157 ], [ 2.348021897984378, 41.996219445752772 ], [ 2.348161731275383, 41.996158363549 ], [ 2.348313903281986, 41.996071772445269 ], [ 2.348454229634354, 41.995974484300703 ], [ 2.348583630846323, 41.995847506734862 ], [ 2.348709659131957, 41.995719600215075 ], [ 2.348850116546243, 41.99560908250912 ], [ 2.348977369306912, 41.995491364610274 ], [ 2.349034997801741, 41.99541657627335 ], [ 2.349092626151707, 41.995341788806172 ], [ 2.349293161336227, 41.995046338849541 ], [ 2.349493696795623, 41.99475079665909 ], [ 2.349678826669331, 41.994533431604239 ], [ 2.349888943105582, 41.994328011820421 ], [ 2.350102086974764, 41.994158002078073 ], [ 2.350312339969648, 41.993986265215824 ], [ 2.350352753434979, 41.993918493087293 ], [ 2.350376493067628, 41.993803969615151 ], [ 2.350416733786712, 41.993693325893418 ], [ 2.350499371671092, 41.993593463390006 ], [ 2.350606907499909, 41.993502111525579 ], [ 2.350814768889308, 41.993375754437004 ], [ 2.350926059584779, 41.993330540983123 ], [ 2.351043339782219, 41.993302198250255 ], [ 2.351155459617094, 41.993294548653104 ], [ 2.351330083696272, 41.993314086473831 ], [ 2.351491582264978, 41.993365442308395 ], [ 2.351688108931164, 41.993452558372631 ], [ 2.351884505971086, 41.993539770639373 ], [ 2.352166251205854, 41.993652051424398 ], [ 2.352447991400879, 41.993764331488592 ], [ 2.352615662466576, 41.993838947721628 ], [ 2.352850127780499, 41.993970682864692 ], [ 2.35306713226312, 41.994121955348938 ], [ 2.353137014294444, 41.994184390329565 ], [ 2.353225914251179, 41.994263805414334 ], [ 2.353368155121145, 41.994417086046383 ], [ 2.35350153895265, 41.994539876960566 ], [ 2.353549309747565, 41.99460355255988 ], [ 2.353553814852428, 41.994671037476401 ], [ 2.353521138147568, 41.994762721827797 ], [ 2.353488579394138, 41.99485431406449 ], [ 2.35344251627401, 41.995003745462121 ], [ 2.353378926033696, 41.995190457359001 ], [ 2.353323880165876, 41.995273276521146 ], [ 2.353257393917698, 41.995352790621155 ], [ 2.353232549515802, 41.995409573344446 ], [ 2.353233375199732, 41.995471001300544 ], [ 2.35324989706333, 41.995532882458498 ], [ 2.353282440801751, 41.995657263404908 ], [ 2.353289995478621, 41.995817892979503 ], [ 2.353266033086046, 41.995977990127315 ], [ 2.353236847484506, 41.996022767790599 ], [ 2.353191541521236, 41.996061151787764 ], [ 2.353107174961058, 41.996142003394766 ], [ 2.353036422717573, 41.99627328313543 ], [ 2.352984480474291, 41.996407278067153 ], [ 2.35297243893939, 41.996498718274644 ], [ 2.352977981808955, 41.996594939231606 ], [ 2.352983651749294, 41.996691251869734 ], [ 2.352984430443757, 41.996828694449597 ], [ 2.35298086992859, 41.996966116171166 ], [ 2.352962926556851, 41.997140385726112 ], [ 2.352937979035103, 41.997314162759302 ], [ 2.352910120303234, 41.997442530054194 ], [ 2.352882985616908, 41.997570449289171 ], [ 2.35288914668978, 41.997665233560618 ], [ 2.352933525520286, 41.997754016903421 ], [ 2.352985277780452, 41.997818526643194 ], [ 2.353037148188576, 41.997882945157492 ], [ 2.353058222471924, 41.997745626664539 ], [ 2.353079172036111, 41.9976082146934 ], [ 2.353130748736352, 41.997510513427308 ], [ 2.353199079115783, 41.997416414611919 ], [ 2.353265916256938, 41.997242605140002 ], [ 2.353333720744959, 41.997068976701826 ], [ 2.353422487750412, 41.996971217299283 ], [ 2.353519064818933, 41.996877550282655 ], [ 2.353540226197782, 41.99679066108552 ], [ 2.353560185519973, 41.996703595789533 ], [ 2.353623017789736, 41.996663239720796 ], [ 2.353760656262545, 41.996628077378524 ], [ 2.353818358184408, 41.996604898551425 ], [ 2.353849890596329, 41.996567783270137 ], [ 2.353877828992102, 41.996467242101616 ], [ 2.353904323534854, 41.996366434308072 ], [ 2.353927896028364, 41.996256322441909 ], [ 2.353958948337587, 41.996146796664107 ], [ 2.353997518080559, 41.996105765239896 ], [ 2.354096542136749, 41.996068042557305 ], [ 2.354196063870355, 41.996028971596786 ], [ 2.354302746045327, 41.995962115796331 ], [ 2.354407042515136, 41.995892720123443 ], [ 2.354514590037346, 41.995812352765988 ], [ 2.354618423126105, 41.995728903075268 ], [ 2.354771877224258, 41.995597731463207 ], [ 2.354839367806426, 41.995526325382201 ], [ 2.354896441298671, 41.99544639900575 ], [ 2.354931229959538, 41.995337074076417 ], [ 2.3549380180944, 41.995226692031594 ], [ 2.354922581183051, 41.995057099899888 ], [ 2.35491523659482, 41.994887461369373 ], [ 2.354952113956008, 41.994822823672664 ], [ 2.355021239223185, 41.994768902194714 ], [ 2.35507642357238, 41.994756056279599 ], [ 2.355172969231816, 41.994772092727509 ], [ 2.355218670921859, 41.994777666044079 ], [ 2.355257146273578, 41.994770226527649 ], [ 2.355301374457799, 41.994730033426997 ], [ 2.355345795232769, 41.994647421133166 ], [ 2.355374198649919, 41.994608397357666 ], [ 2.355416274804927, 41.994578646105047 ], [ 2.35549557704743, 41.994545229202707 ], [ 2.355535739745843, 41.994537347834509 ], [ 2.355573954924289, 41.994542874475719 ], [ 2.355698676440836, 41.994590766534991 ], [ 2.355842076766874, 41.994678218555983 ], [ 2.355985600676006, 41.994765666587043 ], [ 2.35615281558618, 41.99486225303238 ], [ 2.356237530198165, 41.994890557686851 ], [ 2.356273621819588, 41.994890939316157 ], [ 2.356303088323362, 41.994878769092445 ], [ 2.356323428667298, 41.994849071252354 ], [ 2.356320718997173, 41.99481807150076 ], [ 2.35628307870299, 41.994755353622864 ], [ 2.356193227283355, 41.994649743432049 ], [ 2.356154410773417, 41.994595936363773 ], [ 2.356132717018917, 41.994543936580868 ], [ 2.35607495025384, 41.994345645339578 ], [ 2.356075555796114, 41.994249999375107 ], [ 2.356096508172334, 41.99420724541163 ], [ 2.356136489350176, 41.994169550013964 ], [ 2.356219011674441, 41.994127412450261 ], [ 2.356353412917947, 41.994089439470159 ], [ 2.356485176462264, 41.994050096049868 ], [ 2.356642592388898, 41.993980187289544 ], [ 2.356805200197555, 41.993910216435836 ], [ 2.356928168990865, 41.993868212208717 ], [ 2.357051859885117, 41.993850892726073 ], [ 2.35721011148097, 41.993877805393495 ], [ 2.3574442800575, 41.993968100866816 ], [ 2.357563708246088, 41.994013890653903 ], [ 2.357687136032273, 41.994046644903129 ], [ 2.357968332853718, 41.994094241777859 ], [ 2.358251071978389, 41.994120677434275 ], [ 2.358391513930864, 41.99411813274083 ], [ 2.358526519554027, 41.994091862889597 ], [ 2.358584549528532, 41.994071924965539 ], [ 2.35864270989901, 41.994051983237227 ], [ 2.358483921872854, 41.994005526989248 ], [ 2.358325135671302, 41.993959152491918 ], [ 2.358202537839032, 41.993903979793913 ], [ 2.358051872173851, 41.993782808933645 ], [ 2.357908286209083, 41.993653303121313 ], [ 2.357678089233642, 41.993480979627279 ], [ 2.357570827456094, 41.993389774625768 ], [ 2.357477570060934, 41.993286669107597 ], [ 2.357440899269178, 41.99322332475441 ], [ 2.357411955224672, 41.99312399897093 ], [ 2.35739328687311, 41.993023113113068 ], [ 2.35735439655644, 41.992784851377159 ], [ 2.357311148661681, 41.992547011950528 ], [ 2.357259181189626, 41.992372355548085 ], [ 2.357153091048543, 41.992116245499759 ], [ 2.357013982082225, 41.991867424996208 ], [ 2.356888514339369, 41.991701717273351 ], [ 2.356670283952591, 41.99146839566761 ], [ 2.35647012900952, 41.991226984350035 ], [ 2.356356744582447, 41.991036663825724 ], [ 2.35625682445457, 41.990841199352758 ], [ 2.356189610367489, 41.990717616331693 ], [ 2.356172604222646, 41.990655825595383 ], [ 2.356186952516618, 41.990597991688219 ], [ 2.356371455948898, 41.99035521164722 ], [ 2.356568251443427, 41.990114492460982 ], [ 2.356765671854947, 41.989847648213576 ], [ 2.356964542535612, 41.989580365007463 ], [ 2.357092155352327, 41.989448049239911 ], [ 2.357242208660522, 41.989329011350229 ], [ 2.3572949366241, 41.989308052740185 ], [ 2.357391176958779, 41.989293908923969 ], [ 2.357432345343269, 41.989282070496067 ], [ 2.357460099424826, 41.989259348120967 ], [ 2.357592781475897, 41.989042580726313 ], [ 2.357725105301597, 41.988825810264046 ], [ 2.357805980126953, 41.988694675936856 ], [ 2.357886978025014, 41.988563635005931 ], [ 2.357948095676687, 41.988464089776386 ], [ 2.3580092203523, 41.988364547253603 ], [ 2.358043784641976, 41.988336823611647 ], [ 2.35812342614387, 41.988315471117872 ], [ 2.35820273440384, 41.988293035910516 ], [ 2.358508353744006, 41.988106326443372 ], [ 2.358661897017518, 41.988011621353756 ], [ 2.358829038870414, 41.987933566003811 ], [ 2.359013527856876, 41.987895144560881 ], [ 2.359200370103244, 41.987863045098948 ], [ 2.359514960815038, 41.987744202009601 ], [ 2.35967253825762, 41.987680862029521 ], [ 2.359840276749344, 41.987628115348691 ], [ 2.360047511819058, 41.987584054839978 ], [ 2.360360200544497, 41.987546257567011 ], [ 2.360671498492048, 41.987539436295449 ], [ 2.36083081835513, 41.987555180812379 ], [ 2.361069258244256, 41.987602260935873 ], [ 2.361308070449564, 41.987636283926655 ], [ 2.361449531182315, 41.987639319842799 ], [ 2.361589913547963, 41.987617135534144 ], [ 2.361749080133699, 41.987551098647522 ], [ 2.361902588620053, 41.987484043862644 ], [ 2.362154566703989, 41.987396545197676 ], [ 2.362408457836681, 41.98731059043142 ], [ 2.362682274146512, 41.987224208026923 ], [ 2.36295864798165, 41.987147738344831 ], [ 2.363086060134612, 41.987130704970753 ], [ 2.363185495611109, 41.987135037600652 ], [ 2.36333490701958, 41.987163786890271 ], [ 2.363476872576899, 41.987212757812394 ], [ 2.363600097876674, 41.987288468924802 ], [ 2.363712527540474, 41.987369606004314 ], [ 2.363787927363433, 41.987411544459476 ], [ 2.3638269099147, 41.987424639976894 ], [ 2.363860261103209, 41.987422302040322 ], [ 2.363878878481022, 41.987406828243337 ], [ 2.363884862416636, 41.987363808818593 ], [ 2.363867693363838, 41.987280492433399 ], [ 2.363865091903586, 41.987239496057029 ], [ 2.363877268708288, 41.987204618715644 ], [ 2.363952088, 41.987110462789133 ], [ 2.364042215224081, 41.987018913473435 ], [ 2.364135012782939, 41.986925400120022 ], [ 2.364187397942211, 41.986889208922946 ], [ 2.36425116803589, 41.986874884000471 ], [ 2.364399527987683, 41.986875704631601 ], [ 2.364547764816343, 41.986876524389437 ], [ 2.364444521752852, 41.986818943582001 ], [ 2.364341273771984, 41.986761268985219 ], [ 2.364222773319792, 41.986670908526996 ], [ 2.364189515765771, 41.986616682753606 ], [ 2.36419498985182, 41.986563483891878 ], [ 2.364305027428664, 41.98638774347841 ], [ 2.364420855372334, 41.986212122376607 ], [ 2.364592540365629, 41.985978541041909 ], [ 2.364673398924333, 41.985860369445 ], [ 2.364736917973357, 41.985736881592693 ], [ 2.364816805874567, 41.985509723379238 ], [ 2.364889683320806, 41.98528144642043 ], [ 2.364957484904908, 41.98507944159288 ], [ 2.365027211412115, 41.984877810332222 ], [ 2.365057474942828, 41.984820874774044 ], [ 2.365143914476358, 41.984734889166909 ], [ 2.365475618477361, 41.984506962089306 ], [ 2.365550404473192, 41.984415599644059 ], [ 2.365647721325607, 41.984267884657719 ], [ 2.365708986784271, 41.98420094273262 ], [ 2.365790533138441, 41.984145733178288 ], [ 2.365907009042544, 41.984098999007458 ], [ 2.366091644736027, 41.984055438575488 ], [ 2.366281007039485, 41.984023968324522 ], [ 2.366466609282083, 41.983993915369538 ], [ 2.366652204057487, 41.983963867476866 ], [ 2.366741085691079, 41.983948687168187 ], [ 2.366826094163358, 41.983921865969229 ], [ 2.366857523666044, 41.983893125319128 ], [ 2.366852739007121, 41.983863830971615 ], [ 2.366794416204814, 41.983804875196626 ], [ 2.366663219241932, 41.983704809182065 ], [ 2.366613519351922, 41.983652563994383 ], [ 2.366596529519373, 41.983600592037924 ], [ 2.36662454893702, 41.983355766167158 ], [ 2.36669032472486, 41.98311367043533 ], [ 2.366824352957006, 41.982793234030083 ], [ 2.366901232390257, 41.982636132874745 ], [ 2.366993048584575, 41.982482802244462 ], [ 2.367158403843612, 41.98226548310496 ], [ 2.367323507670827, 41.98204906029364 ], [ 2.367421012496957, 41.981906570420335 ], [ 2.367504301926982, 41.981759680754728 ], [ 2.367564901543823, 41.981625278921967 ], [ 2.367625503081098, 41.981490778892002 ], [ 2.36771366203118, 41.981205665788011 ], [ 2.367801828321912, 41.980920461674621 ], [ 2.367891368960052, 41.980605451267898 ], [ 2.367971156855243, 41.980288583950077 ], [ 2.368036054800345, 41.979962899950834 ], [ 2.368081419932676, 41.97963566641463 ], [ 2.368094927386476, 41.979355814355877 ], [ 2.368101676625644, 41.979075565717316 ], [ 2.36813963506992, 41.978826021363027 ], [ 2.36821039987337, 41.978578187765315 ], [ 2.368264894831129, 41.978486978368558 ], [ 2.368345413133113, 41.978412932887728 ], [ 2.368374933179205, 41.978406432195641 ], [ 2.368430513669492, 41.978424841337215 ], [ 2.368478493718123, 41.978455185675323 ], [ 2.368497740642023, 41.978498882803592 ], [ 2.368490402558604, 41.97858223944646 ], [ 2.368495268999546, 41.978615145866499 ], [ 2.368521173601775, 41.978631774121851 ], [ 2.368589103432953, 41.978634577756097 ], [ 2.368698616858362, 41.978619504879369 ], [ 2.368803297894319, 41.978591890598324 ], [ 2.369016476979777, 41.978505426075245 ], [ 2.369123497485164, 41.978461250335286 ], [ 2.369234751587421, 41.978428266894703 ], [ 2.369372933056706, 41.978418847640398 ], [ 2.369588997402375, 41.97844345071136 ], [ 2.369695593600868, 41.978454124365427 ], [ 2.369779375141087, 41.97845244345605 ], [ 2.369797858871323, 41.978452070275409 ], [ 2.369895526428432, 41.978425408126661 ], [ 2.370038134456335, 41.978359002116484 ], [ 2.370110222575581, 41.978331654512722 ], [ 2.370184587254864, 41.978319362249152 ], [ 2.370283186933663, 41.978332330512089 ], [ 2.370431911783333, 41.978380250969231 ], [ 2.370507403530829, 41.97839948883022 ], [ 2.37058400106288, 41.978404500406398 ], [ 2.370761714821432, 41.978389172601183 ], [ 2.370940013312983, 41.978375377953554 ], [ 2.371273674862977, 41.978360544420696 ], [ 2.371607435744976, 41.978347869353954 ], [ 2.372141115039654, 41.978332859849772 ], [ 2.372674987018464, 41.978322544080427 ], [ 2.372978929224012, 41.978322945446074 ], [ 2.373282846752326, 41.9783258641299 ], [ 2.373601727874738, 41.978316620026064 ], [ 2.373920473505065, 41.978308629823516 ], [ 2.374041887548047, 41.978322802777797 ], [ 2.37421406562301, 41.978380120358722 ], [ 2.374378568569536, 41.978456404376786 ], [ 2.374444538906744, 41.978499096903114 ], [ 2.374525742147821, 41.978576724496527 ], [ 2.374613922067998, 41.978644393564352 ], [ 2.374677550815461, 41.978667617047854 ], [ 2.374807027820327, 41.978683996508188 ], [ 2.375014581761712, 41.97869107103368 ], [ 2.375109913861309, 41.978706180758465 ], [ 2.375191056508855, 41.978740848561465 ], [ 2.375251858266292, 41.97879386923173 ], [ 2.375325548258736, 41.978886133496239 ], [ 2.375411281092377, 41.978970274394072 ], [ 2.375552070680721, 41.979065071458628 ], [ 2.375706008342519, 41.979148227612328 ], [ 2.376006257391452, 41.979267307539679 ], [ 2.376466280507221, 41.979428864395786 ], [ 2.376917144608061, 41.979600905666565 ], [ 2.377224705435876, 41.979750735640202 ], [ 2.377537033306423, 41.979894737218785 ], [ 2.377890779867305, 41.980012480175567 ], [ 2.378246372781177, 41.98012680951738 ], [ 2.378648395157539, 41.980282998852047 ], [ 2.379058595801435, 41.980442476106184 ], [ 2.379176650004277, 41.980492651124102 ], [ 2.379235880832462, 41.980508825815768 ], [ 2.379295179208433, 41.980505992324687 ], [ 2.379391754736834, 41.980480575328535 ], [ 2.379488448478433, 41.980455158889896 ], [ 2.379668923407631, 41.980504318884641 ], [ 2.379849393798035, 41.980553477670377 ], [ 2.379960432467728, 41.980604969483373 ], [ 2.380090740718664, 41.980723117121492 ], [ 2.38021714749032, 41.980845932403959 ], [ 2.380570387488848, 41.981116504360401 ], [ 2.380923494491973, 41.981389150534518 ], [ 2.381037590654738, 41.981510815916614 ], [ 2.381113753122722, 41.981649480270235 ], [ 2.381129956152256, 41.98172116951006 ], [ 2.381127318074832, 41.981831667663222 ], [ 2.381140638955106, 41.981940089353209 ], [ 2.381199525725645, 41.98207938013929 ], [ 2.381286257034279, 41.982210624023125 ], [ 2.381472741562491, 41.98241229866958 ], [ 2.38166786757644, 41.982606899805077 ], [ 2.381875875391437, 41.982793468494499 ], [ 2.382079265887386, 41.982982533807871 ], [ 2.38214754487449, 41.98307449792285 ], [ 2.382223120625759, 41.983223969018354 ], [ 2.382312755609251, 41.983367653288838 ], [ 2.382527825008601, 41.983609918893151 ], [ 2.382752967248583, 41.983847197231995 ], [ 2.382980947298711, 41.984066293365373 ], [ 2.383208321725862, 41.984285386686381 ], [ 2.38334879681424, 41.984477353147426 ], [ 2.383486243124918, 41.984670655061471 ], [ 2.383583915082105, 41.984757192035794 ], [ 2.383751063245274, 41.984875357634046 ], [ 2.383898180691525, 41.985004851211976 ], [ 2.384002324664197, 41.985134295046336 ], [ 2.384103314891963, 41.985265344859435 ], [ 2.384207716681756, 41.985405326748243 ], [ 2.384308125368741, 41.985546453482321 ], [ 2.384329758500694, 41.98559403897417 ], [ 2.384333342205476, 41.985685926768404 ], [ 2.384316037650112, 41.985828322521535 ], [ 2.384325188951041, 41.985894023661551 ], [ 2.384363502526579, 41.985951336602497 ], [ 2.384589602725497, 41.986140966802992 ], [ 2.384819474881436, 41.986327283412002 ], [ 2.385043518597598, 41.986517630325707 ], [ 2.385260630456142, 41.986713514783382 ], [ 2.385280178722154, 41.986765230173283 ], [ 2.385254675804386, 41.986855878665324 ], [ 2.385246275327613, 41.986900868645627 ], [ 2.385258436893861, 41.986941643752687 ], [ 2.385306088572627, 41.987008366969626 ], [ 2.385353734297198, 41.987075091935615 ], [ 2.385479256725158, 41.987178980853159 ], [ 2.385604780444229, 41.987282777771355 ], [ 2.385610665047369, 41.987311090992065 ], [ 2.385576365848155, 41.98736251361926 ], [ 2.385564664087953, 41.987387131861595 ], [ 2.385571943292617, 41.987407885175912 ], [ 2.385643710019722, 41.987440331982974 ], [ 2.385781526963711, 41.987458182958648 ], [ 2.385846353733171, 41.987471137280416 ], [ 2.385897763876982, 41.987497983676491 ], [ 2.38602257679109, 41.98761294545556 ], [ 2.386148477455447, 41.987727824648765 ], [ 2.386295234303129, 41.987846145854526 ], [ 2.386441253200948, 41.987965186159244 ], [ 2.386488320405186, 41.988017675274726 ], [ 2.386539340974906, 41.98812314448886 ], [ 2.386590948081438, 41.98829328532409 ], [ 2.386628924106676, 41.988373921058461 ], [ 2.38668969197632, 41.988445487283023 ], [ 2.38682604670822, 41.988540606984465 ], [ 2.386983107774824, 41.988616561107342 ], [ 2.387188163691976, 41.988698536379005 ], [ 2.387403325728227, 41.988758761963908 ], [ 2.387555213139352, 41.988783265238602 ], [ 2.387708641854036, 41.988797236073758 ], [ 2.387877101119204, 41.988805518105252 ], [ 2.388045678744415, 41.988813799619855 ], [ 2.388041261691285, 41.988732721802982 ], [ 2.388036728852886, 41.988651633460293 ], [ 2.388018979497764, 41.988576423538902 ], [ 2.387994194711355, 41.988541885177177 ], [ 2.387953802876335, 41.988511230120572 ], [ 2.387893434159282, 41.988499287887208 ], [ 2.387802226001797, 41.988530596725035 ], [ 2.387756548340902, 41.988548005215904 ], [ 2.387710970061254, 41.988554158632141 ], [ 2.387563277881901, 41.988546074516179 ], [ 2.38748965381744, 41.988531718727735 ], [ 2.387416304009532, 41.988500974989577 ], [ 2.387347818751721, 41.988453687667374 ], [ 2.387279139226611, 41.988376942180047 ], [ 2.38722862546155, 41.988293630513979 ], [ 2.387109233835713, 41.98807917572357 ], [ 2.386990314488332, 41.987864903456646 ], [ 2.386885186586474, 41.987686189047878 ], [ 2.386772425401557, 41.987510048387563 ], [ 2.386741338512461, 41.987478805837043 ], [ 2.38666178581763, 41.987440820468393 ], [ 2.386521312320902, 41.987397742285332 ], [ 2.386460004801893, 41.987370303773446 ], [ 2.386415831102082, 41.987331340055555 ], [ 2.386285928828656, 41.987142676334472 ], [ 2.386155906935127, 41.986954102788559 ], [ 2.386109101005514, 41.986887470008462 ], [ 2.386062299101596, 41.986820930899171 ], [ 2.386062671510981, 41.986681152644536 ], [ 2.386062925675097, 41.986541367449497 ], [ 2.38603141791024, 41.986415557301036 ], [ 2.385976350881636, 41.986291961954315 ], [ 2.385870788221398, 41.986020748817189 ], [ 2.385759051926075, 41.985751389428451 ], [ 2.385673770659032, 41.98563060624415 ], [ 2.38558352547238, 41.985511859846696 ], [ 2.385559443492635, 41.985442655464922 ], [ 2.385551210505807, 41.985369835083354 ], [ 2.385547806916136, 41.985221748679727 ], [ 2.385527824534513, 41.985127702512621 ], [ 2.385457636748994, 41.985032396857648 ], [ 2.385381378433886, 41.984940210979886 ], [ 2.385375968965419, 41.98487533243712 ], [ 2.385389195639201, 41.984805964789452 ], [ 2.385383073334294, 41.984763866516815 ], [ 2.385354731265889, 41.984749304153816 ], [ 2.385305739190212, 41.984759219329966 ], [ 2.385185660915165, 41.984805055041306 ], [ 2.385121327819031, 41.984816865833658 ], [ 2.385101049081587, 41.984803876824309 ], [ 2.385091960891867, 41.984757266537116 ], [ 2.385103086497806, 41.984705175905383 ], [ 2.385138405291368, 41.984597734875251 ], [ 2.385133340723985, 41.984534301028056 ], [ 2.385068570711216, 41.984465593723165 ], [ 2.384988222047659, 41.984397164087774 ], [ 2.38495719866385, 41.984346650780445 ], [ 2.38495514426189, 41.984297463536507 ], [ 2.384968064982059, 41.984246373261414 ], [ 2.38500310158197, 41.984143163871941 ], [ 2.385004218517646, 41.984077153006375 ], [ 2.3849733153416, 41.984001872092122 ], [ 2.384926344136863, 41.983927675941842 ], [ 2.384820682976811, 41.983780660944561 ], [ 2.384770809679895, 41.983681681823171 ], [ 2.3847685912389, 41.983636634943409 ], [ 2.384782807145328, 41.983589066014744 ], [ 2.384814876954105, 41.983492956015553 ], [ 2.384802901857104, 41.983432905830625 ], [ 2.384753555241113, 41.98340526389525 ], [ 2.384688040664468, 41.983388971008686 ], [ 2.38465526806294, 41.983369879602471 ], [ 2.384540297024251, 41.983236597290173 ], [ 2.384441460642209, 41.983095474634396 ], [ 2.384391967795965, 41.982994960845566 ], [ 2.384305748849675, 41.982746991518582 ], [ 2.384263376178116, 41.982496382381846 ], [ 2.384273066027347, 41.982330353719711 ], [ 2.384281419105826, 41.982164494412316 ], [ 2.384257103761083, 41.981982969360196 ], [ 2.384240373877367, 41.981801216586888 ], [ 2.384249865481122, 41.981479727715985 ], [ 2.384261417033266, 41.981158162510724 ], [ 2.384270998431047, 41.980940343235901 ], [ 2.384280456636745, 41.980722523291242 ], [ 2.384251390797591, 41.980581953838588 ], [ 2.384202641611696, 41.980442446053821 ], [ 2.384195089688712, 41.980348646392287 ], [ 2.38421123968596, 41.98021381170944 ], [ 2.384227382674143, 41.980079070652579 ], [ 2.384320971040284, 41.979912500278409 ], [ 2.384414555684888, 41.979746014465043 ], [ 2.384470535404804, 41.979673812947603 ], [ 2.384581071533648, 41.97957677354335 ], [ 2.384684018882391, 41.979477806463606 ], [ 2.384715987839338, 41.979392593019902 ], [ 2.384721843396807, 41.979248517189355 ], [ 2.384740572582524, 41.979184666788107 ], [ 2.384791008648925, 41.979136032805023 ], [ 2.385029024608539, 41.97901211661636 ], [ 2.385267768988553, 41.978889552125715 ], [ 2.385491609553589, 41.978771683581655 ], [ 2.385714847718317, 41.978653360141273 ], [ 2.38581220548058, 41.978571105475048 ], [ 2.385909084433274, 41.978488406837833 ], [ 2.386005212571186, 41.97845883610897 ], [ 2.386170084433283, 41.97844792178536 ], [ 2.386251157444112, 41.978439524233863 ], [ 2.38632487843552, 41.97841803219054 ], [ 2.386464495249498, 41.97834672076791 ], [ 2.386593245916687, 41.978263830712393 ], [ 2.386680805411658, 41.978183598978632 ], [ 2.386793485988944, 41.978051263712807 ], [ 2.386857787090029, 41.977991712957696 ], [ 2.386937190513594, 41.977944132492048 ], [ 2.387171483324315, 41.977855765496805 ], [ 2.387413139103424, 41.977780681586168 ], [ 2.387540221184751, 41.977744703485506 ], [ 2.387665857507892, 41.977709437163355 ], [ 2.387739244551513, 41.977671635890395 ], [ 2.387834523029082, 41.977591803797921 ], [ 2.387882295750036, 41.977556846142576 ], [ 2.387934417141151, 41.977534519158191 ], [ 2.387994181971784, 41.977532310517461 ], [ 2.388046674830107, 41.977547453117829 ], [ 2.388139960686864, 41.977599561143208 ], [ 2.388284255240325, 41.977695169211586 ], [ 2.388359237385877, 41.977730426259328 ], [ 2.388436354876377, 41.977744615475146 ], [ 2.388614328133772, 41.977739887446781 ], [ 2.388792483885648, 41.977715440959365 ], [ 2.389001098049645, 41.977648818757444 ], [ 2.389208864112125, 41.977582735664313 ], [ 2.389395035305228, 41.977565349766721 ], [ 2.389579515622301, 41.977574349459481 ], [ 2.389630683111754, 41.97758776942279 ], [ 2.389714779918039, 41.977642530208165 ], [ 2.38983260087818, 41.977742135049738 ], [ 2.389890132214872, 41.977772613987753 ], [ 2.3899481817875, 41.97777346197779 ], [ 2.390064884100437, 41.977725357913691 ], [ 2.390151797835476, 41.977673941361509 ], [ 2.390268114228499, 41.977577557603404 ], [ 2.390351396051387, 41.977464337801315 ], [ 2.390412356295473, 41.977312087986867 ], [ 2.39046016437368, 41.977083390119006 ], [ 2.390490602723199, 41.976853072474434 ], [ 2.390527038226343, 41.976588735210044 ], [ 2.390555025864902, 41.976324359379291 ], [ 2.390534176814326, 41.976194372796932 ], [ 2.390512959919671, 41.976064743620434 ], [ 2.390536577400991, 41.975942468620651 ], [ 2.390573546498894, 41.975850347606993 ], [ 2.390663441256451, 41.975726981527458 ], [ 2.39072510381786, 41.975677951451146 ], [ 2.390798720324059, 41.975640967225431 ], [ 2.390941905618476, 41.975587053883842 ], [ 2.39117065914505, 41.975496219289482 ], [ 2.391288430145948, 41.975512425315827 ], [ 2.39140632584672, 41.97552872465095 ], [ 2.391490490487983, 41.975550244564438 ], [ 2.391524707980816, 41.975569882099862 ], [ 2.391544608328031, 41.975596460826182 ], [ 2.391557527028648, 41.975646789113412 ], [ 2.391566825280596, 41.975697186476047 ], [ 2.391577254366228, 41.975755968718481 ], [ 2.391588882903504, 41.975814659143637 ], [ 2.391623993916305, 41.975853936784546 ], [ 2.391680824100641, 41.97588215945548 ], [ 2.391728648097844, 41.975892955145319 ], [ 2.391773397063837, 41.975882649953029 ], [ 2.391818643261517, 41.975833529611144 ], [ 2.391860407410078, 41.975745308242949 ], [ 2.39191439295986, 41.975665525978421 ], [ 2.392023222886471, 41.97559404917066 ], [ 2.39212426927526, 41.975515775155174 ], [ 2.392199314094981, 41.975417455086699 ], [ 2.392265107187125, 41.975315310402188 ], [ 2.392325884377564, 41.975207009199899 ], [ 2.392382921859929, 41.975097970339597 ], [ 2.392416462813088, 41.974998181220393 ], [ 2.3924542367663, 41.974897229215749 ], [ 2.392511946783038, 41.974832057144823 ], [ 2.392550908970958, 41.974808754146416 ], [ 2.392594110310151, 41.974797366849103 ], [ 2.39265633222198, 41.974803547666106 ], [ 2.392750515447187, 41.974837911808748 ], [ 2.392848143044991, 41.974865718333042 ], [ 2.392940761552167, 41.974874223148753 ], [ 2.393033254100843, 41.974883538723269 ], [ 2.393149095576686, 41.974899374175124 ], [ 2.393264425292146, 41.974918267266091 ], [ 2.393396409109963, 41.974951028420683 ], [ 2.393518424606496, 41.975003371265892 ], [ 2.393613600851683, 41.975085565272636 ], [ 2.393701982344483, 41.975172044706767 ], [ 2.393788608596386, 41.975226631253193 ], [ 2.393886295544466, 41.975273620476678 ], [ 2.394035458515875, 41.975315029716143 ], [ 2.394186837961149, 41.975325466672999 ], [ 2.394271682692685, 41.975313754490664 ], [ 2.394349288929484, 41.975276063997953 ], [ 2.394415626448328, 41.975192389988187 ], [ 2.394466745915139, 41.975108979724439 ], [ 2.394526074912779, 41.97505146993484 ], [ 2.394583607188547, 41.974992240275284 ], [ 2.394623494776497, 41.974935259272542 ], [ 2.394654114676698, 41.974875255390415 ], [ 2.39466681902558, 41.974833621574575 ], [ 2.394678080859747, 41.974791620785496 ], [ 2.394696359789396, 41.974748124061186 ], [ 2.394725222125446, 41.974708009290751 ], [ 2.394754317296453, 41.974694928310413 ], [ 2.394813277336185, 41.974701183530058 ], [ 2.394863988059285, 41.974725498610042 ], [ 2.394935137035028, 41.974783065874725 ], [ 2.395001795991352, 41.974843581628434 ], [ 2.395058566897327, 41.974902875274466 ], [ 2.395116436172875, 41.974961541511504 ], [ 2.395214779055472, 41.975041321784261 ], [ 2.395323332903079, 41.975113494696075 ], [ 2.395416722630287, 41.975154875860262 ], [ 2.395507805703234, 41.975198320836043 ], [ 2.395602581098646, 41.975272404195586 ], [ 2.395691641940146, 41.975350151023534 ], [ 2.395758363248268, 41.975417871083287 ], [ 2.395829306479153, 41.975484985559007 ], [ 2.395915082985798, 41.975527677247278 ], [ 2.396013822249911, 41.975553056933748 ], [ 2.39614221086794, 41.975570213606794 ], [ 2.396268336380997, 41.975571144458968 ], [ 2.396333435671605, 41.975554194020319 ], [ 2.396429612632201, 41.975505436025749 ], [ 2.396476965162543, 41.975488751565408 ], [ 2.396523799123521, 41.975488638401778 ], [ 2.396604241793125, 41.975521032151811 ], [ 2.396685259413235, 41.975556587499995 ], [ 2.396810573612639, 41.975592458404066 ], [ 2.396939299670431, 41.975624926367473 ], [ 2.397043432931302, 41.975641419619606 ], [ 2.397147589479355, 41.975642779021307 ], [ 2.397179941772291, 41.975628984993335 ], [ 2.39721740053777, 41.975586940482117 ], [ 2.397264125311944, 41.975559628153476 ], [ 2.397345143241403, 41.975557171360862 ], [ 2.397426225111281, 41.975560479104416 ], [ 2.397495759347484, 41.975572007803734 ], [ 2.397564980478663, 41.975577956097197 ], [ 2.397629059939729, 41.975554428317821 ], [ 2.397681364652486, 41.975511470819256 ], [ 2.397761514897588, 41.975422000409644 ], [ 2.39782202657075, 41.975327838942974 ], [ 2.397845108913087, 41.975260858648838 ], [ 2.397869636243071, 41.975193978696673 ], [ 2.397918742318765, 41.97513227317269 ], [ 2.397986485473378, 41.975077234813533 ], [ 2.39804208293728, 41.975044199930927 ], [ 2.398102710600543, 41.975027497040095 ], [ 2.398207533569826, 41.975034889828301 ], [ 2.398310717251972, 41.975062181335701 ], [ 2.398380858019274, 41.975086684961525 ], [ 2.398449163740206, 41.975113162194091 ], [ 2.398517527074498, 41.975147119713618 ], [ 2.398587458000978, 41.975180988132628 ], [ 2.398667678057098, 41.975198881262884 ], [ 2.398749392068609, 41.975198589621968 ], [ 2.398865445768561, 41.975167041817983 ], [ 2.398981519545026, 41.975132704640828 ], [ 2.399122659052317, 41.975116066922887 ], [ 2.399193730477956, 41.975117872752058 ], [ 2.399259357468722, 41.975134157965165 ], [ 2.399330154005948, 41.97516650473478 ], [ 2.39939766471508, 41.975201982996445 ], [ 2.399490124893724, 41.975252541872415 ], [ 2.39958198112353, 41.975303549648963 ], [ 2.399650623737775, 41.975346154341537 ], [ 2.399720120516095, 41.97538803932423 ], [ 2.399788304646936, 41.975414961853907 ], [ 2.399858566823806, 41.975439105845815 ], [ 2.399893050095721, 41.97545577188545 ], [ 2.399927657506589, 41.975472973558787 ], [ 2.400029458873468, 41.975506108818841 ], [ 2.400135738043168, 41.975512521228744 ], [ 2.400189501623057, 41.975494249338588 ], [ 2.400228827435037, 41.975457794118391 ], [ 2.400235739063825, 41.975415949289143 ], [ 2.400204232720834, 41.975352917342143 ], [ 2.400184176294373, 41.975289856944933 ], [ 2.400199767503598, 41.97519771027109 ], [ 2.400232128187183, 41.975105742172353 ], [ 2.400325186004824, 41.974977882584398 ], [ 2.400419757454407, 41.974855251980564 ], [ 2.400439302266411, 41.97477906679309 ], [ 2.400467519608632, 41.974704643560777 ], [ 2.40054361855869, 41.974634153173518 ], [ 2.400630749187875, 41.974571385894592 ], [ 2.400715322322606, 41.97452391020682 ], [ 2.400793783554579, 41.974471629028201 ], [ 2.400858273670663, 41.974390905719652 ], [ 2.400911104379486, 41.97430462476823 ], [ 2.400952997249369, 41.974237927530339 ], [ 2.400981879644477, 41.974170884084749 ], [ 2.400980532537385, 41.974095674183715 ], [ 2.400926555044338, 41.973981724926674 ], [ 2.40084577752759, 41.973868356307896 ], [ 2.400726251288033, 41.973718856914196 ], [ 2.400593789563967, 41.973582077505405 ], [ 2.40049116920706, 41.973507865406113 ], [ 2.400386768081532, 41.973430128615412 ], [ 2.400284268058334, 41.973291162699262 ], [ 2.400227344634455, 41.973144327015476 ], [ 2.400231480026723, 41.973102736063609 ], [ 2.400266111399188, 41.973039421853926 ], [ 2.400275262778838, 41.972976868890022 ], [ 2.400229949605827, 41.972905390407597 ], [ 2.400160779755444, 41.972842161648664 ], [ 2.400032523168168, 41.972773850541806 ], [ 2.399907375618463, 41.972706732712872 ], [ 2.399817103510726, 41.972628258650623 ], [ 2.399746862742468, 41.972538276969686 ], [ 2.39971888287672, 41.972471482303881 ], [ 2.399701775082062, 41.972403931179493 ], [ 2.399694563014765, 41.972361833275116 ], [ 2.399702562422912, 41.972320081508187 ], [ 2.399719083891041, 41.972308552009913 ], [ 2.399760367532212, 41.972307504232617 ], [ 2.399795253467165, 41.972320566147864 ], [ 2.399871136936532, 41.97241436189735 ], [ 2.399955490805103, 41.972505861038037 ], [ 2.400101483612826, 41.972601102954009 ], [ 2.400254761238145, 41.972691794749068 ], [ 2.400355533391186, 41.972744646231988 ], [ 2.400462257441126, 41.972793481117279 ], [ 2.400530352418507, 41.972817165756886 ], [ 2.40060085781211, 41.972827711419882 ], [ 2.400728277685921, 41.972819006099265 ], [ 2.400855826247292, 41.972795535794248 ], [ 2.400985969647161, 41.972767300854741 ], [ 2.401111121193663, 41.972729767372371 ], [ 2.401254023173706, 41.972666205221714 ], [ 2.401390210501747, 41.972597112918315 ], [ 2.40145977730973, 41.972553975279226 ], [ 2.401529906295962, 41.972514078421803 ], [ 2.401601241394232, 41.972501210484651 ], [ 2.401720670758592, 41.972521108988047 ], [ 2.401830448231262, 41.972565904619699 ], [ 2.401992605057704, 41.972649788096405 ], [ 2.402152937622094, 41.972735196577851 ], [ 2.402286384191032, 41.972817674594474 ], [ 2.402429360345874, 41.972887590936914 ], [ 2.402510106925595, 41.972913138885893 ], [ 2.40259097788905, 41.972938686524621 ], [ 2.402671848909268, 41.972964235007325 ], [ 2.402752601718812, 41.97298978281804 ], [ 2.402763969406368, 41.973000830979686 ], [ 2.402758882051159, 41.973028094686256 ], [ 2.402751976067135, 41.973056880963696 ], [ 2.402759091206079, 41.973199495168053 ], [ 2.402772487589843, 41.97334196011068 ], [ 2.402799944067989, 41.973451984158146 ], [ 2.402839849825175, 41.973560270722494 ], [ 2.40288134719691, 41.973653622605525 ], [ 2.402930822030921, 41.973745113756245 ], [ 2.403004522445898, 41.973853759750426 ], [ 2.403114089583176, 41.973947276362857 ], [ 2.403191627219243, 41.973981098673278 ], [ 2.403275716380287, 41.973998371929973 ], [ 2.403345156906139, 41.974007200008408 ], [ 2.403414476035602, 41.974015846380219 ], [ 2.403472325986087, 41.974025066283154 ], [ 2.403530069000292, 41.974033201199944 ], [ 2.403571673229303, 41.97402377842964 ], [ 2.403599902390353, 41.974000056544909 ], [ 2.403593790980225, 41.973956253346941 ], [ 2.403514275567692, 41.97388847224186 ], [ 2.403439524350265, 41.973814858809277 ], [ 2.403377885963805, 41.973707088179765 ], [ 2.40335486303072, 41.973652386387222 ], [ 2.403348864056229, 41.973596428374137 ], [ 2.40335970807105, 41.973521096312162 ], [ 2.403373444653228, 41.973445688313596 ], [ 2.403374601035551, 41.973386704321896 ], [ 2.403397719647819, 41.973328457725287 ], [ 2.403450995409856, 41.973309910661762 ], [ 2.403513616755385, 41.973312306675595 ], [ 2.403618035307425, 41.973310419166999 ], [ 2.403722052489496, 41.973313389471002 ], [ 2.403814665901637, 41.97332170985824 ], [ 2.403907038801647, 41.973331103416164 ], [ 2.403976697771799, 41.973342454111084 ], [ 2.404045804433498, 41.973348577134743 ], [ 2.404115693956657, 41.973335068766559 ], [ 2.404185031306262, 41.973315793229283 ], [ 2.404265699119139, 41.973298378678997 ], [ 2.404347431695335, 41.973283137498917 ], [ 2.404416724613432, 41.973281961369771 ], [ 2.404486353405343, 41.973283858211289 ], [ 2.404556052228306, 41.97327745934156 ], [ 2.404625424795558, 41.973267729876866 ], [ 2.404684560497708, 41.973255603754367 ], [ 2.404741484684942, 41.973234829650494 ], [ 2.404784612398018, 41.973204428825419 ], [ 2.404811627269247, 41.973168183790328 ], [ 2.404814000161264, 41.97313369879187 ], [ 2.40478908432583, 41.973100966413817 ], [ 2.404707304848884, 41.973081359105549 ], [ 2.404627296545231, 41.973066620917059 ], [ 2.404524973191801, 41.972998721315271 ], [ 2.404420229200992, 41.972931437728548 ], [ 2.404296255046316, 41.972868558492799 ], [ 2.404166666735087, 41.97281276524501 ], [ 2.404074974419925, 41.97279517576726 ], [ 2.403981712512595, 41.972778298600112 ], [ 2.403919951588644, 41.97274852886985 ], [ 2.403866595922004, 41.972710604892086 ], [ 2.403825264454153, 41.972639234960397 ], [ 2.403807491125426, 41.972602846728535 ], [ 2.403775154932899, 41.972576019987287 ], [ 2.403637365530664, 41.972531712971573 ], [ 2.403498104239012, 41.972490727003603 ], [ 2.403393722236949, 41.972449653734202 ], [ 2.403290571216798, 41.97240589017445 ], [ 2.403216317292046, 41.972369203763762 ], [ 2.403152434303108, 41.972321313800045 ], [ 2.403108867296305, 41.972256420381605 ], [ 2.403084291803491, 41.972186849462545 ], [ 2.403069265657267, 41.972128137082365 ], [ 2.403062214213052, 41.972069377900596 ], [ 2.403063864739722, 41.972034796408217 ], [ 2.403086011906252, 41.972002493895388 ], [ 2.403155205115642, 41.971972679532783 ], [ 2.403225270427754, 41.971952868854871 ], [ 2.403318946862705, 41.971912379073359 ], [ 2.403411321797806, 41.971869982046407 ], [ 2.403492931183993, 41.971828704377231 ], [ 2.403574186574466, 41.971787066345478 ], [ 2.403643776565147, 41.971753741150756 ], [ 2.403713723594828, 41.971720689769157 ], [ 2.403759436167818, 41.97168535448742 ], [ 2.403770479841013, 41.971666043921871 ], [ 2.403760693622225, 41.971653925073063 ], [ 2.4036696315952, 41.971633908546835 ], [ 2.403575749005939, 41.971619457821518 ], [ 2.403321529680176, 41.971583915114842 ], [ 2.403067062723813, 41.971549717954041 ], [ 2.402882197319552, 41.971531911417479 ], [ 2.402696857212636, 41.971514285849338 ], [ 2.402575470675403, 41.971484560915762 ], [ 2.402466156264376, 41.971429231508466 ], [ 2.402386243682472, 41.971366311127078 ], [ 2.402328492303199, 41.971294404834062 ], [ 2.402282853105876, 41.971218691411508 ], [ 2.402237336248369, 41.97114307137555 ], [ 2.402191696431668, 41.971067447077736 ], [ 2.402146057555883, 41.970991733599895 ], [ 2.402121010926129, 41.970933600268289 ], [ 2.40210092629348, 41.970874141773933 ], [ 2.402079315415781, 41.970823409085583 ], [ 2.402055522691825, 41.970773298197081 ], [ 2.401992010780196, 41.970711546457458 ], [ 2.401917709154132, 41.970655219025673 ], [ 2.401884322023609, 41.970611006115867 ], [ 2.401879837290433, 41.970588285063712 ], [ 2.401895321965639, 41.970571253080713 ], [ 2.40197647060797, 41.970553482365894 ], [ 2.402057559863867, 41.970555348508022 ], [ 2.402219476167559, 41.970574476142701 ], [ 2.402381415201423, 41.970590536899223 ], [ 2.402463431336956, 41.970583760284086 ], [ 2.402543815611188, 41.970557880095029 ], [ 2.402588142537318, 41.97052847795446 ], [ 2.402613833229784, 41.970491231293117 ], [ 2.402620139776348, 41.970449202999923 ], [ 2.402614615458341, 41.970407385145364 ], [ 2.402586610528496, 41.970356352678984 ], [ 2.402569205341199, 41.970306540828361 ], [ 2.402610171223781, 41.970250103002748 ], [ 2.402686010828466, 41.970206546005883 ], [ 2.402812235388849, 41.970169909688423 ], [ 2.40294113752609, 41.970157612350143 ], [ 2.403033810672439, 41.970158905778284 ], [ 2.40312626484681, 41.970158574992631 ], [ 2.403219025078223, 41.970151315096949 ], [ 2.403311680026644, 41.970142790043717 ], [ 2.403428183920027, 41.970125922585638 ], [ 2.403543471113514, 41.970110487051862 ], [ 2.403615749507276, 41.970124641840719 ], [ 2.403713913353049, 41.970185404511675 ], [ 2.403764701867408, 41.970214042882994 ], [ 2.403820199198236, 41.970229281255001 ], [ 2.404040021804787, 41.970237989089952 ], [ 2.404259946451355, 41.970248316431388 ], [ 2.40438711421527, 41.970265550321471 ], [ 2.404514285951828, 41.970283142556468 ], [ 2.404625418360478, 41.970273090184286 ], [ 2.404678672975841, 41.970269851952381 ], [ 2.404722709434775, 41.97028422345965 ], [ 2.404826407123911, 41.970360145065477 ], [ 2.40492961423213, 41.970436155001373 ], [ 2.404975527482734, 41.970469991430136 ], [ 2.405021559950048, 41.970503732086968 ], [ 2.405064991458043, 41.970531519353017 ], [ 2.405113782021404, 41.970554470774687 ], [ 2.40519356757479, 41.970566232572246 ], [ 2.405275863337062, 41.970555309629589 ], [ 2.405323667914405, 41.970541414103813 ], [ 2.405368746471185, 41.970522284177235 ], [ 2.405423819195605, 41.970466190414257 ], [ 2.405449425294789, 41.970437860173881 ], [ 2.405485416472622, 41.970422284902625 ], [ 2.405578033032119, 41.970417899085078 ], [ 2.405670676191844, 41.970423244128341 ], [ 2.405774747731901, 41.970432337379783 ], [ 2.405878827477705, 41.970441070312873 ], [ 2.405959908385455, 41.970443832520097 ], [ 2.406040909726858, 41.97044190899274 ], [ 2.406111613053098, 41.970418230583462 ], [ 2.406180290853908, 41.970392373749888 ], [ 2.406274692754649, 41.970389892507207 ], [ 2.406365387721302, 41.970410084304611 ], [ 2.406515510839665, 41.970477602544044 ], [ 2.406665016594077, 41.970545743359089 ], [ 2.406757316590433, 41.970588101332098 ], [ 2.406849498834409, 41.970630545986964 ], [ 2.406905174372852, 41.970665332748482 ], [ 2.406964614451226, 41.970698154761635 ], [ 2.407033285624817, 41.970711656497606 ], [ 2.407103375296392, 41.970715620257927 ], [ 2.407184615062524, 41.970713789023314 ], [ 2.407265457070644, 41.970716457207217 ], [ 2.407313121424815, 41.970730933816284 ], [ 2.407357717422824, 41.970750531966004 ], [ 2.407402104854226, 41.970779223048318 ], [ 2.407449940566791, 41.970801263379045 ], [ 2.4075536546015, 41.970796933246731 ], [ 2.407658403995396, 41.970785585868434 ], [ 2.407750968643031, 41.970786063429451 ], [ 2.407843657599079, 41.970786541557025 ], [ 2.407913173714161, 41.970786900100478 ], [ 2.407982573972324, 41.970787258004385 ], [ 2.408014637084904, 41.970804176634829 ], [ 2.408036427950953, 41.970862830499065 ], [ 2.408049932709027, 41.970890011086162 ], [ 2.408074059346066, 41.970905090147006 ], [ 2.408147316149251, 41.970905283199173 ], [ 2.408262936124109, 41.970879220385299 ], [ 2.408320231935012, 41.970869970433618 ], [ 2.408375361935793, 41.970873043915638 ], [ 2.408506869907176, 41.970904346002193 ], [ 2.408629240584843, 41.970958205790723 ], [ 2.408716868501928, 41.971022964708609 ], [ 2.408790090162598, 41.971093144335413 ], [ 2.408835963317737, 41.971143727800893 ], [ 2.40888172635477, 41.971194219713411 ], [ 2.408961928889784, 41.971278666598828 ], [ 2.40904226011413, 41.971362662855945 ], [ 2.409073350753328, 41.971446856843848 ], [ 2.409086163402374, 41.971484211271587 ], [ 2.409110421568442, 41.971497123787962 ], [ 2.40914916828201, 41.971483724052504 ], [ 2.409211823911323, 41.971442796894237 ], [ 2.409273440131342, 41.971397446585669 ], [ 2.409319734275497, 41.971363731473872 ], [ 2.409366625572656, 41.971330824610867 ], [ 2.409414243107802, 41.971323686820881 ], [ 2.409459462804452, 41.971314553409961 ], [ 2.409517863809981, 41.971264593933199 ], [ 2.409576136404724, 41.971214545500487 ], [ 2.409758025553988, 41.971201342140532 ], [ 2.409939911403069, 41.971188226740573 ], [ 2.410004334522524, 41.97119161920569 ], [ 2.410098859714416, 41.971215522270292 ], [ 2.41019410372735, 41.971239880183759 ], [ 2.410321250922209, 41.971260256124786 ], [ 2.410448443308268, 41.971274693164361 ], [ 2.410564325859749, 41.971260964906179 ], [ 2.410680241090525, 41.97124237670397 ], [ 2.41079596226426, 41.971245492542906 ], [ 2.41091156952716, 41.971260317241693 ], [ 2.411038949714604, 41.971294472875421 ], [ 2.411165731400355, 41.971328628900686 ], [ 2.411280810107808, 41.971348582512533 ], [ 2.411396907268864, 41.97136332096958 ], [ 2.411501137464753, 41.971368808080349 ], [ 2.411605211431774, 41.97136438876921 ], [ 2.411732512804359, 41.971328472301593 ], [ 2.411795230855622, 41.971307718972419 ], [ 2.411860607330132, 41.971298684285834 ], [ 2.411941585664452, 41.971299099111114 ], [ 2.412022572448541, 41.971299513922553 ], [ 2.412103551993134, 41.971299928639766 ], [ 2.412184654639828, 41.971300343930181 ], [ 2.412229710585577, 41.971309765014631 ], [ 2.412284144255608, 41.971349129902364 ], [ 2.412322648684373, 41.971401658420298 ], [ 2.412324475653953, 41.971452374377641 ], [ 2.412321723968804, 41.971502256296887 ], [ 2.412356428520047, 41.971560888979774 ], [ 2.412390164341689, 41.971619875158439 ], [ 2.412393431056555, 41.97169753020092 ], [ 2.412394879760554, 41.971736357226952 ], [ 2.412411827102054, 41.971770936779272 ], [ 2.412457711655379, 41.971821432390044 ], [ 2.412503601158112, 41.971871922603455 ], [ 2.412549481122167, 41.971922145251526 ], [ 2.412595244316095, 41.971972999551056 ], [ 2.412617424523757, 41.97201526150814 ], [ 2.412620279337289, 41.972085891037672 ], [ 2.412616724142878, 41.972157566767898 ], [ 2.412618631229733, 41.972199458398102 ], [ 2.41261595457959, 41.972241325674894 ], [ 2.412590621659369, 41.972279203263952 ], [ 2.412514906133639, 41.972322592699847 ], [ 2.412452631493521, 41.972374599096362 ], [ 2.412435593201548, 41.97241621363284 ], [ 2.412428688645535, 41.972458326762698 ], [ 2.41244009877867, 41.972517195048312 ], [ 2.412450783594004, 41.972575796625655 ], [ 2.412424863862244, 41.972651231646246 ], [ 2.412403051213603, 41.972726415680249 ], [ 2.412410679093452, 41.972776714585208 ], [ 2.41242530009196, 41.972827142049738 ], [ 2.412454412946247, 41.972903840450336 ], [ 2.412493440607267, 41.972978349626288 ], [ 2.412533572894194, 41.973023944958385 ], [ 2.412585239288789, 41.97306266957014 ], [ 2.412678586917028, 41.973096653741749 ], [ 2.412769884161138, 41.973130622846064 ], [ 2.41281617132566, 41.973176973696781 ], [ 2.412867441791926, 41.973258839853969 ], [ 2.412930131776514, 41.973332653887965 ], [ 2.413033505887471, 41.973392176085731 ], [ 2.413137372379082, 41.973451068439601 ], [ 2.413183741901266, 41.973501386994293 ], [ 2.413229019987165, 41.973552144880372 ], [ 2.413270514427186, 41.973568566240402 ], [ 2.413348520532668, 41.973577523913818 ], [ 2.413413826716005, 41.97360334465904 ], [ 2.413458848515097, 41.973668513599279 ], [ 2.413481993687249, 41.973737803886323 ], [ 2.413471089125731, 41.973808270309632 ], [ 2.413466307116089, 41.973842472080001 ], [ 2.41348076330874, 41.973871907642661 ], [ 2.413549134519618, 41.97393152253963 ], [ 2.413618611304864, 41.973989968574251 ], [ 2.413697523914628, 41.974058463749138 ], [ 2.413779471766402, 41.974124904638295 ], [ 2.41382551068803, 41.974158733653248 ], [ 2.413871544466068, 41.974192470755433 ], [ 2.413917467214567, 41.974226211775509 ], [ 2.413963507074819, 41.974259954275595 ], [ 2.41402876748012, 41.97429100370082 ], [ 2.414061045849746, 41.974298366571979 ], [ 2.414078951182546, 41.974294044695547 ], [ 2.414072364166216, 41.974275007929926 ], [ 2.414027215242812, 41.974236497393136 ], [ 2.41398729428758, 41.974193061664508 ], [ 2.413953219598603, 41.974117411931118 ], [ 2.413919157050302, 41.974041763149366 ], [ 2.413885087754419, 41.973966200786073 ], [ 2.413851142436359, 41.973890552580869 ], [ 2.413821685816894, 41.973799252095915 ], [ 2.413806484923354, 41.973705962770211 ], [ 2.413816982699238, 41.97361387105029 ], [ 2.41383134894874, 41.973521627953467 ], [ 2.413811996529923, 41.973368143037597 ], [ 2.413785527500922, 41.973292892345476 ], [ 2.413741544721367, 41.973219442708505 ], [ 2.413661508911347, 41.973141395660335 ], [ 2.413580832985776, 41.973067758548915 ], [ 2.413511112264088, 41.972984179054436 ], [ 2.413443454984732, 41.97289935272962 ], [ 2.413407700249938, 41.972849361414205 ], [ 2.413374858773992, 41.972798490612327 ], [ 2.413347993404271, 41.97274007483766 ], [ 2.413352760887604, 41.972681016411229 ], [ 2.413390293560331, 41.972641669862028 ], [ 2.413446068311571, 41.972614391760061 ], [ 2.413538875654642, 41.972588839351289 ], [ 2.413631671263689, 41.972565084536711 ], [ 2.413708231027463, 41.972547638759238 ], [ 2.41377104606984, 41.972515448193668 ], [ 2.413826190539856, 41.972424852566803 ], [ 2.413865426713693, 41.972331561058326 ], [ 2.413901117493376, 41.972256359326131 ], [ 2.413936204414642, 41.972181059028479 ], [ 2.413949641214574, 41.972097724140333 ], [ 2.413957754094381, 41.972055345982824 ], [ 2.413984085930413, 41.972013598522864 ], [ 2.414028505243897, 41.971973654644806 ], [ 2.414052863913502, 41.971962430579367 ], [ 2.414077119101984, 41.97196381350502 ], [ 2.414180710860752, 41.972012895271554 ], [ 2.414284627943559, 41.972065479493374 ], [ 2.414341843599896, 41.972091351207055 ], [ 2.414399914767453, 41.972116328391287 ], [ 2.414462533005031, 41.972131237674894 ], [ 2.414493578553693, 41.972129320879844 ], [ 2.414515654806584, 41.97211691871329 ], [ 2.414530666220758, 41.972085737651817 ], [ 2.414518154746661, 41.972028842714082 ], [ 2.414452588077758, 41.97193960896341 ], [ 2.414402369136274, 41.971848116233602 ], [ 2.414406321753696, 41.971719523069453 ], [ 2.414404972729617, 41.971656108389041 ], [ 2.414381491992005, 41.971596542845255 ], [ 2.414292036500025, 41.971493951846242 ], [ 2.414198083392351, 41.971394488356722 ], [ 2.414067724004558, 41.971236655945901 ], [ 2.413946339672314, 41.971074636068749 ], [ 2.413895753517472, 41.970957919873065 ], [ 2.41385592389992, 41.970839456339135 ], [ 2.413820905514379, 41.970788749262773 ], [ 2.413787328844323, 41.970738502572239 ], [ 2.413786986227458, 41.970696891840426 ], [ 2.413811268445478, 41.970654861942691 ], [ 2.413861688765312, 41.970605583631318 ], [ 2.413927774471873, 41.970571602027995 ], [ 2.414077271550292, 41.970536880660916 ], [ 2.414229230152562, 41.970522885183158 ], [ 2.414425987768592, 41.970520107948339 ], [ 2.414622798037993, 41.970524891738776 ], [ 2.414727527845367, 41.970554788326595 ], [ 2.41477918967027, 41.970567570951076 ], [ 2.414830918434011, 41.970559460235428 ], [ 2.414868426630376, 41.970535870219081 ], [ 2.414877611729552, 41.970509438343015 ], [ 2.414787099043293, 41.970415488720384 ], [ 2.414670983194308, 41.970323927653588 ], [ 2.414489807275416, 41.970192946652652 ], [ 2.41430289158282, 41.970070583379439 ], [ 2.414167356857738, 41.969991533859414 ], [ 2.41402645028459, 41.969918309290748 ], [ 2.413946389951921, 41.969883767167609 ], [ 2.41386498340718, 41.96985047634643 ], [ 2.413709735918384, 41.969788706699752 ], [ 2.413640449045902, 41.96975043748273 ], [ 2.413588546159058, 41.969698109352564 ], [ 2.413552850378812, 41.969590028071899 ], [ 2.413544199552487, 41.969480010700842 ], [ 2.413531889814397, 41.969387718666916 ], [ 2.41352271906463, 41.969295443566502 ], [ 2.413527030626132, 41.969219989736338 ], [ 2.413547272647552, 41.96914470915155 ], [ 2.413617028102196, 41.969026532337601 ], [ 2.413688342703087, 41.968910711479005 ], [ 2.41371054558027, 41.968818323706358 ], [ 2.41373636904276, 41.968726591188243 ], [ 2.413784200042794, 41.968643252669857 ], [ 2.413830467044235, 41.968559362142067 ], [ 2.413877806888328, 41.968450714142229 ], [ 2.413918489909306, 41.968357161536446 ], [ 2.413644305204414, 41.968289385051953 ], [ 2.413378921012366, 41.968195883906276 ], [ 2.41310251857871, 41.968026950824225 ], [ 2.412945786009137, 41.967941884386597 ], [ 2.413122061859272, 41.967799416219172 ], [ 2.413302315230392, 41.967643340501176 ], [ 2.413482782486505, 41.967463719455054 ], [ 2.413801846861668, 41.967080698560927 ], [ 2.414078194044784, 41.966768115166211 ], [ 2.41432226480323, 41.966533863162695 ], [ 2.414523615191313, 41.966370043796175 ], [ 2.414724677191784, 41.966237618952363 ], [ 2.414988484861162, 41.966144764571361 ], [ 2.415126081902927, 41.966051267574144 ], [ 2.415211373639516, 41.965926099532695 ], [ 2.415349394478859, 41.965785503135095 ], [ 2.415603048372975, 41.965653347250758 ], [ 2.415814549843298, 41.965528826532818 ], [ 2.41601510594187, 41.965451345632566 ], [ 2.416204572548966, 41.965436611512565 ], [ 2.416372857212198, 41.965437467129298 ], [ 2.416562036066855, 41.965454125512338 ], [ 2.416856176387502, 41.965494872822333 ], [ 2.417034763479103, 41.965519325040034 ], [ 2.417181442198533, 41.965582873280255 ], [ 2.4173307011771, 41.965644192667675 ], [ 2.417332134351693, 41.965647561231272 ], [ 2.417436042024259, 41.965714111047866 ], [ 2.417539207044364, 41.965782722231857 ], [ 2.417662937921428, 41.965885765669434 ], [ 2.417792009525324, 41.965985215374808 ], [ 2.417940200008045, 41.966079366871561 ], [ 2.41809130807625, 41.966171103865115 ], [ 2.418249860569636, 41.966266657581087 ], [ 2.418413780071786, 41.966357195430724 ], [ 2.418538223568894, 41.966395021523695 ], [ 2.418667800385264, 41.966425489806483 ], [ 2.418774136692789, 41.966464395721822 ], [ 2.418875333936759, 41.966510394398021 ], [ 2.419026008228957, 41.966610949094573 ], [ 2.419174485185791, 41.96671311547739 ], [ 2.41927476464633, 41.966768023959247 ], [ 2.419381993364786, 41.966814680461518 ], [ 2.41954262635589, 41.96686782419345 ], [ 2.419705107797989, 41.96691692224082 ], [ 2.419855339135392, 41.966959469750186 ], [ 2.420005328048694, 41.967002288740261 ], [ 2.420191027219348, 41.967060062431514 ], [ 2.420374640531367, 41.967121515323825 ], [ 2.420615432935178, 41.96722576798259 ], [ 2.420859044229159, 41.967325077985173 ], [ 2.421089610247695, 41.967385862309548 ], [ 2.421320921483035, 41.967444763029746 ], [ 2.421529425970012, 41.967503006167561 ], [ 2.421736575277296, 41.967564214301532 ], [ 2.422182856868527, 41.967714262566176 ], [ 2.422613480075736, 41.967887195549793 ], [ 2.423086604727583, 41.968098711611923 ], [ 2.423558870768419, 41.968311034711171 ], [ 2.423901455898759, 41.968465056205218 ], [ 2.424250704934276, 41.968616227960915 ], [ 2.424321600846254, 41.968637478054553 ], [ 2.424396945901133, 41.968647673110276 ], [ 2.424551390413131, 41.968651329489319 ], [ 2.424701882000856, 41.968652082817606 ], [ 2.424852255317924, 41.968652836256751 ], [ 2.425002746909041, 41.968653590091307 ], [ 2.425153243333186, 41.968654343752782 ], [ 2.425280923640483, 41.968669214436758 ], [ 2.425407589608011, 41.968689123636274 ], [ 2.42551182676977, 41.968679652393895 ], [ 2.425616297102791, 41.968658731145268 ], [ 2.425685706626972, 41.968657007757308 ], [ 2.425735177110487, 41.968671574026239 ], [ 2.425779726457526, 41.968696838098445 ], [ 2.425870203758269, 41.968741693480084 ], [ 2.425974296213488, 41.968749149127284 ], [ 2.426078356782491, 41.968759487555239 ], [ 2.426146476810923, 41.968794681179709 ], [ 2.426216667068398, 41.968827279481381 ], [ 2.426446326396941, 41.968868957077653 ], [ 2.426679132701624, 41.968896598627246 ], [ 2.427049529008781, 41.968923480882928 ], [ 2.427419553859746, 41.968950638397182 ], [ 2.427928456372101, 41.968995685064996 ], [ 2.428437373327414, 41.969039466814309 ], [ 2.428674345978801, 41.969046588956651 ], [ 2.428911947005993, 41.969037413467376 ], [ 2.429386995401315, 41.968993929843123 ], [ 2.429526373137793, 41.968969046272008 ], [ 2.429665256471366, 41.968945050834805 ], [ 2.429780916992983, 41.968940400595862 ], [ 2.429896720875815, 41.968946199588579 ], [ 2.430013061967894, 41.96896091953495 ], [ 2.430128023037768, 41.968980853679028 ], [ 2.430219961348751, 41.969011122984092 ], [ 2.430312703719731, 41.969032024766783 ], [ 2.430393625380571, 41.969025490255746 ], [ 2.430474928711019, 41.969016075447072 ], [ 2.430602229805607, 41.969005988959879 ], [ 2.430729719644149, 41.96900058943708 ], [ 2.430777092272923, 41.969007214561131 ], [ 2.430820497574388, 41.969025806071109 ], [ 2.43089105506246, 41.969085238706342 ], [ 2.430918494789708, 41.969161301843876 ], [ 2.430936049792238, 41.969236325244054 ], [ 2.430994641607805, 41.969311459270358 ], [ 2.431050448589074, 41.969387754835033 ], [ 2.431066494315508, 41.9694697941326 ], [ 2.431071897034843, 41.969554487188084 ], [ 2.431094852936173, 41.969605935351041 ], [ 2.431163503769219, 41.96969013030445 ], [ 2.431232273870024, 41.969774233938679 ], [ 2.431323551483616, 41.969892133958965 ], [ 2.431415325825139, 41.97000985803281 ], [ 2.431609628204611, 41.97025408755696 ], [ 2.431804554332472, 41.970497964968125 ], [ 2.431953217726551, 41.970691536978315 ], [ 2.432102124237133, 41.970885014522537 ], [ 2.432190771494823, 41.970945977793903 ], [ 2.432298237710054, 41.970994785892451 ], [ 2.432355435369457, 41.971037129849009 ], [ 2.432413013429858, 41.971104335856268 ], [ 2.432469982181506, 41.971171806319852 ], [ 2.432516122848531, 41.971222109665717 ], [ 2.432561777985886, 41.971272868131464 ], [ 2.432569866376181, 41.971327308368714 ], [ 2.432554013562708, 41.971386852336295 ], [ 2.432560440251552, 41.971423724965263 ], [ 2.432593178478528, 41.97147468166569 ], [ 2.432628947533023, 41.971524666204616 ], [ 2.432710602269303, 41.971625046405975 ], [ 2.432789245404957, 41.971726578031479 ], [ 2.432812114367932, 41.971802079504137 ], [ 2.432834245603996, 41.97187775565866 ], [ 2.432912828602996, 41.972000002226679 ], [ 2.432991528936599, 41.972122252920855 ], [ 2.433035804123061, 41.972192906401546 ], [ 2.433092180775958, 41.9722856814466 ], [ 2.433162900860199, 41.972381866054178 ], [ 2.433252636948123, 41.97247093105765 ], [ 2.433339579052575, 41.972534141180461 ], [ 2.433485297390522, 41.972611234149902 ], [ 2.433644424391631, 41.972673987825793 ], [ 2.433849250501658, 41.972741374516197 ], [ 2.434060133194508, 41.972793392906318 ], [ 2.434279973206618, 41.972828342388489 ], [ 2.434499455778957, 41.97286265742126 ], [ 2.434649537791332, 41.972897077921232 ], [ 2.434799865691849, 41.972931144573018 ], [ 2.434962135604812, 41.972938965844882 ], [ 2.435123770173798, 41.972949578528869 ], [ 2.435228198229471, 41.972974320233696 ], [ 2.43533176318665, 41.973000861632947 ], [ 2.435423746762289, 41.973026801081382 ], [ 2.435516459703177, 41.973052024409974 ], [ 2.435584607684274, 41.973057132103108 ], [ 2.435689861887894, 41.973042878597965 ], [ 2.435794439453837, 41.973036635799815 ], [ 2.435944715514597, 41.973062594700977 ], [ 2.436094999767077, 41.973088459776392 ], [ 2.436326547733164, 41.973095811491383 ], [ 2.436557940602315, 41.973107483375244 ], [ 2.436742522557859, 41.973158644518598 ], [ 2.436927462016737, 41.973209811621842 ], [ 2.437088902545424, 41.973229965849448 ], [ 2.437251338189519, 41.973244992731338 ], [ 2.43745983694894, 41.973252410208339 ], [ 2.437667942475069, 41.973263785610349 ], [ 2.437820379290287, 41.973291643139106 ], [ 2.437968235847353, 41.973332264801954 ], [ 2.438095195683207, 41.97337530676301 ], [ 2.438222282650741, 41.97341736117469 ], [ 2.438326095350836, 41.973443540818572 ], [ 2.438430156662764, 41.973468633579778 ], [ 2.438534378726037, 41.97350291743173 ], [ 2.438637883097625, 41.973536750048474 ], [ 2.438717675234635, 41.973548756081655 ], [ 2.438843871708023, 41.973540818471825 ], [ 2.438962355611787, 41.973504827807005 ], [ 2.439068591750693, 41.973446891886233 ], [ 2.439171816758632, 41.973388493525398 ], [ 2.439262477662238, 41.973344891996582 ], [ 2.439357692406621, 41.973305545766394 ], [ 2.439471428202353, 41.97327331778753 ], [ 2.439589620765802, 41.973256420978217 ], [ 2.439705435937194, 41.973248431743187 ], [ 2.439821371076247, 41.973240797839175 ], [ 2.440076168576689, 41.973226370143344 ], [ 2.440330984504472, 41.973209686703044 ], [ 2.440486101725833, 41.973179910211755 ], [ 2.440702178896149, 41.973093684926724 ], [ 2.440911725710028, 41.972994640669377 ], [ 2.440981538751282, 41.972961205645802 ], [ 2.441051230736553, 41.972928217621323 ], [ 2.441270195025255, 41.972870107912513 ], [ 2.441492171123314, 41.972813004971719 ], [ 2.441626845507742, 41.972746377586788 ], [ 2.441748145930504, 41.972663379344112 ], [ 2.441830953010589, 41.972593355264188 ], [ 2.441888373314898, 41.972513200403718 ], [ 2.441902280901302, 41.972454725591547 ], [ 2.441912453086468, 41.972395960617078 ], [ 2.441925792080766, 41.972333069770698 ], [ 2.441959820952321, 41.972278833124328 ], [ 2.442029652996934, 41.972228824384786 ], [ 2.442099608479592, 41.972178903566693 ], [ 2.442216083595325, 41.972095706640864 ], [ 2.442332553143476, 41.972012421302914 ], [ 2.442442465434998, 41.971906401796694 ], [ 2.442542885403871, 41.971795471590404 ], [ 2.442615520360022, 41.971756376867667 ], [ 2.442682525290797, 41.971712390267022 ], [ 2.442695633680026, 41.971662557869699 ], [ 2.442683402257147, 41.971611790059107 ], [ 2.442646277864797, 41.971536941863114 ], [ 2.442615198842519, 41.971460595474674 ], [ 2.44259310007289, 41.971351504808716 ], [ 2.442570877061044, 41.971242414433938 ], [ 2.4426387989587, 41.971149255903242 ], [ 2.442706713025759, 41.971056003623282 ], [ 2.442754716692178, 41.970989854796336 ], [ 2.442800575323748, 41.970922349040727 ], [ 2.442818298254333, 41.970840023146714 ], [ 2.44280203489091, 41.97075473753295 ], [ 2.442781152354558, 41.9706706012634 ], [ 2.442757145753811, 41.970586814595194 ], [ 2.442723431832341, 41.970494328994747 ], [ 2.442689235299578, 41.970402113942271 ], [ 2.442680359030538, 41.970326594969968 ], [ 2.442690550262958, 41.970251260427702 ], [ 2.442724596307313, 41.97020828105174 ], [ 2.442760794636042, 41.970167745714072 ], [ 2.442763442581324, 41.970085075544496 ], [ 2.442744139804572, 41.97004238030646 ], [ 2.442706696694199, 41.970004191309705 ], [ 2.442670181796435, 41.969997977780125 ], [ 2.44260948744413, 41.970024347360301 ], [ 2.442580068026539, 41.970035008921258 ], [ 2.442553658859195, 41.97003262992456 ], [ 2.442425201593128, 41.969968235292036 ], [ 2.442300057937062, 41.96989728984984 ], [ 2.442194787892263, 41.969831119798052 ], [ 2.442092922806104, 41.969762173227956 ], [ 2.442029205720227, 41.969706470749948 ], [ 2.441978213106966, 41.969644258819791 ], [ 2.441962778399794, 41.969587259843024 ], [ 2.441978561383294, 41.969493036727322 ], [ 2.441978350682602, 41.969448451786853 ], [ 2.441957087888065, 41.96940943691834 ], [ 2.441877424846972, 41.969341408671255 ], [ 2.441796175619483, 41.969274544423691 ], [ 2.44172458062136, 41.969208902435852 ], [ 2.44165844003316, 41.969139764421215 ], [ 2.441631312838217, 41.969081177395452 ], [ 2.44162926381553, 41.968983717957329 ], [ 2.441614292515979, 41.968888081663842 ], [ 2.441530992172635, 41.968738344075071 ], [ 2.441476694089773, 41.968667828795631 ], [ 2.441408480045572, 41.968602105781137 ], [ 2.441265371863181, 41.968502065804813 ], [ 2.441109108484589, 41.968416196651781 ], [ 2.440976222922665, 41.968347816792708 ], [ 2.440922909651452, 41.968329167358114 ], [ 2.440832321597059, 41.968297488337591 ], [ 2.440694200060092, 41.968276009208829 ], [ 2.440554803287093, 41.968262630604691 ], [ 2.440427047187614, 41.968256516609181 ], [ 2.440300310689623, 41.968244637768557 ], [ 2.440195522797759, 41.968220710410797 ], [ 2.440092446038435, 41.968193369668136 ], [ 2.440000114258436, 41.96816752501514 ], [ 2.43990764955908, 41.968142120966299 ], [ 2.439804237017958, 41.968139634938815 ], [ 2.439699352438542, 41.968141105470089 ], [ 2.439535050564475, 41.968104819899899 ], [ 2.439375939266625, 41.968055770868666 ], [ 2.439282765517803, 41.96801396981094 ], [ 2.439191424403317, 41.967971011265647 ], [ 2.439071514566006, 41.967937550205185 ], [ 2.439010697142183, 41.967935635441407 ], [ 2.438960096837754, 41.967953133118733 ], [ 2.438876015472648, 41.968018108825746 ], [ 2.4387968489009, 41.968086451771882 ], [ 2.438751818601347, 41.96812891515706 ], [ 2.438703552846276, 41.968169842379503 ], [ 2.438662609072296, 41.968186851239409 ], [ 2.438589404627411, 41.968194504717601 ], [ 2.438518009180789, 41.96820244169993 ], [ 2.438448253469488, 41.968229660034076 ], [ 2.438378665910239, 41.96825201734714 ], [ 2.438320757761934, 41.968249576049402 ], [ 2.438234257218144, 41.968218348198732 ], [ 2.438147932442397, 41.968167127233592 ], [ 2.438044060367972, 41.968079887296788 ], [ 2.437987479917112, 41.967981884340851 ], [ 2.437962968504975, 41.967872600784283 ], [ 2.437943168949022, 41.967763705959584 ], [ 2.437914365766982, 41.967704297439155 ], [ 2.43789785809309, 41.967646122681565 ], [ 2.43793283185043, 41.96759405431424 ], [ 2.437991306971703, 41.967546063020137 ], [ 2.438053540772481, 41.967481521419394 ], [ 2.438088280446185, 41.967456202574738 ], [ 2.438131090181536, 41.967446142690456 ], [ 2.438223773593113, 41.967446595355113 ], [ 2.438316332698562, 41.967447048237446 ], [ 2.438513166541552, 41.967448009276083 ], [ 2.438709876085871, 41.967448970270191 ], [ 2.438809235250027, 41.967458287043193 ], [ 2.438955214861651, 41.967490878744698 ], [ 2.439102825682966, 41.967517898596533 ], [ 2.439472706004978, 41.96754771765751 ], [ 2.439843242269387, 41.967571857318475 ], [ 2.440132569978089, 41.967580654112176 ], [ 2.440421765811713, 41.967591428299947 ], [ 2.440539613355472, 41.967611905591895 ], [ 2.440709304672942, 41.967666229327122 ], [ 2.440883788666132, 41.967711034483706 ], [ 2.441115054398726, 41.967735396860327 ], [ 2.441346548254562, 41.967746792074273 ], [ 2.441485353359109, 41.967745036529642 ], [ 2.441624385408271, 41.967731388609963 ], [ 2.441798070726007, 41.967687920400166 ], [ 2.441876610266789, 41.967650201318733 ], [ 2.441949706233395, 41.967598857448444 ], [ 2.441980831722617, 41.967558118446057 ], [ 2.441996777989095, 41.967515235024145 ], [ 2.441984932721688, 41.967462132650155 ], [ 2.441980450196138, 41.967436166240383 ], [ 2.441997655936767, 41.967414631151655 ], [ 2.44204958662698, 41.967395971333147 ], [ 2.442127819566428, 41.967393197379664 ], [ 2.442206096921537, 41.967398888960702 ], [ 2.442368184718959, 41.967411836277236 ], [ 2.442530098404405, 41.967417215112746 ], [ 2.442858120460009, 41.967375664584701 ], [ 2.44317929303857, 41.967303091537424 ], [ 2.443402975935059, 41.967241312332092 ], [ 2.443620337720708, 41.967171121346119 ], [ 2.443794937752696, 41.967105132451984 ], [ 2.443968703365198, 41.967038603352705 ], [ 2.444234994238971, 41.966947841846405 ], [ 2.444502744526787, 41.966856814780051 ], [ 2.444584076787752, 41.96681586584846 ], [ 2.444642517335113, 41.966756886445737 ], [ 2.44466509974154, 41.966699352065312 ], [ 2.444674685656888, 41.966610137784386 ], [ 2.444690895100078, 41.966522400209783 ], [ 2.444711608538642, 41.966471612684494 ], [ 2.444738107150513, 41.966422115871168 ], [ 2.444810560053602, 41.966347528931259 ], [ 2.444878321782349, 41.96627183665889 ], [ 2.444913658680297, 41.966204997853801 ], [ 2.444948870804235, 41.966138065664943 ], [ 2.444984214384463, 41.966071135000618 ], [ 2.445019545017216, 41.966004297030722 ], [ 2.445096057718486, 41.965935313668645 ], [ 2.445182657616475, 41.965870973308355 ], [ 2.445218526281306, 41.965812607752824 ], [ 2.445253179688062, 41.965753955304969 ], [ 2.445353975270261, 41.965682207864859 ], [ 2.445406051796128, 41.96564715327186 ], [ 2.445439729450974, 41.965603991138273 ], [ 2.445453246038276, 41.965562354615457 ], [ 2.445463509462985, 41.965520251142841 ], [ 2.445474274964625, 41.965461580511032 ], [ 2.44548769497577, 41.965403101931749 ], [ 2.445535079542364, 41.965324155795031 ], [ 2.445604728579073, 41.965252708933946 ], [ 2.445671389091404, 41.965191878180846 ], [ 2.44574464134904, 41.965136026579501 ], [ 2.445800707799758, 41.965100452466373 ], [ 2.445861076751041, 41.965069578962222 ], [ 2.445965704894518, 41.965028021842521 ], [ 2.446070090441504, 41.964986730954841 ], [ 2.446233285587486, 41.964912580881965 ], [ 2.446395531947727, 41.964837438868699 ], [ 2.446472445104764, 41.964818892998373 ], [ 2.44650885902994, 41.964808170478598 ], [ 2.446534861676917, 41.964787848876526 ], [ 2.446552861896409, 41.96472975251217 ], [ 2.446558928678385, 41.964670606982857 ], [ 2.446580481639423, 41.964578208692778 ], [ 2.446606862836429, 41.964486378574456 ], [ 2.446671029433114, 41.964392926529989 ], [ 2.4467473518585, 41.96430268266306 ], [ 2.44679954312838, 41.964211875737959 ], [ 2.446841505689859, 41.964118675966432 ], [ 2.44684299238324, 41.964043207159229 ], [ 2.446842809354452, 41.963967823074825 ], [ 2.446890689423129, 41.963901311563326 ], [ 2.446936646461166, 41.963834163001522 ], [ 2.446948808626997, 41.963767299259565 ], [ 2.446960974356716, 41.963700159928251 ], [ 2.446988158198658, 41.963598159628226 ], [ 2.447032096706303, 41.963499385152623 ], [ 2.447132714132466, 41.963363149229593 ], [ 2.447242695595835, 41.963232088504924 ], [ 2.447300239851652, 41.963164723575034 ], [ 2.447359699776416, 41.96309854050655 ], [ 2.447452904880995, 41.963023506835725 ], [ 2.447546114952264, 41.962948571284706 ], [ 2.447630190787015, 41.962840803787969 ], [ 2.447710054866925, 41.962731483929886 ], [ 2.447818856480977, 41.962625274500724 ], [ 2.447920338090987, 41.962514527326093 ], [ 2.447945115032747, 41.962454300801426 ], [ 2.447954873917693, 41.962358696765875 ], [ 2.447968721911356, 41.962263296126032 ], [ 2.44798618408117, 41.962212214928797 ], [ 2.448015926490473, 41.962162909445027 ], [ 2.448097908237117, 41.962102237370189 ], [ 2.448202026834308, 41.962063198505902 ], [ 2.448295847345898, 41.962042573759113 ], [ 2.44838728032198, 41.962047333606805 ], [ 2.448527088341091, 41.962095470470231 ], [ 2.448731084602032, 41.96218759960334 ], [ 2.448940971650647, 41.96226796059657 ], [ 2.449044780971097, 41.962292948888965 ], [ 2.449148935421258, 41.96231920778493 ], [ 2.449278984235094, 41.96236567840544 ], [ 2.449402686450442, 41.962421032354634 ], [ 2.449481201327312, 41.962482473275642 ], [ 2.449563618900779, 41.962539160213034 ], [ 2.449689160155246, 41.962576778605801 ], [ 2.449817777563876, 41.962607386391063 ], [ 2.449945368092675, 41.962631686236378 ], [ 2.45007196299003, 41.962658950673806 ], [ 2.450178313495774, 41.962697288107996 ], [ 2.450279523057191, 41.962743798709468 ], [ 2.450376146494389, 41.96279037553164 ], [ 2.450463894665358, 41.962845197738659 ], [ 2.450523493754527, 41.962902853760106 ], [ 2.45057860924728, 41.962963103833836 ], [ 2.450629334189165, 41.963014413554667 ], [ 2.450679740815491, 41.963047437266049 ], [ 2.450699638542535, 41.963035012281779 ], [ 2.450707033677522, 41.962975153232968 ], [ 2.450694768765041, 41.96291339788251 ], [ 2.450642860764317, 41.962817046418763 ], [ 2.450557454380656, 41.962728282166687 ], [ 2.45037836029661, 41.962617455138044 ], [ 2.450188841981901, 41.962525398270309 ], [ 2.450071892394031, 41.962484581874342 ], [ 2.449958115159627, 41.962440439979531 ], [ 2.44990382803509, 41.96239596067057 ], [ 2.449844687970441, 41.962313260741134 ], [ 2.44977460978515, 41.962238445947968 ], [ 2.449670610290087, 41.962179580568822 ], [ 2.449567222153754, 41.962120090260399 ], [ 2.449474588318567, 41.962044530366803 ], [ 2.44938341134906, 41.961968257750904 ], [ 2.449256243723386, 41.961909461011608 ], [ 2.449129806854486, 41.961849772373156 ], [ 2.449105727947138, 41.961815251306405 ], [ 2.44909360107259, 41.961751964400094 ], [ 2.449061599112114, 41.961698489468539 ], [ 2.448958401937521, 41.961630716978931 ], [ 2.448854477141137, 41.961563384932489 ], [ 2.448762308208499, 41.961504220655662 ], [ 2.44867026299016, 41.961445143362688 ], [ 2.448780997276123, 41.961352273967769 ], [ 2.448891730448583, 41.961259496326981 ], [ 2.448966928609964, 41.961187169732341 ], [ 2.449031917107599, 41.961109302715904 ], [ 2.449070900459495, 41.961010416266802 ], [ 2.449103153912217, 41.960908430733944 ], [ 2.449143075058285, 41.960855031612518 ], [ 2.449196576149283, 41.960808274309706 ], [ 2.449279200936823, 41.960783722164727 ], [ 2.449359061894839, 41.960758791933564 ], [ 2.449405829317857, 41.960708939963233 ], [ 2.449452477478913, 41.960658635265851 ], [ 2.449519541102338, 41.960606624399617 ], [ 2.449592233801181, 41.960558699793317 ], [ 2.449698764930289, 41.960518946985658 ], [ 2.449801344174433, 41.960475938137414 ], [ 2.449883732211324, 41.960409949165175 ], [ 2.449964556948268, 41.960342607044446 ], [ 2.4500878534118, 41.960247720509344 ], [ 2.45022074942646, 41.960159372729024 ], [ 2.450262961823359, 41.960147681534053 ], [ 2.45033630962936, 41.960150195227406 ], [ 2.450405996928451, 41.960143504531459 ], [ 2.450510966266112, 41.960102664488502 ], [ 2.450615105659382, 41.96006065311115 ], [ 2.450754616415791, 41.960002860020616 ], [ 2.450893893470101, 41.959944709877831 ], [ 2.451021811726583, 41.959886957387162 ], [ 2.451149501079046, 41.959828572290107 ], [ 2.451274549188162, 41.959782790992826 ], [ 2.451404826365382, 41.959745944860202 ], [ 2.451508864696448, 41.959729231067264 ], [ 2.451613508171647, 41.959713427944401 ], [ 2.451780939284435, 41.959663791017505 ], [ 2.451938499795259, 41.95959761998656 ], [ 2.452079003819881, 41.959507858083434 ], [ 2.452217851360319, 41.959414490832131 ], [ 2.452340158408142, 41.959350139713493 ], [ 2.452404800634545, 41.959326393891487 ], [ 2.452473315127716, 41.959315191199472 ], [ 2.452565706750434, 41.959320317059984 ], [ 2.452658391181778, 41.959332826123095 ], [ 2.452763512948421, 41.959359173725751 ], [ 2.452815430169943, 41.959369869835903 ], [ 2.452866373493754, 41.959367318748917 ], [ 2.452893605837436, 41.95934367086975 ], [ 2.452888841361044, 41.959280240184732 ], [ 2.452890831579009, 41.959216574189227 ], [ 2.452955390510186, 41.959103484919716 ], [ 2.452997848211571, 41.959049284119104 ], [ 2.453054750550691, 41.958999387061539 ], [ 2.453131735739278, 41.958956972923048 ], [ 2.453217371934305, 41.958933151009177 ], [ 2.453333009881405, 41.958915415403233 ], [ 2.453449095379883, 41.958900653117702 ], [ 2.453611536131028, 41.958884583799595 ], [ 2.453773486575151, 41.958868692052562 ], [ 2.453901927945604, 41.958834619210378 ], [ 2.454028661772398, 41.958802801484758 ], [ 2.454201612542145, 41.958813440207891 ], [ 2.454375382495604, 41.958854799874572 ], [ 2.454607933303476, 41.958923716184209 ], [ 2.454715438178428, 41.958967643569864 ], [ 2.454813781644724, 41.959024494279809 ], [ 2.454861092199462, 41.959066147895385 ], [ 2.454905615498755, 41.95910877539081 ], [ 2.454991669575857, 41.95917818056455 ], [ 2.455089697869852, 41.959243764226535 ], [ 2.455235406196789, 41.959308406788047 ], [ 2.455311989999219, 41.959325610855686 ], [ 2.455389924364233, 41.959329041947129 ], [ 2.455540110594241, 41.959306156754543 ], [ 2.455691292506681, 41.959280121043008 ], [ 2.455795617914792, 41.959272419516708 ], [ 2.45589970505665, 41.959264353796854 ], [ 2.456050227281277, 41.959230299434047 ], [ 2.456201208926103, 41.95919867795471 ], [ 2.45637450020977, 41.959213008660925 ], [ 2.456548082003738, 41.959233917164454 ], [ 2.456663826267409, 41.959231037941343 ], [ 2.456779778893996, 41.959218258535046 ], [ 2.456913505032654, 41.959187273206041 ], [ 2.45703509347143, 41.959135608605081 ], [ 2.457187824207178, 41.959026626644238 ], [ 2.457337880366427, 41.958919070203983 ], [ 2.4574425150205, 41.958861021250648 ], [ 2.457547143353002, 41.958802699268603 ], [ 2.457617957411569, 41.958762056097989 ], [ 2.457686741461221, 41.958719594751159 ], [ 2.457770195668432, 41.958654150027968 ], [ 2.457849927353493, 41.958586253156618 ], [ 2.457942686070985, 41.958519228337252 ], [ 2.458036161690973, 41.958453019229566 ], [ 2.45806810214587, 41.958400658299261 ], [ 2.458106514900361, 41.958352745690014 ], [ 2.45822115518021, 41.958324012285175 ], [ 2.458338374484503, 41.958303489723129 ], [ 2.458430136192319, 41.958268883885779 ], [ 2.458524158403902, 41.958237355414006 ], [ 2.458650401792048, 41.95823470203446 ], [ 2.45877875853156, 41.958238553202854 ], [ 2.458920841201624, 41.958217875248828 ], [ 2.459057094638605, 41.958172761523059 ], [ 2.459123013801669, 41.958126144534894 ], [ 2.459173661423282, 41.958072792420964 ], [ 2.459198158271901, 41.958029674799619 ], [ 2.459220704833401, 41.957989158125301 ], [ 2.459251200558403, 41.957978944069254 ], [ 2.459317231510036, 41.957990151348511 ], [ 2.459359303004097, 41.958023316661567 ], [ 2.459349784696167, 41.958107123226569 ], [ 2.459334720188572, 41.958190820809691 ], [ 2.459353469969107, 41.958299980123464 ], [ 2.459379213773714, 41.958408992232528 ], [ 2.459428726897705, 41.95856198153357 ], [ 2.459492392778607, 41.95871134199519 ], [ 2.459525138077704, 41.958762389350881 ], [ 2.459560916794121, 41.958812181032847 ], [ 2.459597292446051, 41.958862880685345 ], [ 2.459606401772152, 41.95891300886035 ], [ 2.459580618795816, 41.958938099023946 ], [ 2.459515608715096, 41.958961755291647 ], [ 2.459443786253483, 41.958979337760788 ], [ 2.459372780163665, 41.958985132471852 ], [ 2.459304762318177, 41.958995437351398 ], [ 2.459285035790924, 41.959015792333133 ], [ 2.459277190639507, 41.959058808258284 ], [ 2.459257570597867, 41.959095824309578 ], [ 2.459168909479095, 41.95914953778729 ], [ 2.459071621000868, 41.959195467497679 ], [ 2.458989601977825, 41.959219849424699 ], [ 2.458909143457152, 41.959245051050878 ], [ 2.458789840619376, 41.959326090215797 ], [ 2.458676289645031, 41.959411569652715 ], [ 2.458618249115816, 41.959425619312945 ], [ 2.458560284459087, 41.959444530211172 ], [ 2.458478696089867, 41.959531150917755 ], [ 2.458442879185464, 41.959628437039065 ], [ 2.458435475267761, 41.95980538803137 ], [ 2.458463074549102, 41.959980607320318 ], [ 2.458485987387157, 41.960039349829785 ], [ 2.458508418761732, 41.960098095467337 ], [ 2.458506305631706, 41.960148429279009 ], [ 2.45850756703985, 41.960198696144694 ], [ 2.458556964260102, 41.960293589394965 ], [ 2.458621725070858, 41.960383694161763 ], [ 2.458717425200963, 41.960483490049967 ], [ 2.458805258065593, 41.960585678775743 ], [ 2.458841941288031, 41.960685644875149 ], [ 2.458872939475305, 41.960787210773503 ], [ 2.458923361232409, 41.960889492367713 ], [ 2.458986957457164, 41.960988869218973 ], [ 2.459057292072375, 41.961062873525385 ], [ 2.45914788557868, 41.961123737903343 ], [ 2.459249706577743, 41.961170059757862 ], [ 2.459355569947058, 41.961208570145544 ], [ 2.459518375221104, 41.961249414648726 ], [ 2.45967886283568, 41.961293940754437 ], [ 2.459726189378625, 41.961333702826842 ], [ 2.459770830151223, 41.96137813571805 ], [ 2.459847720214963, 41.961418668216027 ], [ 2.459932202459826, 41.96144599564898 ], [ 2.459989376971997, 41.96144851535999 ], [ 2.460077231394066, 41.961434336827722 ], [ 2.460163906605142, 41.961430331138502 ], [ 2.460306277165524, 41.961461984386325 ], [ 2.460440981743571, 41.961515487675399 ], [ 2.460533242683453, 41.961593641722068 ], [ 2.460574168319861, 41.961634821641454 ], [ 2.460624819647137, 41.961667214382409 ], [ 2.460727943959603, 41.961701740488046 ], [ 2.460832648560925, 41.961735199424922 ], [ 2.460903823350972, 41.961767145321048 ], [ 2.460970978605325, 41.961802949678948 ], [ 2.461006822338821, 41.961845359313649 ], [ 2.461033519286335, 41.961928256078821 ], [ 2.461054365537127, 41.961961229239641 ], [ 2.461092111141175, 41.961978160658639 ], [ 2.46121585114958, 41.961986754675486 ], [ 2.461339762534074, 41.961989046485137 ], [ 2.461432399253988, 41.961993985328156 ], [ 2.461524996006907, 41.961989913621629 ], [ 2.461541528307734, 41.961975312966779 ], [ 2.461529339275169, 41.961932562311524 ], [ 2.461525841829239, 41.961889312920079 ], [ 2.461543381241332, 41.961855708379829 ], [ 2.461572477920613, 41.9618392707401 ], [ 2.461645263643267, 41.961851499992264 ], [ 2.461718167612803, 41.961863734256013 ], [ 2.461787484738461, 41.961872433647493 ], [ 2.461856921346623, 41.961881133557178 ], [ 2.461949271616354, 41.961891562916847 ], [ 2.462041890514579, 41.961898752855703 ], [ 2.462181095885132, 41.961890304695686 ], [ 2.462319955648968, 41.961866550589114 ], [ 2.462593702454944, 41.961816577960498 ], [ 2.462726010320799, 41.961782070234293 ], [ 2.462853480131222, 41.961734927658348 ], [ 2.462913793318882, 41.961694678842662 ], [ 2.462970027088679, 41.961651621542465 ], [ 2.463048718632301, 41.961607224578167 ], [ 2.463132668711042, 41.961568617329107 ], [ 2.463247649788134, 41.961542402390407 ], [ 2.463364654470454, 41.961519351837076 ], [ 2.463461143587188, 41.961482600690665 ], [ 2.46355046371857, 41.961436455316743 ], [ 2.463610682899676, 41.961378552588336 ], [ 2.463667296283745, 41.961319637744175 ], [ 2.463760005806254, 41.961286295732165 ], [ 2.463852960027767, 41.961253406022678 ], [ 2.463900748683002, 41.961195445089267 ], [ 2.463946492975162, 41.961136484755052 ], [ 2.464027723054465, 41.961106237663373 ], [ 2.464109117188878, 41.961070227901004 ], [ 2.464155079128639, 41.961014062372207 ], [ 2.464179604190161, 41.960953197964209 ], [ 2.464168308542455, 41.960861095105564 ], [ 2.464157986144041, 41.960768632916647 ], [ 2.464179300825024, 41.96071487330839 ], [ 2.464228202495714, 41.960668446887254 ], [ 2.464268790395143, 41.960663868150021 ], [ 2.464329205950636, 41.960697472092413 ], [ 2.464359476669288, 41.96071418202677 ], [ 2.464389843132108, 41.960719461112497 ], [ 2.464470939271507, 41.960704256948858 ], [ 2.464552318334564, 41.960669956267843 ], [ 2.464568439015335, 41.960646886966842 ], [ 2.464562768169921, 41.960603986886746 ], [ 2.46457632872285, 41.9605694635489 ], [ 2.464654560700268, 41.960536860288727 ], [ 2.464738808914039, 41.96051987650084 ], [ 2.46487864276546, 41.960523313218928 ], [ 2.46501658773056, 41.960521169428027 ], [ 2.465170366107462, 41.960486841780146 ], [ 2.465318109493006, 41.960438803760809 ], [ 2.465434612216463, 41.960388997088536 ], [ 2.465550509487172, 41.960339274843811 ], [ 2.465687918080058, 41.960286595726025 ], [ 2.465829132601822, 41.960239964128682 ], [ 2.466002156354235, 41.960212937461144 ], [ 2.466176708340496, 41.960191323452612 ], [ 2.466316181712561, 41.960150536605674 ], [ 2.466455185302638, 41.960108760272554 ], [ 2.466525228623196, 41.960102148809121 ], [ 2.466594209958239, 41.960092651129273 ], [ 2.466664712842761, 41.960060734722539 ], [ 2.46673365957908, 41.960026288270754 ], [ 2.466846748303397, 41.959980338079049 ], [ 2.466965796816948, 41.959943508598656 ], [ 2.467028816219681, 41.959940013855658 ], [ 2.467125100176199, 41.959956315264435 ], [ 2.467220383988982, 41.959961441855853 ], [ 2.467313307152223, 41.959946469797373 ], [ 2.467405765279841, 41.959928793499657 ], [ 2.467591220732495, 41.959887503269613 ], [ 2.467776792897445, 41.959846660012261 ], [ 2.467869250464275, 41.959829163471838 ], [ 2.467962287006426, 41.959814011279057 ], [ 2.468089309646792, 41.959805772391512 ], [ 2.468217039118493, 41.959798436405613 ], [ 2.468360421383152, 41.959766491730896 ], [ 2.468495511744504, 41.959715872749037 ], [ 2.46863438721094, 41.959630408032517 ], [ 2.468774676971386, 41.95954954310205 ], [ 2.468890147732707, 41.95950738292116 ], [ 2.469006811042695, 41.959466763779815 ], [ 2.469133029237909, 41.959423482190594 ], [ 2.46926222934801, 41.959384087123588 ], [ 2.469324537041019, 41.959378881962088 ], [ 2.469420825753798, 41.959394724829529 ], [ 2.469516694800439, 41.959402102991227 ], [ 2.469621309487281, 41.959388446721242 ], [ 2.469725243016406, 41.959369469659926 ], [ 2.469889315231749, 41.959330779851612 ], [ 2.470050046568204, 41.959287203569048 ], [ 2.470154279352532, 41.959246342143231 ], [ 2.470259009158482, 41.959204315648563 ], [ 2.470350616380709, 41.959187891283243 ], [ 2.470444367505518, 41.959188415616239 ], [ 2.470507398702491, 41.959198251620478 ], [ 2.47055981156358, 41.959222450229632 ], [ 2.47057111801452, 41.959241146217785 ], [ 2.470548751138171, 41.959274910030317 ], [ 2.470464320356477, 41.959329195752808 ], [ 2.470422813350723, 41.959358366111687 ], [ 2.470396368078584, 41.959389316305327 ], [ 2.470347517494953, 41.959489248947349 ], [ 2.470302155000506, 41.959590096527513 ], [ 2.470254972846902, 41.95970723779989 ], [ 2.470207657785633, 41.959824378436963 ], [ 2.470148683110255, 41.959966597508092 ], [ 2.470089465659357, 41.960108811821883 ], [ 2.470061818123304, 41.960183441527775 ], [ 2.470041997857508, 41.960259458360362 ], [ 2.470039789273943, 41.960351678458572 ], [ 2.470040470703493, 41.960443907392346 ], [ 2.470028798725831, 41.960527713888204 ], [ 2.470015920845615, 41.960611417542651 ], [ 2.470002996248295, 41.960670174254169 ], [ 2.469991775313101, 41.960728665025208 ], [ 2.470011037203427, 41.960763160394031 ], [ 2.470088917407896, 41.960801255205908 ], [ 2.470127730675854, 41.960821341828712 ], [ 2.470152864939089, 41.960846765719758 ], [ 2.470230253533896, 41.961031496048363 ], [ 2.470311867677294, 41.961216332278994 ], [ 2.470355655175306, 41.961292549831654 ], [ 2.470403171494575, 41.961367613698087 ], [ 2.470449457481425, 41.961417995348199 ], [ 2.470494902637355, 41.961468645103245 ], [ 2.47051854411636, 41.961527210237215 ], [ 2.470540262095122, 41.961586212326154 ], [ 2.470574362482228, 41.961636178360536 ], [ 2.470608935740197, 41.961687046332862 ], [ 2.470651139453814, 41.961778572334637 ], [ 2.470676794202345, 41.961871818855492 ], [ 2.470662312576302, 41.961930655814932 ], [ 2.470652655413893, 41.961989066483348 ], [ 2.470685507950295, 41.962073341301107 ], [ 2.470720769526128, 41.962156999448339 ], [ 2.470754781030707, 41.962232633168711 ], [ 2.470788917643771, 41.962308178288588 ], [ 2.470783334031166, 41.962341568254836 ], [ 2.470742239275189, 41.962392446724373 ], [ 2.470731293249782, 41.962417616783867 ], [ 2.470741588441989, 41.962442072362279 ], [ 2.470795629603995, 41.962473846677341 ], [ 2.470856900344884, 41.962492952159543 ], [ 2.470968256056964, 41.962510937407941 ], [ 2.471021629542318, 41.962521180760518 ], [ 2.471064764476826, 41.962544169113414 ], [ 2.471137328571675, 41.962627002839447 ], [ 2.471202264085761, 41.962712416923381 ], [ 2.471247348936828, 41.962763332209882 ], [ 2.471293997235154, 41.962813443175918 ], [ 2.471322813559203, 41.962830961479774 ], [ 2.471382460545831, 41.962841592919808 ], [ 2.471432750887009, 41.962830835408518 ], [ 2.471444868811145, 41.962810443321295 ], [ 2.471443651393712, 41.962767928865361 ], [ 2.471456750610151, 41.96273042769208 ], [ 2.471509553916911, 41.962693021927819 ], [ 2.471573032839515, 41.962663860459209 ], [ 2.471678321959076, 41.962641467146078 ], [ 2.471781568650833, 41.962648064965173 ], [ 2.471877584622425, 41.96268255285613 ], [ 2.471965988911158, 41.962732768258256 ], [ 2.472028587981904, 41.962780342150587 ], [ 2.472081005256832, 41.962833813602138 ], [ 2.472109139795204, 41.962874745954714 ], [ 2.472126534092691, 41.962917877887257 ], [ 2.472135855540245, 41.963002044082998 ], [ 2.472125151811288, 41.963085486835787 ], [ 2.472090977686205, 41.963161165984978 ], [ 2.472054517801295, 41.963236120381715 ], [ 2.472043401853252, 41.963311006679035 ], [ 2.472052013255006, 41.963349321985405 ], [ 2.472076442841711, 41.963387081362924 ], [ 2.472132804978127, 41.963430394273232 ], [ 2.472163970197657, 41.963440894348253 ], [ 2.472191755824225, 41.963437872454243 ], [ 2.472286736054639, 41.96337868212057 ], [ 2.472377975969301, 41.963304614389649 ], [ 2.472427570085283, 41.963246475382064 ], [ 2.472483637033516, 41.963193773707289 ], [ 2.472544975338986, 41.963174691156176 ], [ 2.472649692132988, 41.963178592943613 ], [ 2.472749266170544, 41.9632057082638 ], [ 2.472818567645827, 41.963231158761246 ], [ 2.472887750226936, 41.963256692433106 ], [ 2.472957057809757, 41.963282147378237 ], [ 2.473026227992369, 41.963307588140779 ], [ 2.473051080568645, 41.963308873082177 ], [ 2.473073931182567, 41.963274119390057 ], [ 2.473092301773092, 41.963183324454718 ], [ 2.47311012163865, 41.963144134390376 ], [ 2.473143475746797, 41.963123753118317 ], [ 2.473247399224292, 41.963106755211328 ], [ 2.473352033128501, 41.96309111327308 ], [ 2.473538798465853, 41.963052608842581 ], [ 2.473631708747494, 41.963038983525507 ], [ 2.473722914707673, 41.963042554890173 ], [ 2.473850454600194, 41.96307349199035 ], [ 2.4739769834299, 41.963110727194419 ], [ 2.474069208679728, 41.963136816964401 ], [ 2.47416168225285, 41.963161921565643 ], [ 2.474253269794863, 41.963162699482488 ], [ 2.474347051174618, 41.963146015302968 ], [ 2.474475733414114, 41.963126700537728 ], [ 2.474602085115351, 41.963096832638001 ], [ 2.474673313311007, 41.963063655513452 ], [ 2.474718495594679, 41.963013600439815 ], [ 2.474754735553323, 41.962921535985664 ], [ 2.474789516482337, 41.962829464843878 ], [ 2.474843309312555, 41.962686319980001 ], [ 2.474907581895959, 41.962545025256368 ], [ 2.474942661348384, 41.962505467108542 ], [ 2.475018105401856, 41.962458436948488 ], [ 2.475093910851598, 41.962411764154744 ], [ 2.475150565885369, 41.962360862490613 ], [ 2.475210463660093, 41.962311691394412 ], [ 2.475278981184976, 41.962285612276588 ], [ 2.475349764672711, 41.962262066245586 ], [ 2.475455105042763, 41.96220463999321 ], [ 2.475559006221803, 41.962145662422436 ], [ 2.4756463818328, 41.96208625892185 ], [ 2.475745200157243, 41.96202915297318 ], [ 2.475831461074619, 41.962002795178407 ], [ 2.47596187626057, 41.961991680035517 ], [ 2.476092643618376, 41.961997229623044 ], [ 2.476196710586232, 41.96200688948818 ], [ 2.476300909096434, 41.962014931357388 ], [ 2.476393450579007, 41.962016617088658 ], [ 2.476486018795106, 41.962015774690187 ], [ 2.476624869162075, 41.962006860663678 ], [ 2.476763941696915, 41.962000286518318 ], [ 2.476879785326344, 41.962000813515679 ], [ 2.476995505875016, 41.962001339835446 ], [ 2.477157565085648, 41.962002077077138 ], [ 2.477319504845949, 41.962002812645579 ], [ 2.477471639597864, 41.962007557270084 ], [ 2.477620186920556, 41.962037686929897 ], [ 2.477716213521635, 41.96208622042387 ], [ 2.477804598382005, 41.96213912965424 ], [ 2.477901683284418, 41.962176319380603 ], [ 2.477989027228348, 41.962223729655804 ], [ 2.478060297341444, 41.962303225165712 ], [ 2.478142406113721, 41.962430414369607 ], [ 2.478217858901668, 41.962560096035034 ], [ 2.478262133628054, 41.962636138050314 ], [ 2.478309188153515, 41.962711376673411 ], [ 2.478383242925768, 41.962790610827469 ], [ 2.478470018936541, 41.962862972076813 ], [ 2.478620096093634, 41.962972636426812 ], [ 2.478769086498793, 41.963082296545856 ], [ 2.47884845567965, 41.963175154618519 ], [ 2.478929645583214, 41.963267485000934 ], [ 2.479039407300524, 41.963348411917899 ], [ 2.479159987015708, 41.963419389485772 ], [ 2.479280341776284, 41.963515952097104 ], [ 2.479283360997005, 41.963518488563523 ], [ 2.4794443385219, 41.963653329015841 ], [ 2.479605311927428, 41.963788165618688 ], [ 2.479766166470542, 41.963923010461471 ], [ 2.479924552934336, 41.964034962414516 ], [ 2.480088528829508, 41.964142432514954 ], [ 2.480180645493521, 41.964226612697978 ], [ 2.480272402034659, 41.964310883944705 ], [ 2.480362750539415, 41.964345693943464 ], [ 2.48045697411198, 41.964378727275722 ], [ 2.480519603735023, 41.964424407069131 ], [ 2.480571889085775, 41.964479856411963 ], [ 2.480628122369746, 41.964555314825681 ], [ 2.480643257484902, 41.964593124000459 ], [ 2.480640175228252, 41.964631026393555 ], [ 2.480593674227042, 41.964739713131856 ], [ 2.480545850245854, 41.964848568592785 ], [ 2.480522198128696, 41.964907097783296 ], [ 2.480498551299156, 41.964965713456394 ], [ 2.480463049197176, 41.965057696573801 ], [ 2.480427545082573, 41.965149766133706 ], [ 2.480384259782824, 41.965234505050731 ], [ 2.480333628236711, 41.965317049094082 ], [ 2.48026204535258, 41.965408318511329 ], [ 2.480193227024646, 41.96550078207602 ], [ 2.480178079203524, 41.965553765549949 ], [ 2.480178972709151, 41.96563699313824 ], [ 2.480168280338535, 41.965718638031014 ], [ 2.480135331152744, 41.965794417864494 ], [ 2.480097673861565, 41.96586918473114 ], [ 2.480051323485029, 41.965944723716397 ], [ 2.480003767731124, 41.966019625853932 ], [ 2.47994828047373, 41.96613520224129 ], [ 2.479939586989056, 41.966195237423534 ], [ 2.479955637998511, 41.966254125559779 ], [ 2.479984946110134, 41.966286594100431 ], [ 2.480024623089056, 41.966304698006212 ], [ 2.480066027846399, 41.966303262523624 ], [ 2.480131880595103, 41.966278519463778 ], [ 2.480187236824489, 41.966238419284679 ], [ 2.480270968687556, 41.966137201206841 ], [ 2.480350939525929, 41.966037949313552 ], [ 2.48040898451295, 41.965979395697424 ], [ 2.480467625767956, 41.965921114049294 ], [ 2.480547292883509, 41.965844917745478 ], [ 2.480630925133553, 41.965770985589408 ], [ 2.480672731784257, 41.965749739707668 ], [ 2.480749627534911, 41.965732254290238 ], [ 2.480816706938228, 41.965704814377567 ], [ 2.480898227921291, 41.965638172392495 ], [ 2.480979744652853, 41.965571438461225 ], [ 2.481061273289173, 41.965504703624255 ], [ 2.4811429059842, 41.965438062868195 ], [ 2.481145230203574, 41.965418889138803 ], [ 2.481112315167968, 41.965385325586666 ], [ 2.481097245206144, 41.965354005186953 ], [ 2.481129001645432, 41.965336855884949 ], [ 2.481205592820829, 41.965327382929765 ], [ 2.481239561976303, 41.965319969011816 ], [ 2.481259719518091, 41.965304477631591 ], [ 2.481268590987668, 41.965237507096482 ], [ 2.481283976086909, 41.965170475022262 ], [ 2.481342924833001, 41.965103998225018 ], [ 2.481400796073671, 41.965036889664219 ], [ 2.481434395553924, 41.964970570310797 ], [ 2.48147139254165, 41.964903008058059 ], [ 2.481521177229846, 41.964850269100431 ], [ 2.481587797498556, 41.964819764385773 ], [ 2.481644615629278, 41.964822363573425 ], [ 2.481730814859447, 41.964848604616016 ], [ 2.481818848947481, 41.964871067465815 ], [ 2.481970145473793, 41.96487544298428 ], [ 2.482119680331097, 41.964889176406736 ], [ 2.482167105865055, 41.964904160388222 ], [ 2.482211964400704, 41.964923186680906 ], [ 2.482292354685011, 41.964966241799203 ], [ 2.482373357968469, 41.965007677521172 ], [ 2.482520831744564, 41.965036802556739 ], [ 2.482673915990234, 41.965059377805375 ], [ 2.482775522810237, 41.96508955586021 ], [ 2.482820844889747, 41.965111738143484 ], [ 2.482858473161605, 41.965143972337025 ], [ 2.482897989131186, 41.965226921745128 ], [ 2.482903345828363, 41.965311880693143 ], [ 2.482904560590109, 41.965429245041854 ], [ 2.482901449788565, 41.96554650164002 ], [ 2.482888382620545, 41.965714062545665 ], [ 2.482875565675864, 41.965881712837444 ], [ 2.482871774480612, 41.966007433542316 ], [ 2.482873533301879, 41.966133174740278 ], [ 2.482880609166319, 41.966183734996044 ], [ 2.482895897215945, 41.966233884608059 ], [ 2.482913695125619, 41.966270349962429 ], [ 2.482941689926198, 41.966301099664513 ], [ 2.482961422984451, 41.966308392079263 ], [ 2.482998832362326, 41.966293610358953 ], [ 2.483060693219021, 41.966239578628731 ], [ 2.48309372141179, 41.966214686064049 ], [ 2.48312773405418, 41.966201326474163 ], [ 2.483173820337003, 41.966203876589091 ], [ 2.483220304116423, 41.966201742298395 ], [ 2.483274706620104, 41.96617442852456 ], [ 2.48331340112545, 41.966135151609457 ], [ 2.483326635516919, 41.96605027546007 ], [ 2.483337923251914, 41.965967641317128 ], [ 2.483396046064529, 41.965883871430279 ], [ 2.483455010601759, 41.965800460163017 ], [ 2.483478773152412, 41.965727072547899 ], [ 2.483493895671533, 41.965692277518244 ], [ 2.483525601728175, 41.965666664648346 ], [ 2.483628894028814, 41.96563758645916 ], [ 2.483734295610961, 41.965617345111397 ], [ 2.483861764396431, 41.965583870284718 ], [ 2.48398946519578, 41.965551387994758 ], [ 2.484070698449295, 41.965549142040565 ], [ 2.484151394114187, 41.965568955482503 ], [ 2.484266951687647, 41.965621173906406 ], [ 2.484382159803198, 41.965670507605182 ], [ 2.484497621139398, 41.96570462013112 ], [ 2.484613078484035, 41.965738644257449 ], [ 2.484670867538005, 41.965755656998418 ], [ 2.484728540772371, 41.965772669190457 ], [ 2.484756518199789, 41.96577495275578 ], [ 2.484797723729339, 41.965753702672558 ], [ 2.484852289677518, 41.96569143844988 ], [ 2.484914855280924, 41.965639391245638 ], [ 2.485095607405411, 41.965568685393698 ], [ 2.485286293909695, 41.965506941311943 ], [ 2.485493295492646, 41.965457431753791 ], [ 2.485703660755628, 41.965424952315551 ], [ 2.485900300660334, 41.965433759812122 ], [ 2.486097055297451, 41.965443464551122 ], [ 2.48643681384163, 41.965392471426235 ], [ 2.486769451272621, 41.965312354774142 ], [ 2.48691899429888, 41.965249521570641 ], [ 2.486992383364433, 41.965217420064469 ], [ 2.487071351609292, 41.965196430665252 ], [ 2.487233325879103, 41.965179139945029 ], [ 2.487395762077568, 41.965164281962537 ], [ 2.487453747747514, 41.965156792399995 ], [ 2.487511621597055, 41.965148044975912 ], [ 2.487575346842152, 41.965132119193349 ], [ 2.487627755531782, 41.965098305133701 ], [ 2.487649263752739, 41.965064354054455 ], [ 2.487652175673301, 41.965002310096217 ], [ 2.487617944489138, 41.964906685575599 ], [ 2.487604686970737, 41.96485933951319 ], [ 2.487606866604578, 41.96481323411691 ], [ 2.48764118048038, 41.964702420402389 ], [ 2.487701165156867, 41.964595685970664 ], [ 2.487793083125619, 41.964510440722741 ], [ 2.487887745586828, 41.964428902184089 ], [ 2.48797303842454, 41.964341464731504 ], [ 2.488007681526737, 41.964295231199536 ], [ 2.488028113496233, 41.964245065912984 ], [ 2.488033088218432, 41.964136191867254 ], [ 2.488029856557242, 41.964027192958518 ], [ 2.48803684346288, 41.963892932630301 ], [ 2.488055171519476, 41.963758993972391 ], [ 2.488099103890736, 41.963683080666208 ], [ 2.488148938354764, 41.963608544658769 ], [ 2.488172767083208, 41.963541641146691 ], [ 2.488196349123011, 41.96347464376025 ], [ 2.488229843297677, 41.963390489583169 ], [ 2.488267072764727, 41.963307339177291 ], [ 2.488314539290196, 41.963256753927688 ], [ 2.488421453960794, 41.963197243148926 ], [ 2.488469383187527, 41.963164673269944 ], [ 2.48850012029551, 41.963124007222142 ], [ 2.488532785459642, 41.963007333315126 ], [ 2.488548209092127, 41.962889494581212 ], [ 2.488532513665549, 41.962784503054039 ], [ 2.488528942111323, 41.962733594854079 ], [ 2.488549816947771, 41.962688295945171 ], [ 2.488619803251969, 41.962613126253487 ], [ 2.488689911705826, 41.962538053433541 ], [ 2.48878326627089, 41.962437859050745 ], [ 2.48887675083165, 41.96233766967206 ], [ 2.488986145225905, 41.962224305795296 ], [ 2.489051126383594, 41.962171455547264 ], [ 2.489133105258309, 41.962120931670249 ], [ 2.489225662333433, 41.962090358678061 ], [ 2.489318596623077, 41.962088248425687 ], [ 2.489446009848734, 41.962106287181818 ], [ 2.489572810996369, 41.962139638048946 ], [ 2.489910071609341, 41.96227929959268 ], [ 2.490072058035445, 41.962350269551386 ], [ 2.49024196688784, 41.962410830301721 ], [ 2.490470857499541, 41.962475340821506 ], [ 2.490624631195081, 41.962511543759803 ], [ 2.49070404397544, 41.962530236387686 ], [ 2.490888759064344, 41.962565100930725 ], [ 2.491073841381996, 41.962598882399163 ], [ 2.491261587904871, 41.962633487778213 ], [ 2.491443524893844, 41.962684379129314 ], [ 2.49150443183349, 41.962718777952247 ], [ 2.491576541367309, 41.962786553801713 ], [ 2.491650590794827, 41.96285290433007 ], [ 2.491753346603289, 41.962921272398837 ], [ 2.491857804473741, 41.962987932134432 ], [ 2.491938073430187, 41.96301639364917 ], [ 2.491975240646805, 41.963031592083645 ], [ 2.491996169246725, 41.963055645182372 ], [ 2.492025974295419, 41.963223036653403 ], [ 2.492039847304024, 41.963391078157549 ], [ 2.492049785068597, 41.963491814186384 ], [ 2.492061419723797, 41.963592382089757 ], [ 2.492091976531208, 41.96371014730888 ], [ 2.492128940698248, 41.963827402262034 ], [ 2.49215402042101, 41.963936317579126 ], [ 2.49217355000582, 41.964045562301749 ], [ 2.492175076971152, 41.964188061134649 ], [ 2.492148119826023, 41.964330428563436 ], [ 2.4921023085203, 41.964431195356646 ], [ 2.492053970535543, 41.964531139448447 ], [ 2.49202859053329, 41.964656760482889 ], [ 2.492028804561219, 41.964782499257652 ], [ 2.492060717191968, 41.964866675525649 ], [ 2.492096859573449, 41.964950419261157 ], [ 2.492097167810802, 41.965033012824321 ], [ 2.492069011737984, 41.965159885213168 ], [ 2.492061631940704, 41.965223260521881 ], [ 2.4920710287864, 41.965285627450562 ], [ 2.492117345029515, 41.96536509387694 ], [ 2.492185680637917, 41.965436998398054 ], [ 2.492264056161646, 41.965476343984747 ], [ 2.492302286854512, 41.965494889392133 ], [ 2.492323918026512, 41.965521464698234 ], [ 2.492348343075654, 41.965621909863543 ], [ 2.492368539718337, 41.965722783957801 ], [ 2.492379175929512, 41.965781553662872 ], [ 2.492390779483833, 41.965840240278574 ], [ 2.492424128692682, 41.965896052631095 ], [ 2.492482543393767, 41.965941259629837 ], [ 2.492574826034354, 41.965992458028936 ], [ 2.492666982665861, 41.966042673167593 ], [ 2.492803641982926, 41.966128391044052 ], [ 2.492943455189622, 41.966211511649156 ], [ 2.493057028438342, 41.966256144148382 ], [ 2.493174251149801, 41.966296380272205 ], [ 2.493342667535669, 41.966364675564748 ], [ 2.493497199633907, 41.966448667447843 ], [ 2.49355690475434, 41.966498108227455 ], [ 2.493612130599563, 41.966549783591205 ], [ 2.493643961566972, 41.966584597913247 ], [ 2.493681111331786, 41.966617096647987 ], [ 2.493747670017194, 41.966639907772887 ], [ 2.49381975062352, 41.966651210148633 ], [ 2.493970038358296, 41.966676644647933 ], [ 2.494120196779754, 41.966702879975408 ], [ 2.494261117797598, 41.966739081739405 ], [ 2.494397343107523, 41.96678795847 ], [ 2.494532127065501, 41.966851871653382 ], [ 2.494707754709781, 41.966969817202717 ], [ 2.494857878123473, 41.96710846290722 ], [ 2.494882994505976, 41.967152525122096 ], [ 2.494896289602809, 41.967226257372019 ], [ 2.494925810711268, 41.967293128562176 ], [ 2.494992876469939, 41.967343412473696 ], [ 2.495063923518908, 41.967394335317195 ], [ 2.495152865252802, 41.967471018458987 ], [ 2.495182002768767, 41.967509787048584 ], [ 2.495178587380991, 41.96754570868864 ], [ 2.495115963317281, 41.967605061134279 ], [ 2.495038754064474, 41.967662453488146 ], [ 2.494968742228917, 41.967710696040598 ], [ 2.494899058573235, 41.967762449897229 ], [ 2.494839886372942, 41.967827669016792 ], [ 2.494805317893712, 41.967896150514214 ], [ 2.494811601233899, 41.967925272443679 ], [ 2.49485156080064, 41.967969219840583 ], [ 2.494873903551683, 41.968013814751323 ], [ 2.4948488840429, 41.96807981099861 ], [ 2.494826503315963, 41.96814771385651 ], [ 2.494823859248566, 41.9682229989685 ], [ 2.494825312650836, 41.968298569607889 ], [ 2.494854736578895, 41.968408498610941 ], [ 2.494870359530637, 41.968462882133274 ], [ 2.494869934066651, 41.968516737503684 ], [ 2.494848395777923, 41.968539248600919 ], [ 2.494785246830321, 41.968557795584829 ], [ 2.494730497111254, 41.968583135410313 ], [ 2.494684894884977, 41.968641838385068 ], [ 2.494636887271419, 41.96870008312078 ], [ 2.494544551584169, 41.968792447227251 ], [ 2.494450301668325, 41.968883723828178 ], [ 2.494392347425858, 41.968933005343821 ], [ 2.494333775842676, 41.968983727881195 ], [ 2.494287273193306, 41.969048463003347 ], [ 2.49426320232968, 41.969117530062888 ], [ 2.494262677424946, 41.96916832811965 ], [ 2.494285579204069, 41.969218233233825 ], [ 2.494342377383838, 41.969270002515884 ], [ 2.49440051636675, 41.969319347672545 ], [ 2.494438020854217, 41.969369049565984 ], [ 2.49446924131346, 41.969420254010608 ], [ 2.494476883276967, 41.96944560092976 ], [ 2.494468843931643, 41.969470513127327 ], [ 2.494432294810623, 41.969483136260337 ], [ 2.494353960530368, 41.969467394356208 ], [ 2.494315270939456, 41.969462091039809 ], [ 2.494283591437569, 41.96946969904036 ], [ 2.494242560077544, 41.969499691561801 ], [ 2.49421366444831, 41.969536489840799 ], [ 2.494205218586014, 41.969582567722789 ], [ 2.494216368161998, 41.96965332016525 ], [ 2.494212207183143, 41.969720856419677 ], [ 2.494162933539562, 41.969786570009013 ], [ 2.494118462161333, 41.969854556406709 ], [ 2.49410333164152, 41.969921319279941 ], [ 2.494094224562858, 41.969988560828995 ], [ 2.494094787769487, 41.970055572988912 ], [ 2.494093164617404, 41.970122668282258 ], [ 2.494061463781699, 41.970210253615974 ], [ 2.493999281500344, 41.970289875092739 ], [ 2.493918240881534, 41.970357787586636 ], [ 2.493836137255014, 41.970423356301744 ], [ 2.49377594358509, 41.970480556194829 ], [ 2.493719473764314, 41.970540114213506 ], [ 2.49366208658636, 41.970639294830818 ], [ 2.493655871757428, 41.970692230278601 ], [ 2.493671538963832, 41.970741117362905 ], [ 2.493739083793343, 41.970806981138445 ], [ 2.493832690454538, 41.970859184972021 ], [ 2.493949863665901, 41.970891856256635 ], [ 2.494063760707562, 41.970927210483168 ], [ 2.494133041082288, 41.970972100622888 ], [ 2.494178701769919, 41.971028325134057 ], [ 2.494205929403827, 41.971095359289528 ], [ 2.49423316372709, 41.971162317811185 ], [ 2.494220915553858, 41.971246115098261 ], [ 2.494208666069318, 41.971329921383656 ], [ 2.494192199294159, 41.971397131399868 ], [ 2.494184434132981, 41.971463922212578 ], [ 2.494204178665216, 41.9715004862366 ], [ 2.494270704139268, 41.971543112483467 ], [ 2.494345588422417, 41.971581984598814 ], [ 2.494403862040085, 41.971615484886428 ], [ 2.494460808780135, 41.971649508893897 ], [ 2.494517293153561, 41.971709199859824 ], [ 2.49457561214346, 41.971767367739687 ], [ 2.49466729287421, 41.971818570772442 ], [ 2.494760071413863, 41.971868786928198 ], [ 2.494831334546769, 41.971908551562308 ], [ 2.494898325583085, 41.971953157357611 ], [ 2.494927692838088, 41.972009218908177 ], [ 2.494943743288081, 41.972070715037503 ], [ 2.494985078607701, 41.972139617799158 ], [ 2.495035251902983, 41.972205228751363 ], [ 2.495075236095474, 41.972231436604311 ], [ 2.495154463431995, 41.972255740081145 ], [ 2.495219851475626, 41.972289894498743 ], [ 2.495257689572201, 41.972373464462521 ], [ 2.495287922727716, 41.972457807076658 ], [ 2.495336837689308, 41.972499724810824 ], [ 2.495379834117129, 41.972542065942136 ], [ 2.495386962889383, 41.972586954112536 ], [ 2.495364888166042, 41.972661522403783 ], [ 2.495308979125165, 41.972726123780589 ], [ 2.495127697354887, 41.972848995526164 ], [ 2.494936731279059, 41.972959211433249 ], [ 2.494856858047096, 41.973001734477499 ], [ 2.494773978780439, 41.973042348332285 ], [ 2.494694881989063, 41.973078842911391 ], [ 2.494611496225422, 41.973091895802511 ], [ 2.494449720748459, 41.97306695557107 ], [ 2.494287718272729, 41.973040211876544 ], [ 2.494113995320357, 41.973015584213407 ], [ 2.493940891146287, 41.972988430842022 ], [ 2.49387046367712, 41.972965602791128 ], [ 2.493802370248886, 41.972937472852891 ], [ 2.493664285731692, 41.97289255379367 ], [ 2.493525205355045, 41.972852397406662 ], [ 2.493447895833, 41.972845753447579 ], [ 2.493411386347394, 41.972852800389759 ], [ 2.49338615865697, 41.972868630876448 ], [ 2.493384611935083, 41.97289627543644 ], [ 2.493430486740263, 41.972940341263573 ], [ 2.493477797842484, 41.972986393075757 ], [ 2.493555719162756, 41.97312958627014 ], [ 2.493637633008541, 41.973272074683187 ], [ 2.493746149347047, 41.973423324951597 ], [ 2.493890038405444, 41.973558161486231 ], [ 2.493967640538596, 41.973604345725676 ], [ 2.49405146128478, 41.973642727819062 ], [ 2.4941765651427, 41.973696236521882 ], [ 2.494305326718246, 41.973744356296486 ], [ 2.494454268703373, 41.973789774527603 ], [ 2.494605670813907, 41.97382953099391 ], [ 2.494721091425602, 41.973855618895257 ], [ 2.494836761878414, 41.973880802609436 ], [ 2.49493041146765, 41.97389769956358 ], [ 2.495021624642964, 41.97393196229519 ], [ 2.495059474682399, 41.973968876896819 ], [ 2.49507561823743, 41.974034248066857 ], [ 2.495066648176009, 41.974099778980701 ], [ 2.495052007786762, 41.974150783312211 ], [ 2.495019508342637, 41.974200177052047 ], [ 2.4949090762109, 41.97429192225453 ], [ 2.49478669537279, 41.97436677319385 ], [ 2.494716435558078, 41.974399160895835 ], [ 2.494647249607103, 41.974433263648322 ], [ 2.494582130964644, 41.974486926938297 ], [ 2.494530457572243, 41.974550113599051 ], [ 2.494469141686546, 41.974657379650758 ], [ 2.494436173990677, 41.974767569782536 ], [ 2.49443944289556, 41.97482612753133 ], [ 2.494468796724237, 41.97491452485837 ], [ 2.494480659888659, 41.975002486694606 ], [ 2.494455182288219, 41.975095324232825 ], [ 2.494409681715225, 41.975186635219458 ], [ 2.494329347972455, 41.975301928833701 ], [ 2.494222813181018, 41.975403688824962 ], [ 2.494057866227828, 41.975503928568962 ], [ 2.49387399306741, 41.975586615301772 ], [ 2.493793350737114, 41.975618145155686 ], [ 2.493711497341769, 41.975636156907314 ], [ 2.493642320772619, 41.975622973176947 ], [ 2.493572838699254, 41.975602039620441 ], [ 2.493514982280415, 41.975592870484675 ], [ 2.493457095645818, 41.975601529886447 ], [ 2.49340761222762, 41.975646887983736 ], [ 2.493386901520927, 41.975701825532603 ], [ 2.493385966447433, 41.975803514795047 ], [ 2.493424693309561, 41.975958420241746 ], [ 2.493430260551865, 41.976033293819043 ], [ 2.493406889227276, 41.976104254197857 ], [ 2.493348342976017, 41.976196226810195 ], [ 2.493289560723094, 41.976288105580693 ], [ 2.493242493246041, 41.976363287233042 ], [ 2.493195788265926, 41.976438557829916 ], [ 2.493174838833474, 41.976539075218355 ], [ 2.493169479086577, 41.976590751624933 ], [ 2.493147847179838, 41.976639565024179 ], [ 2.493056047564793, 41.976724090755972 ], [ 2.492938326285942, 41.976789503261919 ], [ 2.49283501542165, 41.976834083842647 ], [ 2.492729220312603, 41.976872432448516 ], [ 2.492579100021293, 41.976898522421116 ], [ 2.492502233287122, 41.976911063080138 ], [ 2.492427790865089, 41.976938117840682 ], [ 2.492363267196029, 41.97699169060656 ], [ 2.492334163238932, 41.977055063407889 ], [ 2.492338239443046, 41.97708894829826 ], [ 2.492356799750738, 41.977122265869326 ], [ 2.492432212998427, 41.977171502808204 ], [ 2.492471746466793, 41.977193923152505 ], [ 2.492494927101513, 41.977223479227767 ], [ 2.492498119827679, 41.977323650165204 ], [ 2.492493332715967, 41.977424593722326 ], [ 2.492495008361372, 41.977487649588348 ], [ 2.492503808088268, 41.97751876598744 ], [ 2.492529639318072, 41.977549411869276 ], [ 2.492612718034112, 41.977590576572247 ], [ 2.492700447486538, 41.977593125875032 ], [ 2.492931685652294, 41.977551903503858 ], [ 2.493164115162358, 41.977511405558488 ], [ 2.493395882887616, 41.977478830987785 ], [ 2.493627772795768, 41.977446344752948 ], [ 2.493790521935075, 41.97742544650103 ], [ 2.493952245137285, 41.977397515594653 ], [ 2.493986796014908, 41.977378843959045 ], [ 2.494016266341405, 41.977330603553924 ], [ 2.494045869109615, 41.977280569596644 ], [ 2.494080067725294, 41.977244781913534 ], [ 2.494115803652616, 41.977213774527229 ], [ 2.494157168178396, 41.977218277293794 ], [ 2.494185060719158, 41.977247674557461 ], [ 2.494184399108849, 41.977331434535181 ], [ 2.494183735561774, 41.977415286371155 ], [ 2.494183405354094, 41.977457166811902 ], [ 2.494183073247387, 41.977499134608649 ], [ 2.49419550743273, 41.977528823123791 ], [ 2.494244704603299, 41.977565064731316 ], [ 2.494298026941702, 41.977600157225204 ], [ 2.494355565460745, 41.977650671463408 ], [ 2.494412992377975, 41.977701267141612 ], [ 2.49442612501521, 41.977748882871182 ], [ 2.494412196638798, 41.977801868086672 ], [ 2.494384560659555, 41.977876868264786 ], [ 2.494364649340336, 41.977952529322053 ], [ 2.494374662375043, 41.978044623338278 ], [ 2.494386366025829, 41.978137085064695 ], [ 2.494382964388947, 41.978246054325375 ], [ 2.494384645018742, 41.978354952298325 ], [ 2.494405239219312, 41.978497709458367 ], [ 2.494428740897619, 41.978640215520265 ], [ 2.494433582579726, 41.978699407020201 ], [ 2.494450989440013, 41.978757579358231 ], [ 2.494523260605712, 41.978822384405539 ], [ 2.494612161239466, 41.978875645821283 ], [ 2.494784921813411, 41.978993673890614 ], [ 2.494957564506291, 41.979111883114193 ], [ 2.495082141467697, 41.979203128192765 ], [ 2.495187483927794, 41.979314100513349 ], [ 2.495210321660165, 41.979372656878404 ], [ 2.495209732119203, 41.979431560562013 ], [ 2.495200207572038, 41.979506995414255 ], [ 2.495185366716983, 41.979582315019428 ], [ 2.495160151271674, 41.9796575935029 ], [ 2.495137950268456, 41.979732972601148 ], [ 2.495134348807489, 41.979791591934436 ], [ 2.495137024453753, 41.979850330740184 ], [ 2.495144512380119, 41.979925927761862 ], [ 2.495159009347852, 41.980001288106983 ], [ 2.495182850375985, 41.980054802450276 ], [ 2.495227616412207, 41.980102198703051 ], [ 2.495275474306548, 41.98012600117103 ], [ 2.495359591776908, 41.980143574589469 ], [ 2.495435424205902, 41.980170119094836 ], [ 2.495556280432876, 41.980258557928778 ], [ 2.495665604202202, 41.980355587862896 ], [ 2.4957333813983, 41.980439740314999 ], [ 2.495803211494902, 41.980523809874363 ], [ 2.495916443936978, 41.980615271702163 ], [ 2.495982550441669, 41.98065113916487 ], [ 2.496056711168841, 41.980675785420871 ], [ 2.496160369995683, 41.980695063429138 ], [ 2.496264783901656, 41.980710286255686 ], [ 2.496403708195487, 41.980727288783861 ], [ 2.496542384255488, 41.980745012389491 ], [ 2.496580280870192, 41.980760848367375 ], [ 2.496626314267614, 41.98080140096333 ], [ 2.496680660395465, 41.980829468926778 ], [ 2.496796200512377, 41.980841322022371 ], [ 2.496912158018103, 41.980847234236109 ], [ 2.497039639798728, 41.980845628526183 ], [ 2.497166854577617, 41.980848347404326 ], [ 2.497217903280347, 41.980863972379439 ], [ 2.497282623173169, 41.980908207413158 ], [ 2.497351220461467, 41.980949670024465 ], [ 2.497582380848023, 41.981025615532921 ], [ 2.497700382766708, 41.981048375651035 ], [ 2.497813576445874, 41.981052291594885 ], [ 2.497860635001218, 41.981039617014673 ], [ 2.497927928866399, 41.98100136373354 ], [ 2.497999520513753, 41.980969340199273 ], [ 2.498208103587351, 41.98092341476714 ], [ 2.498314049716649, 41.98091270774772 ], [ 2.498416709707987, 41.980920811094492 ], [ 2.498567901575872, 41.980959210388548 ], [ 2.498717093017011, 41.981005975141557 ], [ 2.498786663020605, 41.981031589420141 ], [ 2.498855516548916, 41.98105683305711 ], [ 2.49891156857565, 41.981066084391237 ], [ 2.499001457284944, 41.981055757881798 ], [ 2.49908739988995, 41.981024335795787 ], [ 2.499099164581004, 41.981002592810881 ], [ 2.499081411813683, 41.980957752245935 ], [ 2.499076984289093, 41.98093755800658 ], [ 2.49908818715303, 41.980923734829886 ], [ 2.49922352867946, 41.980874966085942 ], [ 2.499366713470093, 41.980841183343792 ], [ 2.499507678949791, 41.980828736534022 ], [ 2.499644840287487, 41.980808798342814 ], [ 2.499773719621575, 41.980752613519485 ], [ 2.499900447837708, 41.98069255081883 ], [ 2.499980094285738, 41.980664701496963 ], [ 2.500062950573013, 41.980642996031754 ], [ 2.500201836527047, 41.980634141076465 ], [ 2.50034094574361, 41.980627449424254 ], [ 2.500492421610705, 41.980597754358918 ], [ 2.500642384172389, 41.980561655979777 ], [ 2.500730379581307, 41.980546640017685 ], [ 2.500766687455914, 41.980534184986496 ], [ 2.500781710453349, 41.980512003861548 ], [ 2.500782103707198, 41.980461657431512 ], [ 2.500782496242495, 41.980411402865883 ], [ 2.500783018458832, 41.980344391068392 ], [ 2.500783542534681, 41.980277295516231 ], [ 2.500813091393393, 41.980218517734528 ], [ 2.500853984180547, 41.980160238700229 ], [ 2.500872785155302, 41.980101592502152 ], [ 2.500878074823324, 41.980042985730343 ], [ 2.50084640920415, 41.979908828913011 ], [ 2.50081064241329, 41.979774469614313 ], [ 2.500790330994585, 41.979623607951758 ], [ 2.500789821366517, 41.979472648655289 ], [ 2.500813031488364, 41.97940583187377 ], [ 2.500837217798634, 41.979338742826691 ], [ 2.50085153162706, 41.979221543705997 ], [ 2.500862223396676, 41.979104136090392 ], [ 2.500876517847025, 41.978819220179112 ], [ 2.500889846008972, 41.978534213586833 ], [ 2.50089848765608, 41.978431843575123 ], [ 2.500937640425533, 41.978333294431678 ], [ 2.501049577406616, 41.978203813906156 ], [ 2.501171230725944, 41.97808283815035 ], [ 2.501261994282722, 41.977990281903473 ], [ 2.501357815069849, 41.977899278682528 ], [ 2.501410237792454, 41.977863928237383 ], [ 2.501474079418764, 41.977849434555026 ], [ 2.501740361883167, 41.977864274404993 ], [ 2.502006348083107, 41.977885241388442 ], [ 2.502110443398531, 41.977894158257769 ], [ 2.502214545459304, 41.977902987697306 ], [ 2.502411425831163, 41.977901948910784 ], [ 2.502608412699715, 41.977871091878441 ], [ 2.502688310860775, 41.977839917389105 ], [ 2.502747987424699, 41.977787930918723 ], [ 2.502768791420437, 41.97772083219688 ], [ 2.502749029496964, 41.977653823467527 ], [ 2.502681230858158, 41.977540586186173 ], [ 2.502588627266455, 41.977435168158507 ], [ 2.502393418086216, 41.97729940052195 ], [ 2.502197104751481, 41.977165252566039 ], [ 2.502032129670284, 41.977007189706029 ], [ 2.501967016776641, 41.976921609608006 ], [ 2.501921873260764, 41.976828736048965 ], [ 2.501913340566941, 41.976761689420925 ], [ 2.50192291703114, 41.976694628592099 ], [ 2.501990514278792, 41.976399946260948 ], [ 2.502089581657513, 41.976108642768786 ], [ 2.502124198743908, 41.976049617285753 ], [ 2.502160016216388, 41.975991589532008 ], [ 2.502169517881676, 41.975949117456238 ], [ 2.502183718812308, 41.975907836623797 ], [ 2.502229499099625, 41.97585705828407 ], [ 2.502277196311766, 41.975807641038053 ], [ 2.502358001334962, 41.975707109434545 ], [ 2.502440859030838, 41.975607222539416 ], [ 2.502484672142082, 41.975576519541839 ], [ 2.502568674820311, 41.975545358404609 ], [ 2.50264996172983, 41.97550751690202 ], [ 2.502744883574749, 41.975438395692493 ], [ 2.50277873889809, 41.975399901912446 ], [ 2.502790053076098, 41.975357262000507 ], [ 2.502772258721689, 41.975239734349799 ], [ 2.50274552912729, 41.975122349026528 ], [ 2.502722831606958, 41.975030020605054 ], [ 2.502700739999535, 41.974937700206368 ], [ 2.50269884450818, 41.97487058509271 ], [ 2.502724955559243, 41.974803688565551 ], [ 2.502765624908998, 41.974757476761489 ], [ 2.502818176535347, 41.974720327576719 ], [ 2.502911262659026, 41.974670109576266 ], [ 2.503004225370446, 41.974620532240458 ], [ 2.503076281550411, 41.974573460059695 ], [ 2.503143922204374, 41.974520520691556 ], [ 2.503195608545029, 41.974454725470949 ], [ 2.503214366169855, 41.974386714403181 ], [ 2.503184212476533, 41.974352808896711 ], [ 2.503145484121118, 41.974319406672649 ], [ 2.503126327899782, 41.97426834330065 ], [ 2.503127982408104, 41.974241512380566 ], [ 2.503146266019986, 41.974218805531912 ], [ 2.503235756163187, 41.974181090974049 ], [ 2.503331799370725, 41.974169258348653 ], [ 2.503517945001362, 41.974181949616899 ], [ 2.503610686074545, 41.974190452152413 ], [ 2.503702196547719, 41.974187697257697 ], [ 2.503864896171285, 41.97415660244215 ], [ 2.504026775591397, 41.974121994852752 ], [ 2.504132198903763, 41.974099930871873 ], [ 2.504185091993435, 41.974095926184027 ], [ 2.504235344985513, 41.974106139712411 ], [ 2.504266211864973, 41.974126267815805 ], [ 2.504286935902268, 41.974176982906599 ], [ 2.504282343187758, 41.974271171064274 ], [ 2.504284640005741, 41.974317563541263 ], [ 2.504302794019095, 41.974357905354296 ], [ 2.504371305381599, 41.974442051465843 ], [ 2.504440416253224, 41.974526111857948 ], [ 2.504531782079491, 41.974635668872736 ], [ 2.504623991046849, 41.974744869184384 ], [ 2.504692858360049, 41.974814338463077 ], [ 2.504785178976828, 41.974862920624773 ], [ 2.504911567030021, 41.974891567458492 ], [ 2.505039454394673, 41.974914276214228 ], [ 2.505189644243159, 41.974940317052209 ], [ 2.505340077856479, 41.974965912013154 ], [ 2.505489940363839, 41.974987179313509 ], [ 2.505640707691876, 41.975000710882092 ], [ 2.505689652062213, 41.974992814729205 ], [ 2.505733659713304, 41.974967603591992 ], [ 2.505770256106601, 41.974916513187274 ], [ 2.505778175791038, 41.97482963380407 ], [ 2.505783815880958, 41.974787505060782 ], [ 2.505804740964055, 41.974749946352041 ], [ 2.505886946372091, 41.974671128849181 ], [ 2.505991174879183, 41.974599886096762 ], [ 2.506130500995198, 41.974531939369641 ], [ 2.506200434377911, 41.974509988310025 ], [ 2.506269787664922, 41.974500472926863 ], [ 2.506341911211953, 41.974507805585944 ], [ 2.506449245628944, 41.974549603199151 ], [ 2.506546719547087, 41.974619018719146 ], [ 2.506594699715107, 41.974673441501764 ], [ 2.506638840624043, 41.974756315151936 ], [ 2.506683956793088, 41.974837481707247 ], [ 2.506773207741901, 41.974955758015341 ], [ 2.506867292693615, 41.975072984123202 ], [ 2.506939523330813, 41.975145081136674 ], [ 2.507028356417593, 41.975207786088134 ], [ 2.507092599733972, 41.975234452382232 ], [ 2.507203912726486, 41.975246997389895 ], [ 2.507306066948849, 41.975225728868352 ], [ 2.507421720547445, 41.975159301086208 ], [ 2.50753859377279, 41.97509261272149 ], [ 2.507619835254189, 41.975059272635242 ], [ 2.507701199365571, 41.975026297787267 ], [ 2.507773982921517, 41.974979051047747 ], [ 2.507840760770362, 41.974943039556663 ], [ 2.507861860958407, 41.974945924781231 ], [ 2.507889752653872, 41.974976123924932 ], [ 2.507925512458228, 41.975050582245125 ], [ 2.507948055095191, 41.975086076886001 ], [ 2.507978394092565, 41.975111334628934 ], [ 2.508081807088542, 41.975161857583402 ], [ 2.508186058762314, 41.975212739800803 ], [ 2.508269039328654, 41.975252364344634 ], [ 2.508347510952041, 41.97529728435503 ], [ 2.508435234954991, 41.975394394354886 ], [ 2.508507939361103, 41.975499183020396 ], [ 2.508600345287316, 41.975599821934182 ], [ 2.508691660372269, 41.975701088372027 ], [ 2.50877192629158, 41.975827076701975 ], [ 2.508851826649233, 41.975953241741493 ], [ 2.508930061347025, 41.97602932431468 ], [ 2.509012762072619, 41.976104793665932 ], [ 2.509117003560003, 41.976220797713857 ], [ 2.509196110144091, 41.976340296878796 ], [ 2.509201865176001, 41.976377245224803 ], [ 2.509175949487073, 41.976435686785976 ], [ 2.509125556299781, 41.976490856036193 ], [ 2.50902254029263, 41.976576521970962 ], [ 2.508861065955953, 41.976683465474323 ], [ 2.508683420812863, 41.976774037472836 ], [ 2.508531620138979, 41.976831480727171 ], [ 2.50838149699289, 41.976890018969179 ], [ 2.508238581560028, 41.976969477054901 ], [ 2.50810236065887, 41.977056532849758 ], [ 2.508009195183862, 41.977117919365185 ], [ 2.507978775053374, 41.977149493366241 ], [ 2.507985710198387, 41.977173391659811 ], [ 2.50805689656456, 41.97719297189596 ], [ 2.508194960426646, 41.977195720533494 ], [ 2.508332826136165, 41.977208382696517 ], [ 2.508459901915427, 41.97724242806116 ], [ 2.508586985045523, 41.977276476919201 ], [ 2.508714063546483, 41.977310517510702 ], [ 2.508841144981424, 41.977344665153332 ], [ 2.508916092531795, 41.977377495345763 ], [ 2.508979424172913, 41.977429106047545 ], [ 2.50902037484927, 41.977487642596429 ], [ 2.509024754555528, 41.977546655900987 ], [ 2.508998760993351, 41.977598337572644 ], [ 2.508954577237459, 41.977646873762936 ], [ 2.508860027610727, 41.977714651577166 ], [ 2.508768276027713, 41.977780190519113 ], [ 2.508628685717593, 41.977913345742046 ], [ 2.50848836386248, 41.978047219093526 ], [ 2.508358387860548, 41.978153843675116 ], [ 2.508208964926265, 41.978247238671045 ], [ 2.508107752438582, 41.97828670908396 ], [ 2.508000118504355, 41.978313447984576 ], [ 2.507907760701927, 41.978331604064728 ], [ 2.507814581991887, 41.978346161990544 ], [ 2.507710118824871, 41.978353461615143 ], [ 2.50760612998466, 41.978362017807676 ], [ 2.507512996088173, 41.978385940812096 ], [ 2.50742046281612, 41.978411484815759 ], [ 2.507304230016757, 41.97842638473287 ], [ 2.507188699794436, 41.978444086819934 ], [ 2.507048256478368, 41.97848329601446 ], [ 2.506910198702437, 41.978526657448583 ], [ 2.506817241406903, 41.978559853908862 ], [ 2.50672440780594, 41.9785929634604 ], [ 2.506657947256496, 41.978603395807333 ], [ 2.506552346820262, 41.978600332725456 ], [ 2.506446422900606, 41.978608524686379 ], [ 2.506319662484848, 41.978642207679606 ], [ 2.506271699367843, 41.978664608144115 ], [ 2.506260620169233, 41.97869158319336 ], [ 2.506320279112582, 41.978749750816895 ], [ 2.506398640771509, 41.978809441692718 ], [ 2.506464256118953, 41.978878175350822 ], [ 2.506536536661781, 41.978944144653873 ], [ 2.506603619046613, 41.978978925807283 ], [ 2.506720089851199, 41.979011853016054 ], [ 2.506836668220359, 41.979046029793111 ], [ 2.506943898543207, 41.979088108380537 ], [ 2.507044350275078, 41.97914753431904 ], [ 2.507086716719402, 41.979194729221298 ], [ 2.507114251948888, 41.979272126428285 ], [ 2.507112200689997, 41.979349038139432 ], [ 2.50707059462888, 41.979469464140472 ], [ 2.50702935141022, 41.979527645725163 ], [ 2.506971472951175, 41.97958305835737 ], [ 2.506904080062974, 41.979617987668192 ], [ 2.506791264867773, 41.979643804306505 ], [ 2.506692831760583, 41.979682473899501 ], [ 2.506587055964217, 41.979765064368557 ], [ 2.506483208328774, 41.979849281525119 ], [ 2.50636703073095, 41.979949659364749 ], [ 2.506250140657073, 41.980049402653286 ], [ 2.506180018227053, 41.980095036824245 ], [ 2.506034352015669, 41.980154130624236 ], [ 2.505798651821953, 41.9802265205129 ], [ 2.505690392713284, 41.980271271471601 ], [ 2.505599513534904, 41.980331585935367 ], [ 2.505517097083301, 41.980406261875245 ], [ 2.505436243880722, 41.980481841552894 ], [ 2.505366316997076, 41.980548551654699 ], [ 2.505296395298402, 41.980615352702621 ], [ 2.50525529861315, 41.980653363847445 ], [ 2.505203175446665, 41.98068196142507 ], [ 2.505076440588637, 41.98069582758135 ], [ 2.504948357917594, 41.980697619758978 ], [ 2.504887973788373, 41.980701049379441 ], [ 2.504832467185246, 41.980713875040948 ], [ 2.504783628192204, 41.980739060458824 ], [ 2.504734910327447, 41.980764342749644 ], [ 2.504699563902757, 41.980839575114125 ], [ 2.504664333732688, 41.980914904339549 ], [ 2.504620449130791, 41.980970375248198 ], [ 2.504518187360801, 41.981036133791996 ], [ 2.504408214747472, 41.981098261695813 ], [ 2.504331761594417, 41.98115035129252 ], [ 2.504245330416194, 41.981198071849597 ], [ 2.504130688436843, 41.981224689473486 ], [ 2.50401355567589, 41.981230672768852 ], [ 2.503909275935965, 41.9812127456631 ], [ 2.50385707520757, 41.981204238449415 ], [ 2.503805222609067, 41.981212929134763 ], [ 2.50374266197868, 41.981264179518703 ], [ 2.503711732501696, 41.981329883603912 ], [ 2.503698415613656, 41.981396568993041 ], [ 2.503701855079321, 41.98149817989605 ], [ 2.503686476197228, 41.981597998176184 ], [ 2.503644989403829, 41.981670957395501 ], [ 2.503569674337111, 41.981731610428056 ], [ 2.503443695023892, 41.981772677257041 ], [ 2.503314590003586, 41.981780854313129 ], [ 2.503210483083647, 41.981772749984849 ], [ 2.503106261844252, 41.981763205803055 ], [ 2.503013593744874, 41.981757576300367 ], [ 2.502967329143847, 41.981761974805416 ], [ 2.502920966328757, 41.981779155118566 ], [ 2.502899913534823, 41.981800954646303 ], [ 2.502902253283136, 41.981840950745557 ], [ 2.50292018383304, 41.981879760626079 ], [ 2.502977777308922, 41.981971607720155 ], [ 2.503034508433582, 41.982064621916727 ], [ 2.503090069790051, 41.982184833834303 ], [ 2.503100225606036, 41.982245044079548 ], [ 2.503078919747839, 41.98229953311359 ], [ 2.502998529718735, 41.982391863633573 ], [ 2.502915495144479, 41.982483195514831 ], [ 2.502709363240566, 41.982725672603216 ], [ 2.502600147424741, 41.982846611907 ], [ 2.502471733388881, 41.982967468803274 ], [ 2.502366895774388, 41.983052037253422 ], [ 2.50226209136918, 41.983117426972974 ], [ 2.502238936659358, 41.983114532713131 ], [ 2.502204567279249, 41.983079437852446 ], [ 2.502170036619275, 41.983050020079091 ], [ 2.502118571537697, 41.983038807864993 ], [ 2.502092251209862, 41.983039233210476 ], [ 2.502077443092264, 41.983049619409122 ], [ 2.502047805974999, 41.983166489146853 ], [ 2.502029263739008, 41.983284125733043 ], [ 2.502019438010899, 41.983368026960733 ], [ 2.502004782234578, 41.983451643338846 ], [ 2.501958547234007, 41.983514035429351 ], [ 2.501888110134432, 41.98356849210289 ], [ 2.50178831450624, 41.983641106639816 ], [ 2.501678724559436, 41.983701697918995 ], [ 2.501621735181128, 41.983702081891657 ], [ 2.501562835117967, 41.983701195707567 ], [ 2.501509501481858, 41.983729066701102 ], [ 2.50146972392025, 41.98376780722959 ], [ 2.501447424290479, 41.983825800622299 ], [ 2.501446472950982, 41.983917570718972 ], [ 2.501441414099025, 41.983961776836516 ], [ 2.50142154176538, 41.984002314154857 ], [ 2.501268946262439, 41.984174491758637 ], [ 2.501094818317993, 41.98433621882419 ], [ 2.501023332218745, 41.984385358273215 ], [ 2.500955089496652, 41.984436222140488 ], [ 2.500917157433567, 41.984502256157562 ], [ 2.500884513677098, 41.984570022616772 ], [ 2.500730645360878, 41.984718874820373 ], [ 2.500648953318461, 41.984791925546475 ], [ 2.50058122287976, 41.984870442746804 ], [ 2.500548338759196, 41.984938928592221 ], [ 2.500521884461699, 41.985049059452265 ], [ 2.500486290602333, 41.985155002071117 ], [ 2.500437902183994, 41.985214239034192 ], [ 2.500342616874379, 41.985296777434684 ], [ 2.500301835604791, 41.985340464135355 ], [ 2.500276110144861, 41.985388810655081 ], [ 2.500274311043698, 41.985464191219513 ], [ 2.500274931554168, 41.985539675084219 ], [ 2.500253266836576, 41.985623699317735 ], [ 2.500227261689261, 41.985707169654766 ], [ 2.500156002058118, 41.985866279872788 ], [ 2.500085825297394, 41.986025034491306 ], [ 2.500075832910198, 41.986099301267934 ], [ 2.50008821998195, 41.986213650535738 ], [ 2.500083467226383, 41.986326754296883 ], [ 2.499975115450415, 41.986598108573247 ], [ 2.499824567163992, 41.986862168139339 ], [ 2.499764850096494, 41.98694954535835 ], [ 2.499684307389024, 41.987029172527365 ], [ 2.499610439029448, 41.987075063696338 ], [ 2.499487515909772, 41.987123614073319 ], [ 2.4993590113774, 41.987161869692997 ], [ 2.499279628790821, 41.987170535527845 ], [ 2.499153167452999, 41.987163409909591 ], [ 2.499091673391322, 41.987169625491219 ], [ 2.499034624674471, 41.987193965608988 ], [ 2.499000392383346, 41.987233715681832 ], [ 2.498987612520541, 41.987277616867324 ], [ 2.499006754252438, 41.987345525891165 ], [ 2.499018319241749, 41.987379433262809 ], [ 2.499009739018386, 41.987411824264058 ], [ 2.498953999314996, 41.987469492859205 ], [ 2.498850730415377, 41.987537676365093 ], [ 2.498730401548321, 41.987594976403976 ], [ 2.498627362590907, 41.987633799031094 ], [ 2.498521391695048, 41.987661167609737 ], [ 2.498429693477757, 41.987655363911671 ], [ 2.498382764492987, 41.9876509257357 ], [ 2.498336209483443, 41.987660361217515 ], [ 2.49828217861866, 41.987685253644763 ], [ 2.498243103636436, 41.987710211416534 ], [ 2.498240112886071, 41.987722718488875 ], [ 2.498273984396437, 41.987744844557866 ], [ 2.498366430926999, 41.987778210198165 ], [ 2.498406630805788, 41.987794958990264 ], [ 2.49842762059197, 41.987811624737937 ], [ 2.498442049487257, 41.987880679618961 ], [ 2.498447941603585, 41.988022379963091 ], [ 2.498471214736255, 41.988163887841097 ], [ 2.49851860348339, 41.988247770239731 ], [ 2.49856249057277, 41.988331903919239 ], [ 2.498572479627974, 41.988459395238898 ], [ 2.498553866830465, 41.98852362231208 ], [ 2.498514162662283, 41.98858316295528 ], [ 2.498414714155735, 41.988672350035252 ], [ 2.498304484416332, 41.98874987313566 ], [ 2.498222606292541, 41.988799947103686 ], [ 2.498141570328126, 41.988849761700273 ], [ 2.49810828150186, 41.988891863651901 ], [ 2.498071501547564, 41.988933311757904 ], [ 2.497992904481877, 41.988964313917769 ], [ 2.497908974970145, 41.988982859924 ], [ 2.497793216293176, 41.988981095339945 ], [ 2.497734539944685, 41.988980932300514 ], [ 2.497677300075195, 41.98899860237529 ], [ 2.497588824607027, 41.989058203073185 ], [ 2.497500142674955, 41.989159231576913 ], [ 2.497466716008081, 41.989265906797201 ], [ 2.497482449562736, 41.989335687123074 ], [ 2.497535192591941, 41.98940031732144 ], [ 2.497627065654323, 41.989461423314744 ], [ 2.497719457223986, 41.989518483915468 ], [ 2.497770744076707, 41.98955139792993 ], [ 2.497811515803296, 41.989585982589446 ], [ 2.497813239906551, 41.989613461306064 ], [ 2.497771354382484, 41.989658673369711 ], [ 2.497718008366812, 41.989702937311243 ], [ 2.497662427905232, 41.989754841695756 ], [ 2.497601443810852, 41.989803033281852 ], [ 2.497511487941384, 41.989851005254863 ], [ 2.497415478242654, 41.989885983783957 ], [ 2.49730892025755, 41.989895516398292 ], [ 2.497258815334687, 41.989896197644086 ], [ 2.497230159027779, 41.989901923761181 ], [ 2.497235725258513, 41.989915644546635 ], [ 2.497284492543101, 41.989946569881852 ], [ 2.497345400123864, 41.9899695333403 ], [ 2.497453625571242, 41.989978560783122 ], [ 2.49755390089109, 41.989953690138279 ], [ 2.497637108890133, 41.989905322933922 ], [ 2.497716823635533, 41.989853791660629 ], [ 2.497799712016391, 41.989798133859587 ], [ 2.497879873865251, 41.989737145647204 ], [ 2.497962617215232, 41.98963906488445 ], [ 2.49799722881324, 41.989536535964078 ], [ 2.497985989345513, 41.989506854043512 ], [ 2.497941178415989, 41.989463158669075 ], [ 2.497905551784927, 41.989418778412102 ], [ 2.497892619413425, 41.989374857673802 ], [ 2.497906210733915, 41.989334925803433 ], [ 2.497964368962243, 41.989293210982254 ], [ 2.498022644778592, 41.989251578605888 ], [ 2.498115760996923, 41.989184887116139 ], [ 2.498209000713887, 41.989118278950883 ], [ 2.498299866134614, 41.989092647786293 ], [ 2.498394580465479, 41.989068831995077 ], [ 2.498500932084716, 41.988992647371674 ], [ 2.498581199242198, 41.98890202634572 ], [ 2.498640058373639, 41.988801498123294 ], [ 2.498698551121126, 41.988701328534745 ], [ 2.498743866935124, 41.988633884679764 ], [ 2.498792191493916, 41.988567624806656 ], [ 2.498874146833369, 41.988492679806107 ], [ 2.498955504046357, 41.988417470942473 ], [ 2.499052244024531, 41.988243070467909 ], [ 2.499143564127966, 41.988066209960671 ], [ 2.499198244838301, 41.987989980259343 ], [ 2.499260516944915, 41.98791585517376 ], [ 2.499310992437398, 41.987867528589383 ], [ 2.499376940568112, 41.98783251013468 ], [ 2.499503685657618, 41.987819457344429 ], [ 2.499631787811855, 41.98781686434809 ], [ 2.499785293331867, 41.987793210871317 ], [ 2.499933385769029, 41.987751165446738 ], [ 2.49999514705751, 41.987695588731157 ], [ 2.500050074034945, 41.987634309829616 ], [ 2.500147842709176, 41.987574480182872 ], [ 2.500259344228569, 41.987534618535847 ], [ 2.500363371453854, 41.987522725026366 ], [ 2.500467829172103, 41.987518764552448 ], [ 2.500595182763749, 41.98751949788236 ], [ 2.500722545217636, 41.987519869942808 ], [ 2.500839123572316, 41.987509566222613 ], [ 2.500954462685101, 41.987487280853124 ], [ 2.501095862437404, 41.987436825943178 ], [ 2.501210224280357, 41.987354277970617 ], [ 2.501246217473724, 41.987290753726846 ], [ 2.501255357179994, 41.987186227113988 ], [ 2.501281724957229, 41.98708636423293 ], [ 2.501321982230917, 41.987033308003916 ], [ 2.501375225774308, 41.98698625255696 ], [ 2.501456498031232, 41.986951479592413 ], [ 2.501537752881096, 41.986919855219938 ], [ 2.501595245051098, 41.986869308225295 ], [ 2.50165443034491, 41.986819755680358 ], [ 2.501713576615373, 41.986804609246647 ], [ 2.501770449081732, 41.98678675091837 ], [ 2.501852027280129, 41.986728468935709 ], [ 2.501933490164038, 41.986670093625499 ], [ 2.502038251988185, 41.986595162420357 ], [ 2.502143026354173, 41.986520139304922 ], [ 2.502185692845327, 41.986466373583411 ], [ 2.502206142330456, 41.986366664944356 ], [ 2.502237564430093, 41.986269079010263 ], [ 2.502280223575321, 41.986216844350167 ], [ 2.502331057235503, 41.98616887373548 ], [ 2.502416829988448, 41.986129709937345 ], [ 2.502461033710697, 41.986111791848373 ], [ 2.502493834809348, 41.98608572644487 ], [ 2.502557942623397, 41.985944865491312 ], [ 2.502611812763116, 41.985801256344331 ], [ 2.502685112367065, 41.9856739496215 ], [ 2.502775885952607, 41.985550504031487 ], [ 2.502878448548839, 41.985463844859332 ], [ 2.503008587819205, 41.985400639423894 ], [ 2.503077078865008, 41.98537986124736 ], [ 2.503147793854171, 41.985367733639499 ], [ 2.503240445182605, 41.985359579179097 ], [ 2.503333099765827, 41.985351779520158 ], [ 2.503402801370771, 41.985345149536037 ], [ 2.503472169288332, 41.98533563053283 ], [ 2.503489379547171, 41.985327325178034 ], [ 2.503491534766853, 41.985298066474499 ], [ 2.503467623956008, 41.98523716543545 ], [ 2.503462418045546, 41.985207868588432 ], [ 2.503473341001306, 41.985184678663401 ], [ 2.503525443897646, 41.985144193026017 ], [ 2.503589740427755, 41.985118170740726 ], [ 2.503705468200528, 41.985108580053925 ], [ 2.503821404731199, 41.985102416284263 ], [ 2.503868402176809, 41.985097844977396 ], [ 2.503914126483279, 41.98508606282553 ], [ 2.503936964345963, 41.985067515936393 ], [ 2.503932238195881, 41.985022732437841 ], [ 2.503880237533884, 41.984941718924318 ], [ 2.503863040251919, 41.984902193650804 ], [ 2.503869580164347, 41.984867908359142 ], [ 2.503920390446663, 41.984807416774217 ], [ 2.50398625712667, 41.984751053123887 ], [ 2.504109966322023, 41.98467655672431 ], [ 2.504242001504725, 41.984618038827684 ], [ 2.504311953448377, 41.984610145737022 ], [ 2.504381069216481, 41.984601887826805 ], [ 2.50444168145543, 41.984553332514899 ], [ 2.504497614886902, 41.984501781176441 ], [ 2.504582756539781, 41.984481432428879 ], [ 2.504626646775869, 41.984471804574518 ], [ 2.504660117764309, 41.984452224424579 ], [ 2.504697450511988, 41.984385915479955 ], [ 2.504730569725582, 41.984318415677606 ], [ 2.504795688212468, 41.984233042391629 ], [ 2.504870803822216, 41.984151313046681 ], [ 2.504980615787906, 41.984062705374527 ], [ 2.50510374489832, 41.983984696397592 ], [ 2.505205314929155, 41.98393226243973 ], [ 2.505312870983506, 41.983884991583423 ], [ 2.505392909235653, 41.983853990583405 ], [ 2.505475378951255, 41.983835428287833 ], [ 2.50556762887133, 41.983847625260594 ], [ 2.505660415416522, 41.98386973089228 ], [ 2.505698139707018, 41.983877007690076 ], [ 2.505729820148217, 41.983870028835966 ], [ 2.505741630761553, 41.983841344846837 ], [ 2.505727369681155, 41.983796976096095 ], [ 2.505707551100417, 41.983752575308422 ], [ 2.505689048852868, 41.983709982417125 ], [ 2.505685021116451, 41.983668710079421 ], [ 2.505747606172799, 41.983599267117164 ], [ 2.505824994600336, 41.983535112606788 ], [ 2.505925543063621, 41.983426652196471 ], [ 2.506035147644307, 41.983318139695932 ], [ 2.506132437260096, 41.983271542620912 ], [ 2.50624401126501, 41.983251934107692 ], [ 2.50630243495179, 41.98325209260625 ], [ 2.506359641414555, 41.983269182861882 ], [ 2.506408145628506, 41.983318928041143 ], [ 2.506451570638388, 41.983370181594246 ], [ 2.506537963580795, 41.983422163837162 ], [ 2.50663609931849, 41.983454828564007 ], [ 2.506728665232113, 41.983457479805381 ], [ 2.506821393909218, 41.983455622037681 ], [ 2.506891293509756, 41.983470420322746 ], [ 2.506960192712275, 41.983472975121153 ], [ 2.506983091325863, 41.983446676750262 ], [ 2.506963180436805, 41.983383004232977 ], [ 2.50695413876437, 41.983350001932415 ], [ 2.506961355435905, 41.983322110484778 ], [ 2.507102242884462, 41.983164101919847 ], [ 2.507241685452648, 41.983004740479572 ], [ 2.507272864425186, 41.982952814016436 ], [ 2.507311988499397, 41.982904524306342 ], [ 2.507414523435279, 41.982835605831923 ], [ 2.507521367753254, 41.982771216286679 ], [ 2.507591690938526, 41.982730806943728 ], [ 2.507660944484113, 41.982688050337899 ], [ 2.507677825175152, 41.982659840020688 ], [ 2.507667002101563, 41.982607015481399 ], [ 2.507661977633204, 41.982553942907273 ], [ 2.507684426066215, 41.982491982393448 ], [ 2.50773240802835, 41.982436886361278 ], [ 2.50780373491504, 41.982406838848298 ], [ 2.50792179014911, 41.982392125487273 ], [ 2.508033848792757, 41.982371073539035 ], [ 2.508171268762758, 41.982302401144409 ], [ 2.508312758640726, 41.982238153875088 ], [ 2.508519862918026, 41.98219589791124 ], [ 2.508730205505461, 41.982156173693333 ], [ 2.508814325717724, 41.982126631530292 ], [ 2.508892833453234, 41.982089765397383 ], [ 2.508939261048197, 41.982048893630392 ], [ 2.508984407578574, 41.981970188390285 ], [ 2.509013048324109, 41.98193383391127 ], [ 2.509056357023213, 41.981906095779166 ], [ 2.509195176764407, 41.981874623845343 ], [ 2.509334483800882, 41.981873686406537 ], [ 2.509415460316349, 41.981892224132267 ], [ 2.509496333963925, 41.981907971097797 ], [ 2.509544687571752, 41.981899350258658 ], [ 2.509589178894704, 41.981874772010912 ], [ 2.509619755443317, 41.981822847728154 ], [ 2.509605689871753, 41.981736502030472 ], [ 2.50960045367578, 41.981694774318271 ], [ 2.509614030285206, 41.981657003435771 ], [ 2.509737496685835, 41.981517473587232 ], [ 2.509893947725828, 41.981389967814408 ], [ 2.510025275367139, 41.981311629146028 ], [ 2.510172840955999, 41.981257048933152 ], [ 2.510300329851518, 41.981238669831839 ], [ 2.510427662671857, 41.981241286253749 ], [ 2.510601817595721, 41.981260851837717 ], [ 2.510774547638169, 41.981293110478759 ], [ 2.511054692465721, 41.981375453107034 ], [ 2.511328999801295, 41.981463083232683 ], [ 2.511386918564456, 41.981482338320923 ], [ 2.511444628132969, 41.981480327761197 ], [ 2.511489546650494, 41.981447104196704 ], [ 2.511524688359029, 41.981382494029624 ], [ 2.511538604375448, 41.981313108274627 ], [ 2.511540291977377, 41.981220073933216 ], [ 2.511516842464812, 41.981128648402176 ], [ 2.511446268614236, 41.981044494255826 ], [ 2.51137919304097, 41.980960354054012 ], [ 2.511368956560051, 41.980909699345084 ], [ 2.511379962161753, 41.980859752905495 ], [ 2.511403456808721, 41.980817971019597 ], [ 2.511426952631822, 41.980776189133557 ], [ 2.511395482653488, 41.980692920096267 ], [ 2.511363886484978, 41.980609746883403 ], [ 2.511340826352657, 41.980546867782422 ], [ 2.511318619785291, 41.980483817580364 ], [ 2.511300940647197, 41.980396197554519 ], [ 2.511308369699519, 41.980307873809949 ], [ 2.511348896160617, 41.98021779774713 ], [ 2.511425408925099, 41.98014075165365 ], [ 2.511546015214125, 41.980059298825978 ], [ 2.511669841312313, 41.979982637601651 ], [ 2.511844213453379, 41.979878538924304 ], [ 2.512018826295909, 41.979774617533401 ], [ 2.512146142441951, 41.979699500857691 ], [ 2.512274660002251, 41.979624929543512 ], [ 2.512324671881937, 41.979604518543944 ], [ 2.512379085888869, 41.979591869250541 ], [ 2.512581105098698, 41.979565973757886 ], [ 2.512737321133557, 41.979562761340951 ], [ 2.512972778866973, 41.979584204707216 ], [ 2.513201001145954, 41.979637233906466 ], [ 2.513320969883547, 41.979686010173602 ], [ 2.513420024680139, 41.979755421109054 ], [ 2.513473141730919, 41.979818154286086 ], [ 2.513523356491394, 41.979881594771832 ], [ 2.513559651757127, 41.979918317429181 ], [ 2.513603841946185, 41.979948944489671 ], [ 2.513655220616071, 41.979954478796778 ], [ 2.513708193585508, 41.979941011268835 ], [ 2.513814353337156, 41.979901827981116 ], [ 2.513917166935757, 41.979858038829157 ], [ 2.514028533481013, 41.979784923163095 ], [ 2.514084571219164, 41.979749042739655 ], [ 2.514149812246197, 41.979725000869948 ], [ 2.514311640615916, 41.979714602929597 ], [ 2.514474029643769, 41.979726368932099 ], [ 2.514797998609185, 41.979758715254135 ], [ 2.515122000413332, 41.979787731036687 ], [ 2.515215113174959, 41.979782722976616 ], [ 2.515307473942463, 41.979763384764006 ], [ 2.515407090581459, 41.979710754245822 ], [ 2.515505163890814, 41.979655325061003 ], [ 2.515562724242495, 41.979642508303861 ], [ 2.515621048867472, 41.979639060773735 ], [ 2.515733960328311, 41.97964818172165 ], [ 2.515788510168723, 41.979665796481903 ], [ 2.515840645345962, 41.979698618694258 ], [ 2.515863252107555, 41.979725644862853 ], [ 2.515870423345192, 41.97976692563136 ], [ 2.515862995821025, 41.979807604434505 ], [ 2.515799270917258, 41.979966035814847 ], [ 2.515764264993224, 41.980045422417028 ], [ 2.515744833701919, 41.980125497966796 ], [ 2.515740336367722, 41.98028859689358 ], [ 2.515765411549406, 41.980452354652712 ], [ 2.515802044307019, 41.980572208629766 ], [ 2.5158563376938, 41.980687365343123 ], [ 2.515926583162672, 41.980799972858321 ], [ 2.515996706956865, 41.980912580716264 ], [ 2.515996481701659, 41.980942484590763 ], [ 2.515976464771572, 41.980971581785845 ], [ 2.515926416444331, 41.981029647473981 ], [ 2.515898875642718, 41.981079607486905 ], [ 2.515879302881368, 41.981130053229236 ], [ 2.51589846092806, 41.981166071504148 ], [ 2.515948322769922, 41.981197353841878 ], [ 2.516017984347934, 41.981227279466964 ], [ 2.51608700090023, 41.981231443275057 ], [ 2.516155985527266, 41.981207776318833 ], [ 2.516226316816945, 41.981181773263522 ], [ 2.516433801772613, 41.981135446207084 ], [ 2.516643746382314, 41.981099671430307 ], [ 2.516704396282291, 41.981092989842814 ], [ 2.51676578955975, 41.981099105317426 ], [ 2.516805733174258, 41.981117104838383 ], [ 2.5168340316779, 41.981158114193541 ], [ 2.516828151949281, 41.981201050329126 ], [ 2.516811954382223, 41.981235927107349 ], [ 2.51678141730165, 41.981267955063181 ], [ 2.516700627266141, 41.981303912724833 ], [ 2.516618797832786, 41.981334281821887 ], [ 2.516556272512792, 41.981366087657591 ], [ 2.516501311524254, 41.981402600676162 ], [ 2.516479106983391, 41.981434303377313 ], [ 2.516471668360009, 41.981492907221217 ], [ 2.516478220335295, 41.981551657355865 ], [ 2.516489532427296, 41.981635560629186 ], [ 2.516500129448973, 41.981719368119954 ], [ 2.516494858427576, 41.981761587165373 ], [ 2.51647631906248, 41.981803118959412 ], [ 2.516426980462477, 41.981831013727692 ], [ 2.516362871107989, 41.98184794548547 ], [ 2.516336875153577, 41.981869547424367 ], [ 2.516319840951648, 41.981919371662492 ], [ 2.516312937705202, 41.981970050983676 ], [ 2.516312367702931, 41.982045524406857 ], [ 2.516311797145757, 41.982120911362728 ], [ 2.516303966205283, 41.982246789693193 ], [ 2.516286720145352, 41.982372274388034 ], [ 2.516271576428921, 41.982395267630849 ], [ 2.516241391233299, 41.982412434126473 ], [ 2.51617186726462, 41.982443394250112 ], [ 2.516147025322914, 41.982472290998452 ], [ 2.516146771643408, 41.982505797409772 ], [ 2.516127299423811, 41.982606863740784 ], [ 2.516099016253492, 41.982706809426041 ], [ 2.516052074258322, 41.982752546417096 ], [ 2.515993345245807, 41.982792917962982 ], [ 2.515982246796059, 41.982823676650789 ], [ 2.516003598686574, 41.982873574404621 ], [ 2.516027838976789, 41.982924472361645 ], [ 2.516053532778502, 41.982991142599033 ], [ 2.516073176335803, 41.983058778959176 ], [ 2.516074783256206, 41.983117416387216 ], [ 2.516072288891787, 41.983176132897377 ], [ 2.516085229024825, 41.983268503905585 ], [ 2.516094070643276, 41.983360591037695 ], [ 2.516073594883377, 41.983402838727507 ], [ 2.516047082382045, 41.983444253968109 ], [ 2.516035589310865, 41.983510850292653 ], [ 2.516022891359456, 41.983578258439643 ], [ 2.515986147444412, 41.98364844733598 ], [ 2.515929294324954, 41.983711975665884 ], [ 2.515839519425354, 41.983754466975093 ], [ 2.515743363994402, 41.983794961542657 ], [ 2.515696695678297, 41.983836462800866 ], [ 2.515673323766972, 41.983878518064195 ], [ 2.515684500124737, 41.983901078259478 ], [ 2.515717058971416, 41.983921569761947 ], [ 2.515800889242103, 41.983962997336548 ], [ 2.515834430794896, 41.983996553505889 ], [ 2.515844977233014, 41.984054148731104 ], [ 2.515856718554957, 41.984114005161892 ], [ 2.515870062614506, 41.984169453286086 ], [ 2.515892618702053, 41.98421899315926 ], [ 2.515925360245095, 41.984231651380931 ], [ 2.515994773926006, 41.984231943156473 ], [ 2.516064298664031, 41.984232235358206 ], [ 2.516156886855597, 41.984232624725479 ], [ 2.516249470227282, 41.984233013097082 ], [ 2.516276428155877, 41.984243935581993 ], [ 2.516289386828363, 41.984270289626366 ], [ 2.516295063774228, 41.984333814088345 ], [ 2.516279590217171, 41.984401117790625 ], [ 2.516270872889639, 41.984467822194866 ], [ 2.516305128902405, 41.984551549218992 ], [ 2.516339135318892, 41.984635728215061 ], [ 2.516364266087336, 41.984744544446777 ], [ 2.516383724105753, 41.984853877172853 ], [ 2.516382292305417, 41.984979423040777 ], [ 2.516381823454955, 41.9851053377322 ], [ 2.516420080750214, 41.985201961989297 ], [ 2.516496314701064, 41.985290189862887 ], [ 2.516562112454968, 41.985337120547889 ], [ 2.516634618773256, 41.985374621551877 ], [ 2.516717633608013, 41.985395864701275 ], [ 2.516796239893549, 41.985425560895528 ], [ 2.516826722369215, 41.985465679651398 ], [ 2.516841960646399, 41.98550960259989 ], [ 2.516849655202719, 41.985593758053639 ], [ 2.516863871974976, 41.985677313191012 ], [ 2.516891595806559, 41.985714445419653 ], [ 2.516932778783134, 41.985744703655946 ], [ 2.51700405591201, 41.985769232369776 ], [ 2.517071339540898, 41.985795536564233 ], [ 2.517128966078211, 41.985837756290913 ], [ 2.517186593419813, 41.985879879620605 ], [ 2.517244103742544, 41.985922002429028 ], [ 2.517301731236045, 41.985964125701095 ], [ 2.517400545345952, 41.986034970491218 ], [ 2.517509067980672, 41.986099105512139 ], [ 2.517587677581268, 41.986112854892561 ], [ 2.517671065266182, 41.986116537741097 ], [ 2.517765678400366, 41.986136745360518 ], [ 2.517855981956793, 41.986167660828073 ], [ 2.517887919695253, 41.986206877539111 ], [ 2.517901661800606, 41.986257378824462 ], [ 2.517924512414046, 41.986285305348495 ], [ 2.518023827141238, 41.986338591426097 ], [ 2.518132355524681, 41.986369938052512 ], [ 2.518214447551041, 41.986370189837039 ], [ 2.518294483123992, 41.986353863390327 ], [ 2.518340007417786, 41.986320818046885 ], [ 2.518379540617155, 41.986280361192527 ], [ 2.5184110017018, 41.986270587659284 ], [ 2.518489657541475, 41.986293794504718 ], [ 2.518572619318744, 41.98632151907897 ], [ 2.518642062210397, 41.986334422298441 ], [ 2.518711447012349, 41.986338853572434 ], [ 2.518769448355705, 41.986331353705083 ], [ 2.518827460448619, 41.986322584815731 ], [ 2.518920122298475, 41.98631279384476 ], [ 2.519012765419673, 41.986306609885936 ], [ 2.519042645720875, 41.986313578332549 ], [ 2.519068097795685, 41.986332601641465 ], [ 2.519115076137037, 41.986378188381003 ], [ 2.519151076239784, 41.98639103856199 ], [ 2.519232280936829, 41.986380387849096 ], [ 2.519313453468795, 41.986358121961395 ], [ 2.519405664341544, 41.986312304790793 ], [ 2.519499379429151, 41.986275134826933 ], [ 2.519568053369408, 41.98627713261218 ], [ 2.519638202462041, 41.986292467279696 ], [ 2.519686397153786, 41.986304285719385 ], [ 2.519730535850984, 41.986326355658115 ], [ 2.519766337016578, 41.986365688884156 ], [ 2.519783153573095, 41.986408723679112 ], [ 2.519775632788408, 41.986494161773699 ], [ 2.519747599422094, 41.986545651734126 ], [ 2.51970534455834, 41.986594472960036 ], [ 2.519623402582208, 41.986639257945292 ], [ 2.519542595100391, 41.986677643888143 ], [ 2.519535667015342, 41.986699782971748 ], [ 2.519547027126437, 41.986729458808121 ], [ 2.519577247772747, 41.986789299404116 ], [ 2.519564765786005, 41.986811852068953 ], [ 2.519521276650678, 41.986815904085184 ], [ 2.519472556143375, 41.986808944267374 ], [ 2.519379713135561, 41.986777572711446 ], [ 2.519300721868024, 41.986734642299929 ], [ 2.519218340442591, 41.986693048633917 ], [ 2.519141035983476, 41.986666786587243 ], [ 2.519060625348601, 41.986653205454679 ], [ 2.519010117757109, 41.98665867164064 ], [ 2.518950199705642, 41.986680040150098 ], [ 2.518893968608436, 41.986708442965849 ], [ 2.518835771034287, 41.986741798376968 ], [ 2.518777699671956, 41.986775057916191 ], [ 2.518719380336933, 41.986808054292517 ], [ 2.518661423901714, 41.986841586255203 ], [ 2.518619710099955, 41.986882388920861 ], [ 2.51859856271897, 41.986933732741655 ], [ 2.518567192796897, 41.987042405174236 ], [ 2.518511466246739, 41.987133234134554 ], [ 2.518473222039168, 41.98722637905508 ], [ 2.518486641597991, 41.987368472974325 ], [ 2.518517431987716, 41.987511539510876 ], [ 2.518538624585023, 41.987679334079203 ], [ 2.518561135009914, 41.987847045900345 ], [ 2.518597726468914, 41.987990768098612 ], [ 2.518651708489147, 41.988132399804108 ], [ 2.518718503238155, 41.988288137377012 ], [ 2.518811568850221, 41.988434792838859 ], [ 2.51891377081883, 41.988553301994997 ], [ 2.519018166686277, 41.988670375583233 ], [ 2.519087252703634, 41.988745960628471 ], [ 2.519155979500364, 41.98882181612754 ], [ 2.519182703651282, 41.988896051902145 ], [ 2.51920120082675, 41.988972957010063 ], [ 2.519305705401701, 41.989106872321493 ], [ 2.519407555874989, 41.989242040056993 ], [ 2.519430172418422, 41.989300672563658 ], [ 2.519453025920779, 41.989359587064719 ], [ 2.519507072339776, 41.989445379175507 ], [ 2.519567542458136, 41.989527682847815 ], [ 2.519655617083751, 41.989598573483569 ], [ 2.519758228627189, 41.989663848874784 ], [ 2.51979678562122, 41.989705890190187 ], [ 2.519797571325553, 41.989729854768783 ], [ 2.51977084771518, 41.989752261405755 ], [ 2.519727905837225, 41.989763067170408 ], [ 2.519658291765521, 41.989756832418976 ], [ 2.519589089700011, 41.989745739361183 ], [ 2.519484906345044, 41.98972845908277 ], [ 2.51938084428701, 41.989711271085476 ], [ 2.519195837193429, 41.989686361249298 ], [ 2.519010726847343, 41.989659470120003 ], [ 2.518956468696793, 41.989633934984226 ], [ 2.518918639605103, 41.989591983801589 ], [ 2.518894320759447, 41.989533246791453 ], [ 2.518873158866888, 41.989474523006791 ], [ 2.518824852556498, 41.989396594947991 ], [ 2.518758525976324, 41.989323091949821 ], [ 2.518673328006515, 41.989270045853466 ], [ 2.518573845173279, 41.989238556650172 ], [ 2.518457448501052, 41.989225190748023 ], [ 2.518342300335108, 41.989237588987201 ], [ 2.518163469712174, 41.989290702797078 ], [ 2.517993977672991, 41.989353489051751 ], [ 2.517911890773314, 41.989401330839037 ], [ 2.517831337909732, 41.989436571501308 ], [ 2.517801436740392, 41.989432032648438 ], [ 2.517771981131171, 41.989415967147046 ], [ 2.517715949619023, 41.989369078213869 ], [ 2.517663755261546, 41.989310944360405 ], [ 2.51762424358024, 41.989251336247889 ], [ 2.517571779843765, 41.989148797531321 ], [ 2.517509986345186, 41.989049644806045 ], [ 2.517379870296101, 41.988934712490611 ], [ 2.517233737072899, 41.988830613418564 ], [ 2.517132973818357, 41.98876074654482 ], [ 2.517026384895668, 41.988695628597654 ], [ 2.516903797673287, 41.988638015119093 ], [ 2.516772301237398, 41.988593958646931 ], [ 2.51666856337993, 41.988567768307277 ], [ 2.516564316997566, 41.988542742093706 ], [ 2.516475349554524, 41.988510391984825 ], [ 2.516388178080705, 41.988479225641555 ], [ 2.51637281869744, 41.988484109189798 ], [ 2.516354974551591, 41.988495563427911 ], [ 2.516354779576851, 41.988521321629811 ], [ 2.516370552260734, 41.988559128651154 ], [ 2.516401558506465, 41.988625908493241 ], [ 2.516447407767664, 41.988693198479972 ], [ 2.516493257717883, 41.988760410092688 ], [ 2.51653898283452, 41.988827698617889 ], [ 2.516567543315815, 41.98888285223444 ], [ 2.516574827804581, 41.988941425240775 ], [ 2.516561021187028, 41.988978655533728 ], [ 2.516512184251671, 41.989019612955197 ], [ 2.51644474638235, 41.989045176195681 ], [ 2.516363852606337, 41.989061770627174 ], [ 2.516282615733857, 41.989060530387619 ], [ 2.516236256648806, 41.989044300496317 ], [ 2.516178564197035, 41.989010643588358 ], [ 2.516120995092795, 41.98897680793884 ], [ 2.515959805232651, 41.988883448160337 ], [ 2.515798134514494, 41.988790995797991 ], [ 2.515740939187074, 41.988787061813554 ], [ 2.515682232982103, 41.988807257449665 ], [ 2.515662783803635, 41.988841216931796 ], [ 2.515654510956848, 41.988881445359816 ], [ 2.515635364529553, 41.988890910726013 ], [ 2.515577718839782, 41.988882833501975 ], [ 2.515519716807023, 41.988873670344347 ], [ 2.51543870148179, 41.988859010533069 ], [ 2.515357717948353, 41.98885623957792 ], [ 2.515323714465576, 41.988882482804485 ], [ 2.515310853652925, 41.988923051202015 ], [ 2.515323869845556, 41.988973722633496 ], [ 2.515333269161744, 41.98902375012868 ], [ 2.515302940752278, 41.989091175561441 ], [ 2.515262716967552, 41.989157563967147 ], [ 2.515233166068495, 41.989201576272876 ], [ 2.515192670135937, 41.98924112458652 ], [ 2.51517295508611, 41.989245634716497 ], [ 2.515151164412566, 41.98923762043556 ], [ 2.515105731594136, 41.989211032750028 ], [ 2.515077149050782, 41.989207131024244 ], [ 2.514975121411362, 41.989257141740993 ], [ 2.514867902884718, 41.989306766561249 ], [ 2.514775509329135, 41.989327630862654 ], [ 2.514682460283654, 41.989339579337596 ], [ 2.514630039426861, 41.989327202335772 ], [ 2.514578164628244, 41.989306356864702 ], [ 2.514543761203565, 41.989305399884806 ], [ 2.514466009315603, 41.98933785526566 ], [ 2.514404176903198, 41.989388666837876 ], [ 2.514340277293276, 41.989471436032041 ], [ 2.514287011211765, 41.989555785814638 ], [ 2.514240550253524, 41.98964809201982 ], [ 2.514193011620383, 41.989739848741699 ], [ 2.514145138856928, 41.989764235192951 ], [ 2.514100038081717, 41.989789716857018 ], [ 2.514062344698195, 41.989872873313985 ], [ 2.51402922884297, 41.989957030860189 ], [ 2.513950073174833, 41.99017403248088 ], [ 2.513870917640982, 41.99039094487302 ], [ 2.513893141400893, 41.990516770888838 ], [ 2.513915364004532, 41.990642601396118 ], [ 2.513932646980553, 41.990735354783112 ], [ 2.513960321175219, 41.990827157828299 ], [ 2.514039549163445, 41.990949626988538 ], [ 2.514143729300727, 41.991062651051614 ], [ 2.514257266065078, 41.991181751765275 ], [ 2.514373498973807, 41.991298335604448 ], [ 2.514462558665953, 41.991366891737862 ], [ 2.514555860194632, 41.991432855613084 ], [ 2.514603768715874, 41.991483678252237 ], [ 2.51461367338421, 41.99151515242793 ], [ 2.514607858372236, 41.991549081096608 ], [ 2.514579570761741, 41.991617774965633 ], [ 2.514543889004067, 41.991722285811697 ], [ 2.514493868429544, 41.991822592044656 ], [ 2.514438581444995, 41.99188540202659 ], [ 2.514396044920177, 41.991905947291748 ], [ 2.514344477856028, 41.991907883533663 ], [ 2.514230859626127, 41.991893624437822 ], [ 2.514160534336613, 41.99190098247788 ], [ 2.514097295668071, 41.991929809890728 ], [ 2.514044251701367, 41.991967501534198 ], [ 2.514031066773018, 41.992002396908347 ], [ 2.514048982406996, 41.992043630418458 ], [ 2.514114727252528, 41.992130731871725 ], [ 2.514130283189455, 41.992180786396531 ], [ 2.514111888664936, 41.992202507324819 ], [ 2.51401921822211, 41.992227602953889 ], [ 2.513926310504687, 41.992251979673654 ], [ 2.513857051492185, 41.992293841095787 ], [ 2.513786712896157, 41.992335245769617 ], [ 2.513705864490386, 41.992377597510789 ], [ 2.513623941077066, 41.992418413510258 ], [ 2.513497971647786, 41.99245625253468 ], [ 2.513368566983088, 41.992501097537868 ], [ 2.513313875107131, 41.99254895936209 ], [ 2.51329826203314, 41.992601404608799 ], [ 2.513329917318369, 41.992646209970083 ], [ 2.513390343142977, 41.99268564863273 ], [ 2.513449986605279, 41.992701478432785 ], [ 2.513512799668443, 41.992696971120836 ], [ 2.51363845267777, 41.992669038951341 ], [ 2.513714623408408, 41.992670265009409 ], [ 2.513761034944528, 41.992695409108563 ], [ 2.513806960865892, 41.992720910497248 ], [ 2.513865083945706, 41.992729982261643 ], [ 2.513922742536462, 41.99272139900647 ], [ 2.513951866104967, 41.992686124405516 ], [ 2.513969107135879, 41.992641165981155 ], [ 2.513992923499796, 41.992621091029378 ], [ 2.514202278874856, 41.992556497070474 ], [ 2.514410819959442, 41.992488743355722 ], [ 2.514632198858592, 41.992398798928875 ], [ 2.514852268986658, 41.992306233012151 ], [ 2.515029384582202, 41.992226369218685 ], [ 2.515200870419677, 41.99214008665686 ], [ 2.515319131925332, 41.992051957033723 ], [ 2.515433945428333, 41.991956609217283 ], [ 2.515512808791121, 41.991905149362658 ], [ 2.515596713732961, 41.991873438885008 ], [ 2.515677016415841, 41.991887375943342 ], [ 2.515758348540704, 41.991924466169785 ], [ 2.515868061475183, 41.991976806297686 ], [ 2.515965958535666, 41.992042696535115 ], [ 2.515989851127486, 41.992076031798462 ], [ 2.515988630636763, 41.992109801574493 ], [ 2.515942498308203, 41.992158968881519 ], [ 2.515895150371981, 41.992210017034786 ], [ 2.515871413640707, 41.992251705966744 ], [ 2.515848273616024, 41.992293671212082 ], [ 2.515801580037998, 41.992385795990835 ], [ 2.515754159177661, 41.992477646581065 ], [ 2.515720344709249, 41.992511370722966 ], [ 2.515684236314242, 41.992544453810957 ], [ 2.515642812152211, 41.992609845612321 ], [ 2.515613680888994, 41.992678268667227 ], [ 2.515589319882463, 41.992770395716349 ], [ 2.515566041243638, 41.992862434557871 ], [ 2.515537695439897, 41.992938063518466 ], [ 2.515518538272786, 41.993013098984513 ], [ 2.515550798500039, 41.993089969938566 ], [ 2.515609998275461, 41.993164436301917 ], [ 2.5156838199592, 41.993284810843761 ], [ 2.515764795340786, 41.993400259156097 ], [ 2.515839388904193, 41.993467130180953 ], [ 2.516019562539053, 41.993574167433181 ], [ 2.516208395819199, 41.993669893426592 ], [ 2.516323355258641, 41.993729457830213 ], [ 2.516439064172742, 41.99378813181638 ], [ 2.516609663844375, 41.993867293678804 ], [ 2.516785378384779, 41.993940536936371 ], [ 2.516989585439825, 41.994015250809042 ], [ 2.517201251971057, 41.994076392057366 ], [ 2.517328185478501, 41.99410268483534 ], [ 2.517455615199437, 41.994127714125476 ], [ 2.517655815421829, 41.99417169821767 ], [ 2.517848557729224, 41.99422996399359 ], [ 2.517965054069741, 41.994279633103304 ], [ 2.518079361680581, 41.994331538262067 ], [ 2.518264173592672, 41.994416074846804 ], [ 2.518448746252642, 41.994500701997389 ], [ 2.518598776740506, 41.994554558714484 ], [ 2.518750512968131, 41.994606080659139 ], [ 2.518841320184988, 41.994653205783457 ], [ 2.518937649863433, 41.994735305153974 ], [ 2.51902525643715, 41.994821587506237 ], [ 2.519107936494947, 41.994889034277861 ], [ 2.519186393470935, 41.994956463301193 ], [ 2.519178701849721, 41.994984621873726 ], [ 2.519139654730725, 41.995006524589485 ], [ 2.519023789212378, 41.99503297174634 ], [ 2.518907710463829, 41.995055816136414 ], [ 2.518745319625998, 41.995088372668981 ], [ 2.518583039771021, 41.995121560802467 ], [ 2.518368312107121, 41.995193077093724 ], [ 2.518164883038576, 41.995287426308352 ], [ 2.518078336000706, 41.995332998677348 ], [ 2.518001984103243, 41.995387352932021 ], [ 2.517974525767692, 41.995425605026902 ], [ 2.517962359940844, 41.995469958482566 ], [ 2.5179311775121, 41.995554669194739 ], [ 2.51784824741425, 41.995616378463268 ], [ 2.51775195161674, 41.995673259804832 ], [ 2.517698343579356, 41.995721405649967 ], [ 2.517647555292353, 41.995795857303619 ], [ 2.517627663537865, 41.995871968094256 ], [ 2.517657813420368, 41.99597252422285 ], [ 2.517695688464892, 41.996073378494955 ], [ 2.517690598348435, 41.996140186376373 ], [ 2.517694677105157, 41.996207484913235 ], [ 2.517731202361325, 41.996247263979086 ], [ 2.51778677251654, 41.996274972178632 ], [ 2.517857709226163, 41.996283011345319 ], [ 2.517930281267911, 41.996281065369693 ], [ 2.517971978178524, 41.996292500565879 ], [ 2.518099636816837, 41.996367339515885 ], [ 2.518225592094169, 41.996444421933688 ], [ 2.518320693903096, 41.996497782763868 ], [ 2.518410033875427, 41.996562549668539 ], [ 2.518433750128071, 41.996619665690893 ], [ 2.518432331716687, 41.996680005123054 ], [ 2.518431697526266, 41.996764125371158 ], [ 2.518431069307102, 41.996847613377057 ], [ 2.518454168550222, 41.996890494513607 ], [ 2.518476681887937, 41.996931659224231 ], [ 2.51845373348458, 41.996964701086362 ], [ 2.518429932462391, 41.996998565275625 ], [ 2.518434800814694, 41.997090003079023 ], [ 2.518451607035313, 41.997183022988636 ], [ 2.518471621334993, 41.997250746797619 ], [ 2.518496959378368, 41.99731732297063 ], [ 2.518573581473637, 41.99742041007579 ], [ 2.518657591756257, 41.997519206723105 ], [ 2.51868517495531, 41.997575974130214 ], [ 2.518686292403653, 41.997636144956125 ], [ 2.518656456119162, 41.997670065843543 ], [ 2.518577040559979, 41.997698376626502 ], [ 2.518494055274024, 41.99770288945426 ], [ 2.518354924570244, 41.997691411353074 ], [ 2.518216243659741, 41.997684978687992 ], [ 2.518040497801301, 41.997708559778069 ], [ 2.517868372908264, 41.99775053294961 ], [ 2.517713419849645, 41.997804013735653 ], [ 2.517566366582813, 41.997866626016595 ], [ 2.517350976775957, 41.997976776950473 ], [ 2.517147687936996, 41.998099595775159 ], [ 2.516989542765018, 41.998208085495975 ], [ 2.516849905166738, 41.998327199664736 ], [ 2.516774730017495, 41.998416596539428 ], [ 2.51666305957457, 41.998590589447232 ], [ 2.516563555321198, 41.998767694832885 ], [ 2.516491908927148, 41.99890123258384 ], [ 2.516422558783771, 41.999035410424312 ], [ 2.516384859735691, 41.999118021682087 ], [ 2.516351862236929, 41.999202728764246 ], [ 2.516317103695984, 41.999328317635936 ], [ 2.516303596839876, 41.999453990639203 ], [ 2.516322509830881, 41.999571424973816 ], [ 2.51634818683501, 41.999688893205715 ], [ 2.516360484499107, 41.999786844427362 ], [ 2.516355288698797, 41.999883644750597 ], [ 2.516323103667454, 41.999940251837032 ], [ 2.516258344117146, 42.000009054431295 ], [ 2.516193466057677, 42.000078021309982 ], [ 2.51610757601445, 42.000195044537882 ], [ 2.516040351242374, 42.000334635054088 ], [ 2.515989629030285, 42.000479607221671 ], [ 2.515943829989979, 42.000580381159928 ], [ 2.515895370253304, 42.000680420624718 ], [ 2.515849584199372, 42.000747426009923 ], [ 2.515801747571051, 42.000814135415055 ], [ 2.515743763593023, 42.000929356746163 ], [ 2.515707232970557, 42.001048541407876 ], [ 2.51569494937949, 42.001140713890834 ], [ 2.515682784683106, 42.001232807614223 ], [ 2.515659066901384, 42.001366903650727 ], [ 2.515634387329461, 42.00150090915718 ], [ 2.515600574980036, 42.001660274816004 ], [ 2.515562425055888, 42.001819170022387 ], [ 2.515483571693971, 42.002058687393536 ], [ 2.515425339548621, 42.002174718987099 ], [ 2.515350459944054, 42.002287792738883 ], [ 2.515201756847319, 42.002439293100046 ], [ 2.515023974164247, 42.002571481787299 ], [ 2.514854785557582, 42.002684795297846 ], [ 2.514674810520844, 42.002787972826518 ], [ 2.514514997283208, 42.002859173544984 ], [ 2.514349464692845, 42.002920710048194 ], [ 2.514167139188629, 42.002952188570937 ], [ 2.514077172774017, 42.002968198933637 ], [ 2.514001315031116, 42.003003091011543 ], [ 2.513952948115362, 42.003043960957029 ], [ 2.513907944288148, 42.003086550978459 ], [ 2.513837408475152, 42.00315245458895 ], [ 2.513767947476906, 42.00322006856328 ], [ 2.513707436333942, 42.003300871887625 ], [ 2.513674054724968, 42.003387374228481 ], [ 2.513677516677886, 42.003472053898697 ], [ 2.513719030240775, 42.003555179906954 ], [ 2.513765125718227, 42.003606532812888 ], [ 2.513811001277803, 42.003656169906606 ], [ 2.51386651523451, 42.003739626255346 ], [ 2.513925521471255, 42.003824360993804 ], [ 2.513983908385883, 42.003879902600211 ], [ 2.51405233179363, 42.003917128456635 ], [ 2.514089994822478, 42.003918900977048 ], [ 2.514152834685406, 42.003896920591536 ], [ 2.514203232241711, 42.003859034951716 ], [ 2.514264776740315, 42.003784450319223 ], [ 2.51432029735387, 42.003708666602257 ], [ 2.514379374841698, 42.003625154006194 ], [ 2.514437371654822, 42.003541453071954 ], [ 2.514483229679122, 42.003449242641707 ], [ 2.514531383931299, 42.003357397664416 ], [ 2.514574907554968, 42.003318401990825 ], [ 2.514683653278288, 42.00327752047491 ], [ 2.514879303656481, 42.003241867034006 ], [ 2.514969937754915, 42.003216670302521 ], [ 2.515042458860154, 42.00317509498165 ], [ 2.515194009029798, 42.003030906745089 ], [ 2.515322830554271, 42.002874463391642 ], [ 2.515393511036516, 42.002757585556239 ], [ 2.515463586663894, 42.002640340353103 ], [ 2.515501308607986, 42.002586821861961 ], [ 2.515556965856104, 42.002540130419135 ], [ 2.51563635404856, 42.00251560442571 ], [ 2.515719378107906, 42.002507307450685 ], [ 2.515816253513416, 42.00251924278998 ], [ 2.515863440945487, 42.002523047167493 ], [ 2.515904728217327, 42.002508086549753 ], [ 2.515944055796482, 42.002464752174141 ], [ 2.515971880753313, 42.002393987327871 ], [ 2.515998857889068, 42.002324030396608 ], [ 2.516070433937378, 42.002215885133189 ], [ 2.516139483377365, 42.00210665828466 ], [ 2.516151772590798, 42.002014482190162 ], [ 2.51616406176752, 42.00192230609273 ], [ 2.516222411900864, 42.001838790353048 ], [ 2.516281127237161, 42.001755183352984 ], [ 2.516330355416572, 42.001663880712037 ], [ 2.516375130362753, 42.001571121828455 ], [ 2.5164088586152, 42.001470122156192 ], [ 2.516446200997085, 42.001370211286932 ], [ 2.516516458969916, 42.001244689082988 ], [ 2.516587081901841, 42.001119250330298 ], [ 2.516657760017047, 42.000985525662017 ], [ 2.516728081786355, 42.00085162021464 ], [ 2.516800877782869, 42.000710161365653 ], [ 2.516869213878384, 42.000567153469376 ], [ 2.516876124788685, 42.0004674800308 ], [ 2.516870733470466, 42.000365950785543 ], [ 2.516886043349256, 42.000288650042357 ], [ 2.516918237667021, 42.000215287800373 ], [ 2.517013929855224, 42.000078923832781 ], [ 2.517155622456194, 41.999927711300067 ], [ 2.517297184155384, 41.999776634938215 ], [ 2.517449614485359, 41.999609930740682 ], [ 2.517600723587316, 41.999442676782145 ], [ 2.517730258331877, 41.999318116200115 ], [ 2.517857500770142, 41.999192283110609 ], [ 2.517920188704408, 41.999093657138282 ], [ 2.517974810253616, 41.998991568432693 ], [ 2.518028509299743, 41.998915060074701 ], [ 2.518091727092628, 41.99884119546941 ], [ 2.518169931459699, 41.998799193462077 ], [ 2.518215640587643, 41.998790378675515 ], [ 2.518254269475982, 41.998791618887758 ], [ 2.518277041076578, 41.998814140071843 ], [ 2.518300131746684, 41.998842066571626 ], [ 2.5183352632234, 41.99885860786447 ], [ 2.518369550912485, 41.998859110192299 ], [ 2.518432382538196, 41.998805335780965 ], [ 2.518486227285684, 41.99874224049897 ], [ 2.518524727867367, 41.998663591221742 ], [ 2.518544943704791, 41.998625036641847 ], [ 2.518579974825204, 41.998591768040271 ], [ 2.518649654119252, 41.9985579259898 ], [ 2.518763481311107, 41.998529487426971 ], [ 2.51888172314269, 41.998509178630194 ], [ 2.519021952963889, 41.998486706580316 ], [ 2.519159918066826, 41.998476834163519 ], [ 2.51920799643142, 41.99848991413063 ], [ 2.51927406270149, 41.998535313165711 ], [ 2.519307970956399, 41.998554283533032 ], [ 2.519344618321045, 41.998561459460618 ], [ 2.519482325273858, 41.998537446057369 ], [ 2.519622939915705, 41.998512271992531 ], [ 2.51972764440181, 41.998510006310447 ], [ 2.519831336292141, 41.99851314117975 ], [ 2.519912469768827, 41.99853022836416 ], [ 2.519993240337655, 41.998547411245376 ], [ 2.520063914564626, 41.998542387427392 ], [ 2.520132459954905, 41.998514395849966 ], [ 2.520143287961635, 41.998487597734268 ], [ 2.520090487259436, 41.99844396501809 ], [ 2.520040737672132, 41.998396656816659 ], [ 2.520019887471153, 41.998294970273946 ], [ 2.519995883719086, 41.998195345668471 ], [ 2.519951989398908, 41.998139501101733 ], [ 2.519856945455433, 41.998061553757402 ], [ 2.519822353355927, 41.998020971966461 ], [ 2.519812183392419, 41.997976614068584 ], [ 2.519834061622639, 41.997893306825247 ], [ 2.5198598059567, 41.997809198845019 ], [ 2.519892142068004, 41.997683417694802 ], [ 2.519908057302495, 41.997557932627053 ], [ 2.519891600662028, 41.997482203538844 ], [ 2.519862827756079, 41.997406879570498 ], [ 2.519830257973064, 41.997322349338546 ], [ 2.519794665273736, 41.997238894452707 ], [ 2.519736247683538, 41.99715560345561 ], [ 2.519680017420152, 41.997070794054039 ], [ 2.519634006917461, 41.996895421504234 ], [ 2.519613236312602, 41.99671843879203 ], [ 2.519615990725568, 41.996609384420935 ], [ 2.519614873582442, 41.996500572336828 ], [ 2.519583327610957, 41.996441358566571 ], [ 2.519546212105742, 41.996382928471711 ], [ 2.519527823281476, 41.996307822595242 ], [ 2.519524288110365, 41.99623188542764 ], [ 2.519547724270609, 41.996181722864698 ], [ 2.519613298743175, 41.996148221496149 ], [ 2.519723208856067, 41.996127060951366 ], [ 2.519826285949993, 41.99609903387838 ], [ 2.520085928660084, 41.995962938606191 ], [ 2.52033804853128, 41.995816190678269 ], [ 2.520530617607097, 41.995688282152464 ], [ 2.520710589806809, 41.995549520842978 ], [ 2.52082763062592, 41.995430486818641 ], [ 2.520920860078253, 41.995298922334641 ], [ 2.520977993286772, 41.995183153411993 ], [ 2.521015341383394, 41.995064600814224 ], [ 2.521031003779965, 41.994955863227545 ], [ 2.52101697378323, 41.994846733350677 ], [ 2.520967799988976, 41.994738537619675 ], [ 2.520879522476501, 41.99464495045946 ], [ 2.520787364657117, 41.994584852643186 ], [ 2.520695074358254, 41.994526825727114 ], [ 2.520577250435127, 41.9944447299291 ], [ 2.520464768503832, 41.994358248473517 ], [ 2.520383001545793, 41.99424964973101 ], [ 2.520304264044573, 41.99413961441887 ], [ 2.520109091350145, 41.993970828386786 ], [ 2.519913073478139, 41.99380266534672 ], [ 2.519649838447365, 41.99355072733259 ], [ 2.519384190012407, 41.993297610439882 ], [ 2.519207327155188, 41.993168074813006 ], [ 2.5191047298653, 41.993116757521655 ], [ 2.518992133090613, 41.993078012045636 ], [ 2.518757747426689, 41.993035603638781 ], [ 2.51839802697604, 41.993011664919408 ], [ 2.5182190782812, 41.992998669503137 ], [ 2.518043361047103, 41.992973437437364 ], [ 2.517892563513378, 41.992941462909265 ], [ 2.517742767711034, 41.992905077334029 ], [ 2.517600727796474, 41.992864400065443 ], [ 2.517465609867205, 41.992803400302307 ], [ 2.517388626870168, 41.992733545385363 ], [ 2.5173509665162, 41.992652056145729 ], [ 2.517342389077249, 41.9925730291016 ], [ 2.517366976074493, 41.992450642998008 ], [ 2.517422798111538, 41.992333786779511 ], [ 2.517474652515705, 41.992293201044774 ], [ 2.517516020440557, 41.992250326756228 ], [ 2.51752172722674, 41.992166587133433 ], [ 2.517517285081299, 41.992082713886916 ], [ 2.517509110701555, 41.99199873758792 ], [ 2.517495493139232, 41.991915004104847 ], [ 2.51747020856804, 41.991858067689982 ], [ 2.517407783320873, 41.991778455820743 ], [ 2.517358178505073, 41.991696467825491 ], [ 2.517358335961844, 41.991579737842173 ], [ 2.517359950435596, 41.991461755753654 ], [ 2.517329614421037, 41.991371469868554 ], [ 2.517268497450011, 41.9912937593175 ], [ 2.517210985417656, 41.991251544680694 ], [ 2.517153359284273, 41.991209421402729 ], [ 2.517049622244353, 41.991133510221019 ], [ 2.516946132278857, 41.991057687348963 ], [ 2.516944803311883, 41.991041204995604 ], [ 2.516998314658236, 41.991020890495101 ], [ 2.517062277612154, 41.991007914422937 ], [ 2.517231493163024, 41.990998718859508 ], [ 2.51736018461812, 41.99101555932085 ], [ 2.517551009831482, 41.99106932143988 ], [ 2.517732863883174, 41.991144839839286 ], [ 2.517866690802936, 41.991216822890649 ], [ 2.517986458077234, 41.991296766270636 ], [ 2.518049795892347, 41.99136683011389 ], [ 2.518124399198565, 41.991431454361262 ], [ 2.518169700493608, 41.991444160148646 ], [ 2.518216872758422, 41.991448590356939 ], [ 2.51833325492005, 41.9914487175703 ], [ 2.518448543910644, 41.9914495597111 ], [ 2.518529459983399, 41.991477916990299 ], [ 2.518610302550098, 41.991500497040676 ], [ 2.518725473686515, 41.99148494360935 ], [ 2.518842107937602, 41.991467958734006 ], [ 2.518981017987846, 41.991457728398508 ], [ 2.519120138851321, 41.991452365970154 ], [ 2.519305332629735, 41.991453138892737 ], [ 2.519490650757289, 41.991453912937679 ], [ 2.519571662097823, 41.991454251102233 ], [ 2.51965278330795, 41.99145458876869 ], [ 2.519734084962562, 41.991463846415634 ], [ 2.519814794772033, 41.991472018029661 ], [ 2.51990726632491, 41.991456553996059 ], [ 2.520000241531355, 41.991439288862985 ], [ 2.520139256223597, 41.991431489357957 ], [ 2.520278278093249, 41.991423694217829 ], [ 2.52039423747091, 41.991416609554783 ], [ 2.520510073756617, 41.991407905765861 ], [ 2.520768305054351, 41.991360975040934 ], [ 2.52102041580688, 41.991292672441659 ], [ 2.521188063082921, 41.991250316436002 ], [ 2.521345438731638, 41.991193414852269 ], [ 2.521577869542578, 41.991077023531489 ], [ 2.52181029830851, 41.990960630827708 ], [ 2.521908083600733, 41.990896546008187 ], [ 2.522005752219671, 41.990832376856801 ], [ 2.522081821708501, 41.990814588407403 ], [ 2.52216800736693, 41.990816292774333 ], [ 2.522341611030895, 41.990816836923472 ], [ 2.522515336415887, 41.990817733476327 ], [ 2.522596840941064, 41.990814653533299 ], [ 2.522677591343741, 41.990801656778416 ], [ 2.522718561852756, 41.990763547066912 ], [ 2.522747754498724, 41.990718092990463 ], [ 2.52282018150055, 41.990687500366917 ], [ 2.522901028693883, 41.99066054445133 ], [ 2.522933571693196, 41.990635099011847 ], [ 2.522928511749199, 41.990585002815912 ], [ 2.52288808148128, 41.990534311089377 ], [ 2.522833846040856, 41.990489586513952 ], [ 2.522772812884531, 41.990449974649188 ], [ 2.522693530979482, 41.990412716871845 ], [ 2.522611306635297, 41.990382295459604 ], [ 2.522553191149963, 41.990371517789846 ], [ 2.522491017434993, 41.990371799587663 ], [ 2.522364610826267, 41.990372625614761 ], [ 2.522287291341583, 41.990347444632029 ], [ 2.522222077712738, 41.99028556955362 ], [ 2.522195696566041, 41.99021286615784 ], [ 2.522196258843866, 41.990154146042649 ], [ 2.522196572321903, 41.990095600521002 ], [ 2.522179276821081, 41.990002939271115 ], [ 2.522151599788694, 41.989910950832652 ], [ 2.522102564419868, 41.989815640086348 ], [ 2.522037199807508, 41.989726112952034 ], [ 2.521931950048172, 41.989642001107313 ], [ 2.521829962791104, 41.989557542488647 ], [ 2.521786358741185, 41.989447839080782 ], [ 2.521739001251455, 41.989339290881738 ], [ 2.52164746117935, 41.989229839833072 ], [ 2.521555320073563, 41.989120567238373 ], [ 2.52145427228134, 41.989023683916749 ], [ 2.521358793102982, 41.988925292592235 ], [ 2.521325783751973, 41.988851391380727 ], [ 2.52130353868019, 41.9887255621612 ], [ 2.521281309387557, 41.988599733000505 ], [ 2.521227879894977, 41.988464413100495 ], [ 2.521174444105203, 41.988328996775209 ], [ 2.521138253575952, 41.988261296824049 ], [ 2.521106037086841, 41.988194601468855 ], [ 2.521124657362262, 41.988157750066968 ], [ 2.521175950034331, 41.988127881801297 ], [ 2.521262187842213, 41.988105542902659 ], [ 2.521395947388754, 41.988106910336882 ], [ 2.521523627039621, 41.988095733026917 ], [ 2.521753339637604, 41.98801868812042 ], [ 2.521862832371049, 41.987971317985796 ], [ 2.521965031568841, 41.987913194954395 ], [ 2.522051469683187, 41.987849153689325 ], [ 2.522128038650931, 41.987779760052604 ], [ 2.522237058448668, 41.987665737452325 ], [ 2.522338276598223, 41.987545917125203 ], [ 2.522398283503506, 41.987463842372172 ], [ 2.522432116380779, 41.987378689209748 ], [ 2.522431869215585, 41.987299338657387 ], [ 2.522398489361905, 41.987177881056503 ], [ 2.522341908495526, 41.987059749438565 ], [ 2.522285807422575, 41.986958368562341 ], [ 2.522227638319458, 41.986858149915427 ], [ 2.522158802495583, 41.98674888108394 ], [ 2.522090324223717, 41.986639614598502 ], [ 2.522042371117357, 41.986514223349381 ], [ 2.521999492807788, 41.986387769707711 ], [ 2.521953937745612, 41.986329484384292 ], [ 2.521907778243005, 41.986270031063768 ], [ 2.521874239067025, 41.986186848212512 ], [ 2.521862677058412, 41.986102225756149 ], [ 2.521874722547338, 41.985976543005307 ], [ 2.521887733743943, 41.985850860669714 ], [ 2.521894532402285, 41.985733439481251 ], [ 2.521889488674437, 41.98561614820219 ], [ 2.52185091233104, 41.98546422446411 ], [ 2.521799158673499, 41.985314048951949 ], [ 2.521758155367797, 41.985195797262442 ], [ 2.521708329229899, 41.98507895166393 ], [ 2.521655336046357, 41.984997851077921 ], [ 2.521543869113782, 41.984890839602343 ], [ 2.521409399423688, 41.984792734276759 ], [ 2.521246208517622, 41.984693075158106 ], [ 2.521063241757458, 41.984623588470427 ], [ 2.520874221408802, 41.984588396097045 ], [ 2.520585447050561, 41.984558732166462 ], [ 2.520299881685184, 41.984519895027908 ], [ 2.519938101811773, 41.984438136999941 ], [ 2.519583389692146, 41.984332447896335 ], [ 2.519460444542825, 41.984275555244658 ], [ 2.519352870064382, 41.984197374730989 ], [ 2.519289734572161, 41.984133254965883 ], [ 2.519261165194578, 41.984062880690196 ], [ 2.519272469044716, 41.984004476611105 ], [ 2.519285229682171, 41.983945622893579 ], [ 2.519285733218603, 41.983878523590384 ], [ 2.519286237269409, 41.9838115161565 ], [ 2.519286678983169, 41.983752795488073 ], [ 2.519287118831335, 41.983694162175844 ], [ 2.519287370868147, 41.983660656656632 ], [ 2.519287622870657, 41.983627155640434 ], [ 2.519299417203639, 41.983599821179723 ], [ 2.519326047617053, 41.983589482259177 ], [ 2.519400133885585, 41.983593578839645 ], [ 2.519545120965547, 41.983625347867736 ], [ 2.519681134213449, 41.983645547039757 ], [ 2.519924381844778, 41.983644223694746 ], [ 2.520167596994506, 41.983630826271224 ], [ 2.520325566785746, 41.98360608495333 ], [ 2.52055320092759, 41.983546507509992 ], [ 2.520770850653184, 41.983465628614567 ], [ 2.520971056682056, 41.983376666895204 ], [ 2.521165989059008, 41.983282905695589 ], [ 2.521402156719191, 41.983162923862004 ], [ 2.521630916863337, 41.983033369916562 ], [ 2.521773851408036, 41.982918856704707 ], [ 2.521887488696224, 41.982782961976952 ], [ 2.522016793692591, 41.982586607603068 ], [ 2.522058594595929, 41.982485550364196 ], [ 2.522075786820437, 41.982381411258622 ], [ 2.522071849866123, 41.982213601655701 ], [ 2.522055109760092, 41.98204600173996 ], [ 2.522034094445078, 41.981886587285786 ], [ 2.522011262454992, 41.981727341790048 ], [ 2.522000600081157, 41.981668574853323 ], [ 2.521988962957125, 41.981609891220927 ], [ 2.521969128455543, 41.981550542085969 ], [ 2.52196886109228, 41.981521087382646 ], [ 2.521989840695358, 41.981492537153763 ], [ 2.522049034120866, 41.981454770987796 ], [ 2.52215768474284, 41.98142081512772 ], [ 2.522328026400115, 41.981417833096401 ], [ 2.52249972530807, 41.981427552250466 ], [ 2.522696602444961, 41.98142755676902 ], [ 2.522893355204187, 41.981429184334445 ], [ 2.523090274297886, 41.981439905381151 ], [ 2.523286852278654, 41.98144765517663 ], [ 2.523325691187848, 41.981436015018879 ], [ 2.523372939445627, 41.98139613244107 ], [ 2.523426414898963, 41.981364378089388 ], [ 2.523564592366792, 41.981336672502572 ], [ 2.523704657168419, 41.981315185574886 ], [ 2.524018019968887, 41.98129873672535 ], [ 2.524175121924687, 41.981291007288029 ], [ 2.524280052725105, 41.981275120280692 ], [ 2.52433028787845, 41.981267512455382 ], [ 2.524412577150676, 41.981240381260562 ], [ 2.524519253358386, 41.981178406058923 ], [ 2.524609400142814, 41.981101046477377 ], [ 2.524696858709129, 41.981011157331089 ], [ 2.524772759793008, 41.980917261844816 ], [ 2.524843026521962, 41.980816948254351 ], [ 2.524945812065723, 41.980776930107417 ], [ 2.525277557963828, 41.980707415461964 ], [ 2.525738392695527, 41.980093161577749 ], [ 2.525878569313388, 41.979926121123746 ], [ 2.526506601938236, 41.979551685069765 ], [ 2.526775230033295, 41.979251148609038 ], [ 2.526961131689963, 41.979168149156322 ], [ 2.527413050075294, 41.979119749586921 ], [ 2.527565217628238, 41.97913038878886 ], [ 2.527565217398625, 41.979130388841817 ], [ 2.527496325086249, 41.979370357032103 ], [ 2.52739244550057, 41.979658433696827 ], [ 2.527348497137692, 41.980098612108961 ], [ 2.527345692275958, 41.980478218018881 ], [ 2.527343111963265, 41.980827453453017 ], [ 2.527339297552415, 41.981343715077863 ], [ 2.527315241416607, 41.981844708979771 ], [ 2.52729085032559, 41.982391258053781 ], [ 2.527429604441314, 41.982892923974191 ], [ 2.527548563999408, 41.983318576666292 ], [ 2.527811222797666, 41.983577795433128 ], [ 2.528277722151293, 41.983792292079457 ], [ 2.528703862209898, 41.983961069957111 ], [ 2.529027459994592, 41.984235715906244 ], [ 2.529513539245894, 41.984556582636458 ], [ 2.529980727635014, 41.984679965597671 ], [ 2.530570577004366, 41.984727929366819 ], [ 2.531231492639669, 41.984798950053772 ], [ 2.532086130616575, 41.984817612004804 ], [ 2.533063099902142, 41.984806392974576 ], [ 2.53393787085967, 41.984855488980749 ], [ 2.534507698311036, 41.984857793749534 ], [ 2.535104181568204, 41.984888477345869 ], [ 2.535828466327586, 41.984891399150861 ], [ 2.536420835471744, 41.984850332032956 ], [ 2.536970762739888, 41.984791805999151 ], [ 2.537521012666574, 41.984687723841553 ], [ 2.538194253136398, 41.984462656528386 ], [ 2.53866365747684, 41.984282327389259 ], [ 2.539234590704828, 41.984132767126546 ], [ 2.539663278075318, 41.983952265950123 ], [ 2.540152261915738, 41.983878297731252 ], [ 2.540661258544943, 41.983849958698869 ], [ 2.541149472469916, 41.983882277074429 ], [ 2.541657385712659, 41.984005776214737 ], [ 2.542306679344154, 41.984281687379429 ], [ 2.542813512925094, 41.984557023104074 ], [ 2.543583836902301, 41.984985248659974 ], [ 2.544283479437606, 41.985337265018934 ], [ 2.544891876231135, 41.985643366020625 ], [ 2.545276402157337, 41.985948577242212 ], [ 2.54572404163636, 41.985965530215509 ], [ 2.546292604273135, 41.986149990620547 ], [ 2.54673916357459, 41.986318782237916 ], [ 2.547552390564234, 41.986443457637726 ], [ 2.547979788569486, 41.986445136811803 ], [ 2.548387476266526, 41.986355628194367 ], [ 2.548755527962371, 41.98611411275585 ], [ 2.549063485039332, 41.98573570743357 ], [ 2.549432601173395, 41.985342356982514 ], [ 2.549658824066297, 41.985009179473671 ], [ 2.550007042833224, 41.98469166769857 ], [ 2.550538643207212, 41.984344495293904 ], [ 2.550987759424724, 41.984148850154511 ], [ 2.551313384344151, 41.984150119696899 ], [ 2.55169974185348, 41.984197176695311 ], [ 2.552024410235624, 41.984335107590411 ], [ 2.552409068975615, 41.984625110298872 ], [ 2.552752729202607, 41.984958407331213 ], [ 2.553156422160042, 41.985437353157337 ], [ 2.553357079091807, 41.985848114526959 ], [ 2.55380143709521, 41.986335742831898 ], [ 2.554062307810067, 41.986868215152178 ], [ 2.554384350015237, 41.987385738174872 ], [ 2.554786537028707, 41.988085788391956 ], [ 2.554946082174187, 41.988557124654172 ], [ 2.555207182752308, 41.98905922823446 ], [ 2.555428112437496, 41.989485248615161 ], [ 2.555609179189427, 41.989789640582387 ], [ 2.555828109595295, 41.990504158949022 ], [ 2.555987668291211, 41.990975498133963 ], [ 2.556127827759875, 41.991310096910738 ], [ 2.556243553332936, 41.991644606453477 ], [ 2.556408881771089, 41.991873011943341 ], [ 2.556774093502043, 41.992041446446684 ], [ 2.557211152732741, 41.99212361202256 ], [ 2.557870961179304, 41.992003450297375 ], [ 2.558148482302093, 41.991975363379098 ], [ 2.558596796417216, 41.991794869985078 ], [ 2.559047618055627, 41.99146253500389 ], [ 2.559415868710066, 41.991190624025869 ], [ 2.559866475657233, 41.990782361572649 ], [ 2.56027511412345, 41.990556154694261 ], [ 2.560499201481778, 41.990527399853057 ], [ 2.561007732428982, 41.990574135729993 ], [ 2.561292368941814, 41.990620778604388 ], [ 2.561556553334891, 41.990682521576588 ], [ 2.561738693098924, 41.990835061159622 ], [ 2.562001937119226, 41.991033461076974 ], [ 2.562325830466529, 41.99129283250344 ], [ 2.562873720013477, 41.991537864642929 ], [ 2.563260331328271, 41.991554517756249 ], [ 2.563645720111734, 41.991753376715295 ], [ 2.56411303651578, 41.991876626611095 ], [ 2.564600697542719, 41.991999947264816 ], [ 2.565554858779598, 41.992367981296319 ], [ 2.566042841833259, 41.992445744994392 ], [ 2.566550255144815, 41.99266023881426 ], [ 2.567139910622683, 41.992753566013434 ], [ 2.56764505237022, 41.992785835556823 ], [ 2.567826148846825, 41.992786515672911 ], [ 2.568198739165995, 41.992696805569622 ], [ 2.568545379988092, 41.992606995827394 ], [ 2.56901516226772, 41.992365801562194 ], [ 2.569158053089832, 41.992305598870168 ], [ 2.569424084585658, 41.992094010274052 ], [ 2.569567790512018, 41.991912677845001 ], [ 2.569752102721591, 41.991745993634567 ], [ 2.56981479570815, 41.991503273198354 ], [ 2.569815919150655, 41.991336247206306 ], [ 2.569816838107613, 41.991199589080729 ], [ 2.56969563328251, 41.991062475950706 ], [ 2.56967640854577, 41.990895373672736 ], [ 2.569750042633711, 41.990538814097434 ], [ 2.569751370763404, 41.990341412097379 ], [ 2.569753004323823, 41.990098472681112 ], [ 2.569774585544404, 41.989916336296154 ], [ 2.569877986041509, 41.989673768298402 ], [ 2.570023524376792, 41.989218779301062 ], [ 2.570172013232181, 41.988323443069852 ], [ 2.570193694760875, 41.988126121696297 ], [ 2.570462051817545, 41.98756529608184 ], [ 2.570544690281659, 41.987383387909112 ], [ 2.570729186080157, 41.987186678066855 ], [ 2.570832783608659, 41.986913743865031 ], [ 2.570915313371639, 41.986747019327566 ], [ 2.570997637587451, 41.98661066622244 ], [ 2.571182333557749, 41.986383585004802 ], [ 2.571244418869607, 41.986231969977901 ], [ 2.571387891662237, 41.986080658809193 ], [ 2.571612478565889, 41.985975204973251 ], [ 2.571919182449377, 41.985763757594682 ], [ 2.572143971916484, 41.985627932997488 ], [ 2.572429507972143, 41.985537889928061 ], [ 2.572774878599611, 41.985630276344608 ], [ 2.573079854814131, 41.985676964810885 ], [ 2.573547646058399, 41.985724250197073 ], [ 2.574117103668284, 41.985787096119545 ], [ 2.574402435451525, 41.985727414252658 ], [ 2.57483012724238, 41.985683442441292 ], [ 2.575298233488575, 41.985685170659629 ], [ 2.575826469496765, 41.985823783572954 ], [ 2.576274016561892, 41.985855793310023 ], [ 2.576564907497738, 41.985859072357528 ], [ 2.576927064035536, 41.985860403092111 ], [ 2.577373731617839, 41.985753545962147 ], [ 2.577658759216428, 41.985739406982361 ], [ 2.578025094344405, 41.985740750525729 ], [ 2.578432537178229, 41.985681505622814 ], [ 2.578840177013521, 41.985591889523022 ], [ 2.579146456463699, 41.985441163088232 ], [ 2.579432680299882, 41.985244811151119 ], [ 2.579902367489418, 41.985003571589296 ], [ 2.580322246534442, 41.984877204570147 ], [ 2.580325967490279, 41.984886699489884 ], [ 2.580371989036397, 41.98486425738853 ], [ 2.580462610927839, 41.984777855312934 ], [ 2.580558945931737, 41.984686337536701 ], [ 2.580683111714878, 41.984583663003114 ], [ 2.580814969766329, 41.984486058353021 ], [ 2.58097368721456, 41.984398367956864 ], [ 2.581140193409143, 41.984319625059904 ], [ 2.581337803512637, 41.984228299559106 ], [ 2.581535174648544, 41.984136695439794 ], [ 2.581779541301439, 41.984020766762448 ], [ 2.582022943595755, 41.983903754151235 ], [ 2.582174382128834, 41.983820900082435 ], [ 2.582325102489185, 41.983737233499966 ], [ 2.582511270059797, 41.983679905936945 ], [ 2.582607636661802, 41.983655667244932 ], [ 2.582696345216793, 41.983621223099995 ], [ 2.582870705630089, 41.983521246889531 ], [ 2.583045072712092, 41.983421274939559 ], [ 2.58320785693236, 41.983338281472584 ], [ 2.583370279121015, 41.983254835225239 ], [ 2.583521838067034, 41.983171893339623 ], [ 2.583672430812435, 41.983088223612256 ], [ 2.583799075293897, 41.983030946472404 ], [ 2.583927901026081, 41.982971790200423 ], [ 2.583986252975502, 41.982926966523962 ], [ 2.584021268040354, 41.982871612323748 ], [ 2.584012907155909, 41.98283807541673 ], [ 2.583998520927333, 41.982804429310384 ], [ 2.583998412694157, 41.982794352256484 ], [ 2.583997687869001, 41.982728230768913 ], [ 2.584010852026043, 41.98269035769038 ], [ 2.58404573173714, 41.982653735961975 ], [ 2.584125527383657, 41.982617008544388 ], [ 2.584248698407768, 41.982609705336813 ], [ 2.58437028669367, 41.982604652437594 ], [ 2.584474516821104, 41.982578908606541 ], [ 2.584578969951732, 41.982555057788964 ], [ 2.584660095472409, 41.982554358788605 ], [ 2.584740980952635, 41.982572395437899 ], [ 2.584750028547295, 41.982577398945757 ], [ 2.584834196736716, 41.98262398413587 ], [ 2.58492561920764, 41.982673660462581 ], [ 2.585064519046853, 41.982698933630225 ], [ 2.585203173537878, 41.982725013641584 ], [ 2.585294458444352, 41.982758936511885 ], [ 2.5853880369236, 41.982792688360234 ], [ 2.585491432065909, 41.982819544044638 ], [ 2.585596170251807, 41.982826944673775 ], [ 2.585758393373642, 41.98281077504052 ], [ 2.585920623657888, 41.982794605203722 ], [ 2.586082845382873, 41.982778439610001 ], [ 2.586244952380804, 41.982762268870125 ], [ 2.586386770271719, 41.98272828076356 ], [ 2.586523375283873, 41.982679410899785 ], [ 2.586664665466144, 41.982633268749375 ], [ 2.586801905703712, 41.982579811941676 ], [ 2.586876561852836, 41.982533784539122 ], [ 2.586941491528289, 41.982479796221824 ], [ 2.586999573828731, 41.982421010599076 ], [ 2.587058016518332, 41.982362853106821 ], [ 2.587129201501595, 41.982330686026494 ], [ 2.58719738560482, 41.98229625644354 ], [ 2.587245388038632, 41.9822468004852 ], [ 2.587290741083466, 41.982195983080473 ], [ 2.587364209076401, 41.982109874102377 ], [ 2.587437676899877, 41.982023760571835 ], [ 2.587507640211456, 41.981956914081017 ], [ 2.587577477297649, 41.981890150855236 ], [ 2.587628903774156, 41.981833955632517 ], [ 2.587670822551495, 41.981773128332058 ], [ 2.587674022071092, 41.981744589575847 ], [ 2.587661291835912, 41.981714639001083 ], [ 2.587648402261308, 41.981655690873218 ], [ 2.587679927651606, 41.981596537502803 ], [ 2.587718563624498, 41.981538585029952 ], [ 2.587749632198409, 41.981494652174689 ], [ 2.587788632379076, 41.981455074595807 ], [ 2.58786822347134, 41.981411315024516 ], [ 2.587951290130353, 41.981371801908864 ], [ 2.588047371666323, 41.981316393626329 ], [ 2.588137215075372, 41.981255114850512 ], [ 2.588162760701202, 41.98120593279257 ], [ 2.588184215475851, 41.981154675327161 ], [ 2.588238989162492, 41.98110244395798 ], [ 2.588300621819994, 41.981054482905371 ], [ 2.588440337410486, 41.980971672144676 ], [ 2.588579572598371, 41.980887863352763 ], [ 2.588719754715431, 41.980769208262593 ], [ 2.588835892702759, 41.98063731173913 ], [ 2.588858718376528, 41.980578491644835 ], [ 2.588882993249308, 41.980520122565459 ], [ 2.588935490518348, 41.980466001210971 ], [ 2.588999400358848, 41.980420023094275 ], [ 2.589103708424214, 41.980361221732508 ], [ 2.589208615879111, 41.980303413154125 ], [ 2.58930188142943, 41.980253757103299 ], [ 2.589394427852027, 41.980203467936889 ], [ 2.589571162833376, 41.980088903656714 ], [ 2.589743324825188, 41.979969997754544 ], [ 2.590072140896459, 41.979763201920619 ], [ 2.590417400705157, 41.979570067485909 ], [ 2.590699900475728, 41.979450740435752 ], [ 2.59099770540956, 41.979354165839339 ], [ 2.591297017837156, 41.979268044479355 ], [ 2.591600736684166, 41.979188693920229 ], [ 2.591790202423077, 41.979139825651203 ], [ 2.591981532301478, 41.979101057476136 ], [ 2.592110882404366, 41.97908989491193 ], [ 2.592330503578884, 41.979100670619857 ], [ 2.592550521517168, 41.979124959131461 ], [ 2.592711014654176, 41.97913246197232 ], [ 2.592869294489362, 41.979146528911251 ], [ 2.592966996876224, 41.979176775722031 ], [ 2.593108846130684, 41.979250954074878 ], [ 2.593243905413126, 41.97932862259929 ], [ 2.59343996160057, 41.979438297858451 ], [ 2.59363614401871, 41.979547969625415 ], [ 2.593823604928242, 41.979642032252706 ], [ 2.594028813720654, 41.979716973117014 ], [ 2.594212314932402, 41.97975157614713 ], [ 2.594398938782522, 41.979768535931967 ], [ 2.594652372602429, 41.979796724876579 ], [ 2.594905902851461, 41.97980878264643 ], [ 2.595070321342289, 41.979787655713572 ], [ 2.595211074270132, 41.979748884788009 ], [ 2.59534871694751, 41.979704874351377 ], [ 2.595476445090977, 41.979663621784269 ], [ 2.595603928450159, 41.979621921481218 ], [ 2.595759248138819, 41.979570496376169 ], [ 2.595905715406903, 41.979505616350934 ], [ 2.595991151982585, 41.979432968377523 ], [ 2.596068771436945, 41.979355335560548 ], [ 2.596231674719533, 41.979230259180852 ], [ 2.596394454141854, 41.979105007401742 ], [ 2.596488589989554, 41.979030672962899 ], [ 2.596580682121376, 41.978954796526303 ], [ 2.59665819860439, 41.978874912172799 ], [ 2.596720672921465, 41.978787675915108 ], [ 2.596767551676679, 41.978703897449194 ], [ 2.596814306048431, 41.978620299560212 ], [ 2.596871205287213, 41.978536187867689 ], [ 2.596931120453932, 41.978453091879757 ], [ 2.596985985001665, 41.978384564443928 ], [ 2.597047840128327, 41.978319385882699 ], [ 2.597151535065878, 41.978260579529056 ], [ 2.597256911022223, 41.978202766110186 ], [ 2.597331001189392, 41.978129800810045 ], [ 2.597396785668492, 41.978052392160855 ], [ 2.597465741631773, 41.977951486261283 ], [ 2.597536982693216, 41.977851671832703 ], [ 2.597703232436678, 41.977671936317726 ], [ 2.597886452375486, 41.977500819945504 ], [ 2.598154502059671, 41.977275961059043 ], [ 2.598444896408404, 41.977066937782645 ], [ 2.598875090965612, 41.976814630746496 ], [ 2.5993278478444, 41.976583833128835 ], [ 2.599696444491546, 41.976413898357215 ], [ 2.600093868012494, 41.976268023289585 ], [ 2.600226246469561, 41.976233533912698 ], [ 2.600359876924444, 41.976212292165883 ], [ 2.600626927978895, 41.976202775532933 ], [ 2.600777581116473, 41.976218788310355 ], [ 2.600927513542364, 41.976254166353066 ], [ 2.60107069823352, 41.976307442247496 ], [ 2.601204633329229, 41.976372393618163 ], [ 2.601259294466679, 41.976414012416534 ], [ 2.601296807671316, 41.976456567775372 ], [ 2.601291562441246, 41.976465195973091 ], [ 2.601260416271797, 41.976465986665922 ], [ 2.601167272025638, 41.976460079873789 ], [ 2.601120172417691, 41.976463609877598 ], [ 2.601111432494774, 41.976472678060212 ], [ 2.601122657753542, 41.976530719189178 ], [ 2.601157049008198, 41.976590193604331 ], [ 2.601218482171281, 41.976629225811294 ], [ 2.601272276139869, 41.976674447864696 ], [ 2.60129587875149, 41.976741537742754 ], [ 2.601294614104505, 41.976808635825364 ], [ 2.60127061211821, 41.976883935681272 ], [ 2.601247326464316, 41.976959329887364 ], [ 2.601235405701438, 41.977051250292419 ], [ 2.601223002354092, 41.977143708518604 ], [ 2.601197417452, 41.977220987027906 ], [ 2.601152661521688, 41.977294323353753 ], [ 2.601073709959116, 41.977354127192058 ], [ 2.600989825742464, 41.977411115456022 ], [ 2.600937153783132, 41.977476502806951 ], [ 2.600896415041686, 41.977544906524777 ], [ 2.600892113807682, 41.977576502315202 ], [ 2.600902515774767, 41.977611936528817 ], [ 2.600921286004844, 41.977680269708102 ], [ 2.60089536972405, 41.977712515395083 ], [ 2.600837718035141, 41.977724023641251 ], [ 2.600779390975012, 41.977728865467839 ], [ 2.600627365950849, 41.977757791251314 ], [ 2.60047805969264, 41.977794920571469 ], [ 2.60025301378384, 41.977880603095187 ], [ 2.600063770834214, 41.977993879377635 ], [ 2.599851013367031, 41.978083118323703 ], [ 2.599680633790471, 41.978170249381883 ], [ 2.599443158870496, 41.978331814168136 ], [ 2.599205511520419, 41.9785218407592 ], [ 2.599063426549647, 41.978658517232084 ], [ 2.598928861288555, 41.978808999112118 ], [ 2.598857287759516, 41.978923495912333 ], [ 2.598810966752455, 41.978995748632983 ], [ 2.598747605556499, 41.979110274059359 ], [ 2.598685921548819, 41.979263892486877 ], [ 2.598620010315332, 41.97941939020145 ], [ 2.598586008633268, 41.979586704528735 ], [ 2.598576113931204, 41.979759331512874 ], [ 2.598598132271118, 41.979943867022314 ], [ 2.598601574275976, 41.980144817986478 ], [ 2.59859560795174, 41.980346189083406 ], [ 2.598606599684395, 41.980614714689032 ], [ 2.598638595660134, 41.98088277962097 ], [ 2.598687761857933, 41.981068760087489 ], [ 2.59875203812958, 41.981251995867375 ], [ 2.59879770681748, 41.981361233498703 ], [ 2.598843375628957, 41.981470283771543 ], [ 2.598850361118901, 41.98158838386486 ], [ 2.598849745999636, 41.981647920327411 ], [ 2.598864970578008, 41.981704984864699 ], [ 2.598933338636951, 41.981831138821185 ], [ 2.599002321247887, 41.981956931011467 ], [ 2.599071617346751, 41.982091098656511 ], [ 2.599139580616052, 41.982225721843818 ], [ 2.599332280255131, 41.982662591265353 ], [ 2.599527759814291, 41.983098744992972 ], [ 2.599673532687611, 41.983376842606908 ], [ 2.599825355559883, 41.98365306701011 ], [ 2.599941673042764, 41.983854139216227 ], [ 2.600054486722819, 41.984056195229037 ], [ 2.600145978168082, 41.984232505151311 ], [ 2.600188680632827, 41.984314704632759 ], [ 2.600705796864835, 41.984340277519131 ], [ 2.60095661397476, 41.984364205801995 ], [ 2.60095661397478, 41.984364205802002 ], [ 2.60115771019846, 41.984386970072038 ], [ 2.601654944813776, 41.98452280400393 ], [ 2.601992023196706, 41.98465195700129 ], [ 2.601984591636783, 41.984624460896661 ], [ 2.601950607606338, 41.984498607269799 ], [ 2.601908344214984, 41.984422085969769 ], [ 2.601837181027761, 41.984355278089907 ], [ 2.601674392177453, 41.984229435106627 ], [ 2.601582329332895, 41.98414526174362 ], [ 2.601490141822073, 41.984061179741019 ], [ 2.601386662021424, 41.983968500316941 ], [ 2.601282938739431, 41.983876003688771 ], [ 2.601125642798, 41.983721081147579 ], [ 2.600983865684244, 41.983556485123948 ], [ 2.600816321168431, 41.983302634188014 ], [ 2.600686049139429, 41.98303576921441 ], [ 2.600632006898949, 41.982894079216535 ], [ 2.600595239009816, 41.982750475028297 ], [ 2.600597143828352, 41.982658156066961 ], [ 2.600596390578646, 41.982566020599208 ], [ 2.600566986274049, 41.982481165513235 ], [ 2.600527907316605, 41.982398166353853 ], [ 2.600480578269285, 41.982322798643771 ], [ 2.60043627234304, 41.982246989300364 ], [ 2.600400505879172, 41.982096448878593 ], [ 2.600368621757842, 41.981944934825357 ], [ 2.600316666803177, 41.981817758967495 ], [ 2.600254428706737, 41.98169307004644 ], [ 2.600172719596676, 41.981575968949777 ], [ 2.600093786060197, 41.981457885826721 ], [ 2.600054399818264, 41.981366511016944 ], [ 2.60002552776999, 41.981273190455958 ], [ 2.599992247800642, 41.981113656375214 ], [ 2.599957990416306, 41.98095447914158 ], [ 2.59991035834805, 41.980812095962506 ], [ 2.599867191801708, 41.980669096956802 ], [ 2.599832923311704, 41.980493078954595 ], [ 2.599799989976398, 41.98031688095444 ], [ 2.599746489345084, 41.980127736191491 ], [ 2.599701925038775, 41.979938796386577 ], [ 2.599710433053944, 41.979813639562963 ], [ 2.599757936361642, 41.979629429520685 ], [ 2.599805441111775, 41.979445137496896 ], [ 2.599905732116506, 41.979331642670246 ], [ 2.600006023413229, 41.979218236920566 ], [ 2.600070423581291, 41.979111907793538 ], [ 2.600123144376409, 41.979000678845075 ], [ 2.60016412615, 41.978932106040695 ], [ 2.600216558808255, 41.978866893859539 ], [ 2.600290854825297, 41.978818694834899 ], [ 2.600379185436162, 41.978783604298826 ], [ 2.600515083110423, 41.978728776270017 ], [ 2.600584736429774, 41.978708575268769 ], [ 2.60065756746785, 41.978700809990976 ], [ 2.600935435491151, 41.9787017744233 ], [ 2.601213289037932, 41.978702739033416 ], [ 2.601363809446324, 41.97870326089393 ], [ 2.601514323823495, 41.978703782536151 ], [ 2.601607321967262, 41.97869608935715 ], [ 2.601699711385677, 41.9786876761586 ], [ 2.60180429872472, 41.97869758334744 ], [ 2.601959664823681, 41.978733878646047 ], [ 2.602116081787933, 41.978756126058272 ], [ 2.602277857347835, 41.978751553723093 ], [ 2.602440279183544, 41.978740494086509 ], [ 2.602568650101026, 41.978730128747443 ], [ 2.602695166018873, 41.978707868930741 ], [ 2.602757391978789, 41.978679441226205 ], [ 2.602811347858217, 41.978641173901067 ], [ 2.602936856729698, 41.978547035239515 ], [ 2.603044208552418, 41.978440853875163 ], [ 2.603104207944445, 41.978342887624024 ], [ 2.603138045957571, 41.978239966397965 ], [ 2.603149705161512, 41.978130669223013 ], [ 2.603162571746293, 41.978022090447986 ], [ 2.603208977356775, 41.977896607672868 ], [ 2.603256706810293, 41.977770947516184 ], [ 2.603278554650703, 41.977654026248686 ], [ 2.603281335432143, 41.97753640681811 ], [ 2.603258623199894, 41.977442748925078 ], [ 2.603213078051896, 41.977351713215626 ], [ 2.603164569982282, 41.977310023853072 ], [ 2.603120899892768, 41.977267540593758 ], [ 2.603119724740464, 41.977183866271631 ], [ 2.603121939386494, 41.977099927161902 ], [ 2.603076833121758, 41.976938283235157 ], [ 2.603008158918635, 41.976781058428855 ], [ 2.602929037725083, 41.976654421061916 ], [ 2.602847621744476, 41.976529036634687 ], [ 2.602780655774311, 41.976427477082702 ], [ 2.602709941763278, 41.976327349191315 ], [ 2.602666975485517, 41.976288109693286 ], [ 2.602582531650704, 41.976241614926614 ], [ 2.602502454196921, 41.97619252147679 ], [ 2.60243618292948, 41.976115646035574 ], [ 2.602364464046107, 41.976041180789039 ], [ 2.602198517545697, 41.97594126218852 ], [ 2.602018239316443, 41.975855524223093 ], [ 2.601732537194346, 41.97573942894163 ], [ 2.601440851002132, 41.975635651328453 ], [ 2.601275434175254, 41.975606795954562 ], [ 2.601192464480112, 41.975593629106825 ], [ 2.6011170728792, 41.975567427938657 ], [ 2.601023282762409, 41.975509731260381 ], [ 2.600932530206792, 41.975449430423851 ], [ 2.600834205583826, 41.97538460254821 ], [ 2.600724938575341, 41.975331352451057 ], [ 2.600651751282347, 41.975319477467643 ], [ 2.600537632374503, 41.975328811265236 ], [ 2.600423814982158, 41.975347059912998 ], [ 2.600296377194513, 41.97536345788955 ], [ 2.600168939888981, 41.975379768361364 ], [ 2.60008731012412, 41.975384796178943 ], [ 2.60000673551309, 41.975395957563208 ], [ 2.599859912118697, 41.975462634867867 ], [ 2.59972794694718, 41.975545846018314 ], [ 2.599530468446818, 41.975662607165887 ], [ 2.599332885341683, 41.975779188372755 ], [ 2.599064044202889, 41.975939652240413 ], [ 2.598924403613589, 41.976014461240176 ], [ 2.598775299172634, 41.976078966675033 ], [ 2.598614482556186, 41.976123892772371 ], [ 2.59845057708652, 41.976161688058269 ], [ 2.598275982859557, 41.976209534992272 ], [ 2.598102696465249, 41.976261079878554 ], [ 2.598027153336536, 41.976296480953572 ], [ 2.597963242201299, 41.976344355536696 ], [ 2.597879209479965, 41.976444484819964 ], [ 2.597799881526042, 41.976544990789712 ], [ 2.597650518651933, 41.976649217815506 ], [ 2.597497487006132, 41.976761898061561 ], [ 2.597429374520382, 41.976843890229283 ], [ 2.597403851737971, 41.976929186758618 ], [ 2.597423642470578, 41.976987798680177 ], [ 2.59744946294992, 41.977046703742623 ], [ 2.597476387004203, 41.977122812724708 ], [ 2.59748205970991, 41.977161015532914 ], [ 2.597471687480372, 41.977197649862525 ], [ 2.597438261108123, 41.977235000444033 ], [ 2.597366536670873, 41.977277885508187 ], [ 2.597285677865494, 41.977314350948113 ], [ 2.597205183005812, 41.977349553069899 ], [ 2.597123151134399, 41.977380790404865 ], [ 2.597004498154328, 41.977400821819764 ], [ 2.596944808327048, 41.977410070187453 ], [ 2.596891329308834, 41.977430325779153 ], [ 2.596765563463213, 41.977524723538913 ], [ 2.596658438684912, 41.977630627837364 ], [ 2.596510735569384, 41.977777551746222 ], [ 2.596378679312005, 41.977931465615235 ], [ 2.596235193149115, 41.978156218083491 ], [ 2.596097959757228, 41.978383071102876 ], [ 2.596003929968616, 41.978536574299241 ], [ 2.595887727218665, 41.978684143224285 ], [ 2.595786844108958, 41.978756118887432 ], [ 2.595599791309274, 41.978826251712363 ], [ 2.595400260970734, 41.978883551676638 ], [ 2.595158984677325, 41.978957279074194 ], [ 2.594913099308662, 41.979015946748603 ], [ 2.594679121480816, 41.979042412935513 ], [ 2.59456158361483, 41.97903713429038 ], [ 2.594449953433446, 41.979014314275936 ], [ 2.59428792435117, 41.978963934856154 ], [ 2.594126502352736, 41.978912656686084 ], [ 2.593941590658489, 41.978853457597431 ], [ 2.59375681013935, 41.978793994779153 ], [ 2.59358353017719, 41.978727811965626 ], [ 2.593410275499748, 41.978658659478221 ], [ 2.593228724227147, 41.978602532510799 ], [ 2.593040361928703, 41.978573497514759 ], [ 2.592924463360769, 41.978576509147857 ], [ 2.59280862597624, 41.978589430927698 ], [ 2.592600543806417, 41.978624451903855 ], [ 2.592391523923856, 41.978655055901378 ], [ 2.592218034838648, 41.978659394365728 ], [ 2.592044134587141, 41.97865382556359 ], [ 2.591962843950043, 41.978643360020143 ], [ 2.591882130833127, 41.978636405473488 ], [ 2.59180394481313, 41.978651078582011 ], [ 2.591692489475657, 41.978695626450168 ], [ 2.591580450240852, 41.978735943497682 ], [ 2.591464590968181, 41.978752013477433 ], [ 2.591348728802886, 41.978768715598541 ], [ 2.591299189005678, 41.978794658607463 ], [ 2.591237253224333, 41.978853340860269 ], [ 2.591203429836956, 41.978876191051839 ], [ 2.591162693187927, 41.978885319260378 ], [ 2.591035351375415, 41.978884867497207 ], [ 2.590908004743417, 41.978884414674951 ], [ 2.590792250552072, 41.978884003032789 ], [ 2.590676490322163, 41.978883592153061 ], [ 2.590607263953508, 41.978893342718457 ], [ 2.590511766279992, 41.978933897841429 ], [ 2.590421157221413, 41.978983291464353 ], [ 2.590118611046519, 41.97914190544266 ], [ 2.589817033019996, 41.979299709674969 ], [ 2.589544678605737, 41.97941834489027 ], [ 2.589409220683654, 41.979478751932604 ], [ 2.589282868934726, 41.979549271663807 ], [ 2.589125646404005, 41.979670572989619 ], [ 2.588980209915464, 41.979799658432263 ], [ 2.588794446083678, 41.979967064051273 ], [ 2.588607599525802, 41.980133562114609 ], [ 2.588482104493596, 41.980202105258314 ], [ 2.58835204848298, 41.980266759039637 ], [ 2.588257304604364, 41.980357837913878 ], [ 2.588165571298237, 41.980450550510859 ], [ 2.588021585345242, 41.980521817078724 ], [ 2.587947008385212, 41.980555868454751 ], [ 2.587886728183169, 41.98060041614437 ], [ 2.587778276706561, 41.980758273121687 ], [ 2.587676332534925, 41.980918138434454 ], [ 2.587571408118871, 41.981033947614428 ], [ 2.587466351078734, 41.981152104258754 ], [ 2.58739589542841, 41.981257947855767 ], [ 2.587349187985844, 41.981369645545854 ], [ 2.587357577802333, 41.981453349486486 ], [ 2.587371283148454, 41.981537340929819 ], [ 2.587346781398635, 41.981630386349352 ], [ 2.587300680619377, 41.981721545577884 ], [ 2.587224546067766, 41.981828272912985 ], [ 2.587175852903354, 41.981872769110765 ], [ 2.587114202775563, 41.981905243418055 ], [ 2.586998173106991, 41.981946805247702 ], [ 2.586882136703495, 41.981988265160005 ], [ 2.58675115935977, 41.982007158998634 ], [ 2.58662030080077, 41.982025965750708 ], [ 2.586522562117259, 41.982058217015421 ], [ 2.58643447538862, 41.98210914767705 ], [ 2.586402122683744, 41.982146139507158 ], [ 2.586398377227255, 41.982165309321068 ], [ 2.586410859311426, 41.982176075831305 ], [ 2.586514682205442, 41.982194009228913 ], [ 2.58661910952266, 41.982210326210357 ], [ 2.586677007651438, 41.982218102083152 ], [ 2.586734766781638, 41.982227587793147 ], [ 2.586747648217497, 41.982234103655117 ], [ 2.586761120405499, 41.982240921564276 ], [ 2.586784309432605, 41.982276582282978 ], [ 2.586780460966881, 41.982311513411588 ], [ 2.586709334392982, 41.982390063937764 ], [ 2.586617484197349, 41.982461788397394 ], [ 2.586524643369825, 41.982520540510215 ], [ 2.586431440649452, 41.982578481543854 ], [ 2.5863617524219, 41.982621011253023 ], [ 2.58629195566925, 41.982661830161753 ], [ 2.58627938540628, 41.982664486862447 ], [ 2.586274826284729, 41.982641325992489 ], [ 2.586283582203676, 41.982575607055232 ], [ 2.586282324802132, 41.982545517543912 ], [ 2.586269646071368, 41.98252763954563 ], [ 2.586166888157204, 41.982513131400047 ], [ 2.586134663243578, 41.982510202448147 ], [ 2.586109102642701, 41.98250787934515 ], [ 2.586061512109561, 41.982493388952932 ], [ 2.586017605621731, 41.982451529747479 ], [ 2.585969348079981, 41.982409202698086 ], [ 2.585876614905091, 41.982375814637678 ], [ 2.585828249535102, 41.982369521026094 ], [ 2.585784392375384, 41.982375030689823 ], [ 2.585727691804018, 41.982406530472772 ], [ 2.585668197482099, 41.982441626415223 ], [ 2.585587246139155, 41.982470963464515 ], [ 2.585505752571213, 41.982491389100772 ], [ 2.585447975896621, 41.982484785744532 ], [ 2.585361325083516, 41.982443670793778 ], [ 2.585317977259464, 41.982426853682924 ], [ 2.585274543557509, 41.982423459786617 ], [ 2.5852272584614, 41.982436345025135 ], [ 2.585181736067723, 41.982456622983598 ], [ 2.58514515942798, 41.982493872095795 ], [ 2.585111895293708, 41.982523472994664 ], [ 2.585059212378806, 41.982512837552001 ], [ 2.584975703474471, 41.982452279259512 ], [ 2.58493027259686, 41.982422394800139 ], [ 2.584881005808441, 41.982405283221645 ], [ 2.584765344228798, 41.98238964365887 ], [ 2.584649588865589, 41.982387700083486 ], [ 2.58450992363308, 41.98240601502561 ], [ 2.584371376132398, 41.982436951288349 ], [ 2.58416803290832, 41.982502774207447 ], [ 2.583976761929057, 41.982586389958236 ], [ 2.583849880029041, 41.982662305741528 ], [ 2.583744143218048, 41.982753253629959 ], [ 2.583696097181146, 41.982828015799221 ], [ 2.583650460013141, 41.982903778317912 ], [ 2.583628824350999, 41.98292619490617 ], [ 2.583598682272871, 41.982957448602704 ], [ 2.583534038225837, 41.983003961423506 ], [ 2.583422049019826, 41.983053543014591 ], [ 2.583301964164839, 41.983086883106949 ], [ 2.583233878655153, 41.983096302810218 ], [ 2.58318584872878, 41.983102943780764 ], [ 2.583070093655264, 41.983119638814614 ], [ 2.582830968147991, 41.983190826165242 ], [ 2.582605941054241, 41.983285577986038 ], [ 2.582464174464333, 41.983385122942352 ], [ 2.582326744770941, 41.983485772406496 ], [ 2.582199474559147, 41.983527818064729 ], [ 2.582071489332439, 41.983568603647562 ], [ 2.581989452585502, 41.983634959710848 ], [ 2.581908496807676, 41.983702126648801 ], [ 2.581803845206573, 41.983737051606802 ], [ 2.581625962345117, 41.983765499513289 ], [ 2.581541214348123, 41.983784914330172 ], [ 2.581467727285724, 41.983817881942031 ], [ 2.581363546783961, 41.983910004155497 ], [ 2.581258164822447, 41.984001577887561 ], [ 2.581143878925501, 41.984070061967259 ], [ 2.581025632205527, 41.984134841445339 ], [ 2.580932411866297, 41.984175572491729 ], [ 2.58083990384726, 41.984217928163545 ], [ 2.580738772067491, 41.984287271365176 ], [ 2.580719641020078, 41.984305453504902 ], [ 2.580195365882551, 41.984515697644788 ], [ 2.579651222425054, 41.984654477095965 ], [ 2.579139794132628, 41.984906643529762 ], [ 2.578792416385312, 41.985117956524959 ], [ 2.578343871287823, 41.985237789099543 ], [ 2.577712064938602, 41.985372134779027 ], [ 2.576958739781384, 41.985414925025935 ], [ 2.576490746916291, 41.985398018762552 ], [ 2.57606375722469, 41.985335709010606 ], [ 2.575595972911902, 41.985288433900962 ], [ 2.574944810396952, 41.985270845827849 ], [ 2.574252846475425, 41.985268288888442 ], [ 2.573642010727623, 41.985307876775721 ], [ 2.573174096300084, 41.985279479190737 ], [ 2.57288967758485, 41.985202500590034 ], [ 2.572401430357402, 41.985170317963892 ], [ 2.571952473512483, 41.985350862258819 ], [ 2.571462503024689, 41.985576808300969 ], [ 2.570951497670764, 41.985838286872671 ], [ 2.570624297348156, 41.986135516415025 ], [ 2.570499946139833, 41.986469111048102 ], [ 2.570335186252387, 41.986757002201898 ], [ 2.570149873316642, 41.987075187508317 ], [ 2.569963946600299, 41.987484475268772 ], [ 2.569870468841775, 41.987765041888998 ], [ 2.569623786594517, 41.988128549309479 ], [ 2.569498494568082, 41.988598803542544 ], [ 2.56943427579143, 41.989069277672414 ], [ 2.569329339338716, 41.989539613389894 ], [ 2.569184409603056, 41.989903500531064 ], [ 2.569140535374614, 41.990374058840665 ], [ 2.569117112543201, 41.99082950863891 ], [ 2.569236576527195, 41.991224746571021 ], [ 2.569295384687305, 41.991559034835923 ], [ 2.569008691731573, 41.991816096735519 ], [ 2.568578900639238, 41.992163735115504 ], [ 2.568190841247744, 41.992359678486586 ], [ 2.567559554096225, 41.992402865003747 ], [ 2.566949859884637, 41.992263908718037 ], [ 2.565771798703696, 41.991895042268609 ], [ 2.564553666397031, 41.991434903123867 ], [ 2.563883227877922, 41.991250152562387 ], [ 2.563578541963828, 41.991157889642906 ], [ 2.563253405822646, 41.991080734231673 ], [ 2.562928464967336, 41.990973206404355 ], [ 2.562685158232133, 41.990835621832417 ], [ 2.562462930056785, 41.990591823249943 ], [ 2.562158977744919, 41.990393269119046 ], [ 2.561915674878575, 41.990255682920548 ], [ 2.561102786572793, 41.990070369699424 ], [ 2.560512533397628, 41.990068116908347 ], [ 2.560085110423255, 41.990066485179653 ], [ 2.55979943832463, 41.990171686640473 ], [ 2.559655393602708, 41.990398905286845 ], [ 2.559613226934242, 41.990611326693681 ], [ 2.559224834273127, 41.990852795968351 ], [ 2.558714317455093, 41.991093794528766 ], [ 2.558243876118729, 41.991426048221676 ], [ 2.557773948164221, 41.991682379465992 ], [ 2.557407160360494, 41.991741712184549 ], [ 2.557020542370673, 41.991725038432534 ], [ 2.556607626794782, 41.99137420507774 ], [ 2.556536472181718, 41.991085424623989 ], [ 2.556407576595609, 41.990594463013529 ], [ 2.556409682693226, 41.990290773986516 ], [ 2.556270577243057, 41.98980433817762 ], [ 2.555947875718183, 41.989377926714475 ], [ 2.555665569416006, 41.988997222740906 ], [ 2.555363758038432, 41.988494966123156 ], [ 2.555264949993102, 41.988069412416245 ], [ 2.554923394772442, 41.987430341662133 ], [ 2.554541032980978, 41.986806292214872 ], [ 2.554219945733301, 41.986152112531364 ], [ 2.553938087821496, 41.985710667640426 ], [ 2.553614998090293, 41.98534498516414 ], [ 2.553252379405343, 41.98481211668399 ], [ 2.552443410608734, 41.984080114112146 ], [ 2.551916085085498, 41.983819926099791 ], [ 2.551204745333082, 41.983680489301285 ], [ 2.550654722423915, 41.983754271119295 ], [ 2.550205288579818, 41.983995465826311 ], [ 2.549633205873164, 41.984312106534325 ], [ 2.549284980068823, 41.984629621672276 ], [ 2.54893600780832, 41.985053422213497 ], [ 2.548566884248326, 41.985446775560355 ], [ 2.548279065007077, 41.985855629267576 ], [ 2.547870843181337, 41.986021057946338 ], [ 2.547422993605909, 41.986034483872622 ], [ 2.547016381865889, 41.985972141936237 ], [ 2.546752668098248, 41.985849628227484 ], [ 2.54644846408713, 41.985696584391228 ], [ 2.545940420090145, 41.985588291175965 ], [ 2.545513998712334, 41.985449942119331 ], [ 2.545007254460175, 41.985159433466841 ], [ 2.544379057726358, 41.984777331922629 ], [ 2.543536914360037, 41.984430823689507 ], [ 2.543076539066992, 41.984201227265679 ], [ 2.542077257849493, 41.983635427112283 ], [ 2.541386403176648, 41.983480829570546 ], [ 2.540775866422428, 41.983478395218675 ], [ 2.54008381461148, 41.983490817213116 ], [ 2.539513430120037, 41.983564459562039 ], [ 2.539096889904714, 41.983638715938177 ], [ 2.538371268184712, 41.983820810733583 ], [ 2.537943423837125, 41.983968148852391 ], [ 2.537555654657903, 41.984118438876877 ], [ 2.536918803010547, 41.984355384930815 ], [ 2.536698713497087, 41.984418687387489 ], [ 2.536027129222118, 41.984415983183837 ], [ 2.535469782574462, 41.984413735564019 ], [ 2.534867110364209, 41.984411302502053 ], [ 2.534378684181355, 41.984409328809406 ], [ 2.533890367609906, 41.984392166452942 ], [ 2.533381811032696, 41.984359739927463 ], [ 2.532811980870767, 41.984357429562976 ], [ 2.531997381372846, 41.984430044924139 ], [ 2.5315089540457, 41.984428058115917 ], [ 2.531000732822911, 41.984350065824401 ], [ 2.530431572395631, 41.984256636808119 ], [ 2.529760436137624, 41.984193160463391 ], [ 2.529436939980941, 41.983903329961151 ], [ 2.529153934413467, 41.983644032371949 ], [ 2.528728353920166, 41.98339933590276 ], [ 2.528261401527721, 41.983245576534976 ], [ 2.528060246359948, 41.982925877917346 ], [ 2.52790046854628, 41.982515234998566 ], [ 2.527822430819096, 41.982059379562337 ], [ 2.527826465808412, 41.981512746616566 ], [ 2.527829940990953, 41.981042035699645 ], [ 2.527937069736832, 41.980313611869725 ], [ 2.527940431806403, 41.979858085625473 ], [ 2.528004448038873, 41.979212245673907 ], [ 2.528014436136819, 41.979214354659327 ], [ 2.528211547839311, 41.979181660075973 ], [ 2.528524230142367, 41.979174562145232 ], [ 2.528720853427346, 41.979208874289618 ], [ 2.529009681703321, 41.979293819823994 ], [ 2.529310156150604, 41.97938719128436 ], [ 2.529489492584438, 41.979473665402196 ], [ 2.529506779558246, 41.97940474337652 ], [ 2.529542589287672, 41.97926249201246 ], [ 2.529543702863299, 41.979128750259285 ], [ 2.529509799003301, 41.978994228225162 ], [ 2.52946768623899, 41.978893452042691 ], [ 2.529395471242534, 41.978801106983184 ], [ 2.529345973086603, 41.978768477356667 ], [ 2.529284681393714, 41.978748051124107 ], [ 2.529154303758955, 41.978717076631241 ], [ 2.529083709951813, 41.978682475272272 ], [ 2.52904006287282, 41.978626722375772 ], [ 2.528991923615766, 41.978573203599673 ], [ 2.528907089757797, 41.978521157232933 ], [ 2.528818983067738, 41.978471979504583 ], [ 2.528709180801954, 41.978417400511027 ], [ 2.528599743764085, 41.978362097874943 ], [ 2.528461457561372, 41.978274979471465 ], [ 2.52833471725647, 41.978176733762908 ], [ 2.528263755814351, 41.978109165976967 ], [ 2.528208430825208, 41.978033730233548 ], [ 2.528180517440122, 41.977971466794649 ], [ 2.528163125927322, 41.977907900997351 ], [ 2.528159488012074, 41.977844929423583 ], [ 2.528152464868417, 41.977782212334219 ], [ 2.528128428682241, 41.977734827622569 ], [ 2.528095209203501, 41.977689747791977 ], [ 2.528039923847103, 41.977624223065177 ], [ 2.528030693731984, 41.977616354720034 ], [ 2.527968795060178, 41.977563585936799 ], [ 2.527898411402142, 41.977516642867634 ], [ 2.527824041715504, 41.977486431264282 ], [ 2.527772492720555, 41.977487387399101 ], [ 2.527662201685288, 41.977515308288574 ], [ 2.527552020890082, 41.977545121826942 ], [ 2.527476552809674, 41.977565705800558 ], [ 2.527401202235329, 41.977586389281512 ], [ 2.527290239092047, 41.977624028845668 ], [ 2.527180605877309, 41.977660866781946 ], [ 2.527139450081908, 41.977660425270386 ], [ 2.527099741916947, 41.977643780403255 ], [ 2.527063871597262, 41.977613999793149 ], [ 2.527030652016403, 41.977584866864021 ], [ 2.526961468983201, 41.977538555031884 ], [ 2.526882610122969, 41.977494726050885 ], [ 2.526811131964822, 41.97744867757114 ], [ 2.526742537810322, 41.977404710668424 ], [ 2.526696799436867, 41.977371288395624 ], [ 2.526640172173375, 41.977340342174223 ], [ 2.52660408946335, 41.977340106025231 ], [ 2.526511197493375, 41.97736593145023 ], [ 2.526418378212357, 41.977398064470975 ], [ 2.526303761755019, 41.977440013915547 ], [ 2.526186138072573, 41.977480868232043 ], [ 2.526093903512339, 41.977499049368745 ], [ 2.526000673916307, 41.977505236643722 ], [ 2.525871757237391, 41.977506329098333 ], [ 2.525746184497245, 41.977479056105523 ], [ 2.525668611591823, 41.977441631743169 ], [ 2.525596232790351, 41.977403053421803 ], [ 2.52550980153581, 41.977356043473812 ], [ 2.52542322842727, 41.97731011097251 ], [ 2.525371827360007, 41.977307740477634 ], [ 2.525318819013485, 41.977326433518442 ], [ 2.525244234611887, 41.977374403558706 ], [ 2.525167625490684, 41.977418040172566 ], [ 2.525059000160362, 41.977449562713844 ], [ 2.524947274774689, 41.977475761090737 ], [ 2.524872082792877, 41.977490764862111 ], [ 2.524796454866202, 41.977500270909665 ], [ 2.52469219353195, 41.97749677882387 ], [ 2.524588251428165, 41.977482662796888 ], [ 2.52451269664451, 41.97746578121891 ], [ 2.524437984717111, 41.977448534709858 ], [ 2.524355707596041, 41.97744306185087 ], [ 2.524275762907219, 41.977464617707291 ], [ 2.524198479037593, 41.977534097317225 ], [ 2.524135658285306, 41.97760643159549 ], [ 2.524045602142156, 41.977688743098966 ], [ 2.523937677766183, 41.977756477896484 ], [ 2.523845885579831, 41.977779787457074 ], [ 2.523752211512361, 41.977797592366962 ], [ 2.523693318102397, 41.977812211742965 ], [ 2.523636082683522, 41.97783061896817 ], [ 2.523599334204987, 41.9778550555842 ], [ 2.523573981561066, 41.977887737351672 ], [ 2.523519399697289, 41.977955779575055 ], [ 2.523478723140467, 41.977987854616373 ], [ 2.523437914824068, 41.978005703062557 ], [ 2.523413974085456, 41.977994702906535 ], [ 2.523391938395532, 41.977972005587475 ], [ 2.523373362281987, 41.977937794991739 ], [ 2.523357676051373, 41.977904854622928 ], [ 2.523307175354857, 41.977845471123459 ], [ 2.523254380625621, 41.977787157073671 ], [ 2.523202852246995, 41.977737410899074 ], [ 2.523150846592476, 41.977686123478755 ], [ 2.523119897792643, 41.977644561542249 ], [ 2.523116708474023, 41.977602214245401 ], [ 2.523144454628941, 41.977556127085066 ], [ 2.523175330927927, 41.977510320416663 ], [ 2.523204972881722, 41.977468653482489 ], [ 2.523233891964632, 41.977426799802217 ], [ 2.523242987903282, 41.977389460797603 ], [ 2.523234453702104, 41.977351326241603 ], [ 2.523199281254678, 41.97729281694599 ], [ 2.52316580514397, 41.977233770681991 ], [ 2.523155650100281, 41.977187526986469 ], [ 2.523143318070499, 41.977141540844563 ], [ 2.523114847084131, 41.977074321085425 ], [ 2.523086505820515, 41.977007194626076 ], [ 2.523081565211105, 41.976973574717412 ], [ 2.523063050016205, 41.976947922457406 ], [ 2.523024667610639, 41.97693109705115 ], [ 2.522932898931001, 41.976903339062233 ], [ 2.522897039167909, 41.976872298059952 ], [ 2.522885466795492, 41.976822081909873 ], [ 2.522874614637919, 41.97677159584935 ], [ 2.522855504411813, 41.97671216246377 ], [ 2.522829142199295, 41.976654049932769 ], [ 2.522751442198809, 41.976585187984988 ], [ 2.522668171686616, 41.976519270520868 ], [ 2.522619175687247, 41.976453229827101 ], [ 2.522576470682317, 41.97638477896939 ], [ 2.522496129279558, 41.976217007204227 ], [ 2.522417003438393, 41.97604879370423 ], [ 2.522344268855018, 41.975928431265245 ], [ 2.522250967230026, 41.975815638861846 ], [ 2.522197450756382, 41.975772364248542 ], [ 2.522132571104983, 41.975733188082536 ], [ 2.521958831935682, 41.97564374633572 ], [ 2.52186482129382, 41.975577157593769 ], [ 2.521801390564768, 41.975504567114903 ], [ 2.521773248649387, 41.975425912604393 ], [ 2.521784006076946, 41.975359035134616 ], [ 2.521797430451187, 41.975291902174504 ], [ 2.521797356463876, 41.975107529864232 ], [ 2.521800187063147, 41.974923082282096 ], [ 2.521827390345175, 41.974787373151528 ], [ 2.521884732015704, 41.974656022667794 ], [ 2.52194173460449, 41.974571596413085 ], [ 2.521998515665204, 41.97451580772826 ], [ 2.522065492909065, 41.974468619604522 ], [ 2.522197901331735, 41.974371447436724 ], [ 2.52225612154521, 41.97431764698085 ], [ 2.522303247509673, 41.974261366728719 ], [ 2.522314777185344, 41.974221068403324 ], [ 2.522299285202217, 41.974145528007334 ], [ 2.522269673811244, 41.974070016218967 ], [ 2.522207789285503, 41.973936186990393 ], [ 2.522155940294964, 41.97380132139768 ], [ 2.522153967389523, 41.973692422480184 ], [ 2.522180612184896, 41.973583461638547 ], [ 2.522215338520139, 41.973474529918882 ], [ 2.522251757154617, 41.973365887137888 ], [ 2.522320302963405, 41.973172876486217 ], [ 2.522393556314366, 41.97298088601292 ], [ 2.52249775759997, 41.972813340437789 ], [ 2.522604363828386, 41.972646436131377 ], [ 2.522654004672106, 41.972496409365796 ], [ 2.52269931101774, 41.972345105420395 ], [ 2.52273700205572, 41.972242854388014 ], [ 2.522793377930988, 41.972144282780583 ], [ 2.522908433561371, 41.972042352342527 ], [ 2.523049407787125, 41.971960971925647 ], [ 2.523293531135089, 41.971836071602638 ], [ 2.523537535018403, 41.971711526024855 ], [ 2.523669851768189, 41.971641461827971 ], [ 2.523793310203008, 41.971561723587087 ], [ 2.523845745934867, 41.971505731293824 ], [ 2.523886755335637, 41.97144474782344 ], [ 2.523931732676613, 41.971368738736686 ], [ 2.523980442318345, 41.971294270838179 ], [ 2.524036410030774, 41.971234428333382 ], [ 2.524097168724278, 41.971177395930248 ], [ 2.5242298781865, 41.971071843686943 ], [ 2.524353448132239, 41.970960489147146 ], [ 2.524429974048415, 41.970845615239412 ], [ 2.524494105952647, 41.97072634962516 ], [ 2.524555075514511, 41.970609517090594 ], [ 2.524611585208989, 41.970492212116852 ], [ 2.524628866303424, 41.970423475333646 ], [ 2.524612581798573, 41.970358017598102 ], [ 2.524573469269756, 41.970342633441625 ], [ 2.524514701233374, 41.970358060782772 ], [ 2.524403660912168, 41.970424251175686 ], [ 2.524348375956514, 41.97050634680199 ], [ 2.524298259528086, 41.970591434219898 ], [ 2.524240080740296, 41.970624788056135 ], [ 2.524101034569614, 41.970657720208585 ], [ 2.523961884539422, 41.970690641854283 ], [ 2.523787900526687, 41.970731808567166 ], [ 2.523613921675532, 41.97077306240206 ], [ 2.523454254144764, 41.970821126786291 ], [ 2.523300294512623, 41.970880114532875 ], [ 2.522987256177094, 41.970988340019431 ], [ 2.522755943381252, 41.971030614349026 ], [ 2.522523555139111, 41.971070272702683 ], [ 2.522325040383366, 41.97111619156864 ], [ 2.522129244353416, 41.971169240286763 ], [ 2.521857359124598, 41.971261603886965 ], [ 2.521595266252097, 41.97136814272946 ], [ 2.52136219718734, 41.971483004361588 ], [ 2.521130419892345, 41.971600929573661 ], [ 2.520993882296577, 41.971655841109992 ], [ 2.520851847426496, 41.971700373661008 ], [ 2.520723758191535, 41.971721278492979 ], [ 2.520590312200484, 41.971716309844631 ], [ 2.52050462837993, 41.971698927583624 ], [ 2.5204182295942, 41.971664879916908 ], [ 2.520343175044014, 41.971614398261288 ], [ 2.520260493148261, 41.971534437348119 ], [ 2.520205515771909, 41.971446211446889 ], [ 2.52018497845054, 41.971336242331979 ], [ 2.520160805819311, 41.97122805845239 ], [ 2.520126550433578, 41.971160905580284 ], [ 2.520092418910983, 41.971093661346899 ], [ 2.520046766222181, 41.971001333071072 ], [ 2.52000111435386, 41.970908912911064 ], [ 2.519978440708866, 41.970858018636072 ], [ 2.519955642593831, 41.970808114570517 ], [ 2.519938315295886, 41.970801470843377 ], [ 2.51991154689012, 41.970813874588956 ], [ 2.519862578086928, 41.970857986268136 ], [ 2.519827613518125, 41.970917467854953 ], [ 2.519792304686403, 41.970975051183785 ], [ 2.519708648221604, 41.971057474417506 ], [ 2.519628959226496, 41.971142075792798 ], [ 2.519582111612544, 41.971225556312916 ], [ 2.519535137562505, 41.971309302881131 ], [ 2.519459048881812, 41.97141229102494 ], [ 2.519371538687031, 41.971509832697592 ], [ 2.519290108096058, 41.971585148759409 ], [ 2.519208329472843, 41.971660015672853 ], [ 2.519069370882612, 41.971793453912497 ], [ 2.518928481696542, 41.971927068527286 ], [ 2.518823150409837, 41.972003003729839 ], [ 2.518694959350804, 41.972052816403377 ], [ 2.518603418146908, 41.972059820767299 ], [ 2.518473858770198, 41.972050899414924 ], [ 2.518344305431583, 41.972041982445027 ], [ 2.518170762162663, 41.972024502701792 ], [ 2.517997212963336, 41.972007021770672 ], [ 2.517835360278385, 41.972007787693791 ], [ 2.51767303850185, 41.972022417197905 ], [ 2.517475957187473, 41.972036994052168 ], [ 2.5172792210833, 41.972054273122033 ], [ 2.517046308283175, 41.972082385117922 ], [ 2.516815625823252, 41.972119424439654 ], [ 2.516595118683676, 41.972167496090343 ], [ 2.516374956624536, 41.972218090639949 ], [ 2.516109202116962, 41.972264352237467 ], [ 2.515841837711771, 41.972299703847433 ], [ 2.515633703654066, 41.972307203014367 ], [ 2.515425220037873, 41.97228119639172 ], [ 2.515268686505126, 41.972232978520481 ], [ 2.515125115067375, 41.972162574093879 ], [ 2.514977751097416, 41.972066481733194 ], [ 2.514848810882504, 41.971960289495421 ], [ 2.514789718080781, 41.971874560989086 ], [ 2.514742748522247, 41.971781593689933 ], [ 2.514688626694397, 41.971724893046165 ], [ 2.514622270664224, 41.971689127111894 ], [ 2.514550091743761, 41.971673960908184 ], [ 2.514456153870588, 41.971679508060824 ], [ 2.514364584370001, 41.971706772148558 ], [ 2.514187852076129, 41.971806814538688 ], [ 2.514015713701228, 41.971906424866766 ], [ 2.51384069639495, 41.971987286153073 ], [ 2.513658886851139, 41.972056769083935 ], [ 2.513528176352102, 41.972088823958302 ], [ 2.513296659369727, 41.972107748349629 ], [ 2.513064960620679, 41.972103614410628 ], [ 2.512844747867468, 41.972097010476993 ], [ 2.512625428927024, 41.972068158920763 ], [ 2.512514660481385, 41.972032743620538 ], [ 2.512415343643559, 41.971983237268169 ], [ 2.512233273404957, 41.97186537525328 ], [ 2.512152510639001, 41.971788745535456 ], [ 2.512072459149875, 41.971713829150978 ], [ 2.512004742715539, 41.971698679412711 ], [ 2.511928251184244, 41.97169484974885 ], [ 2.511887454944569, 41.971679448713957 ], [ 2.511817844910539, 41.971612771719983 ], [ 2.511749568098101, 41.97154474845096 ], [ 2.511694868349166, 41.971501195488912 ], [ 2.511634465824511, 41.971460501279175 ], [ 2.511532137930312, 41.971426651168208 ], [ 2.511426295682679, 41.971426110716813 ], [ 2.511381035173199, 41.971441679778117 ], [ 2.51133930980035, 41.971468609580306 ], [ 2.511256761691768, 41.971531315737202 ], [ 2.511193791494654, 41.971559234941473 ], [ 2.511089855573712, 41.971577528953723 ], [ 2.510985359958803, 41.971575102428169 ], [ 2.510879844532966, 41.971547903100266 ], [ 2.510777442007344, 41.971507121361242 ], [ 2.510675605158727, 41.971456155389681 ], [ 2.510593079121262, 41.971388974968249 ], [ 2.510545916216614, 41.971306814040254 ], [ 2.510524968736894, 41.971221065823165 ], [ 2.510514718837167, 41.971061782256506 ], [ 2.510504232429636, 41.970902498576855 ], [ 2.510474122123894, 41.970783661270296 ], [ 2.510413458521187, 41.970667396566775 ], [ 2.510353487313182, 41.970602741249678 ], [ 2.510275327564241, 41.970566199219242 ], [ 2.51021757025661, 41.970574148005248 ], [ 2.510159323346783, 41.970599212766579 ], [ 2.510083013769879, 41.970634825597799 ], [ 2.510019774505683, 41.970682469441812 ], [ 2.509969234405872, 41.970772773548077 ], [ 2.509948846593268, 41.970866539713136 ], [ 2.509952529724038, 41.970968151664295 ], [ 2.509962738481436, 41.971069790567363 ], [ 2.509946793148505, 41.971134754320801 ], [ 2.509900591642845, 41.971210394223043 ], [ 2.509853066232618, 41.971285220554343 ], [ 2.509817196264864, 41.971351984316634 ], [ 2.509782523064843, 41.971419118848203 ], [ 2.509746461774856, 41.971510655535916 ], [ 2.509711716736272, 41.971603189467125 ], [ 2.509670138117708, 41.971673983605612 ], [ 2.509607385731983, 41.97173586524525 ], [ 2.509548345374789, 41.971770106806495 ], [ 2.509455728584069, 41.971791690997549 ], [ 2.509362962047601, 41.971786070707701 ], [ 2.509270645730639, 41.971768655322258 ], [ 2.509178082723294, 41.971751780109173 ], [ 2.509062637940827, 41.971743807346435 ], [ 2.508946605928024, 41.97173403872651 ], [ 2.508839404601217, 41.971706737544636 ], [ 2.508738806774473, 41.971666049074969 ], [ 2.5086360246903, 41.971598329336587 ], [ 2.508531541295552, 41.971531048953629 ], [ 2.508407676731608, 41.971488009819019 ], [ 2.508277279692894, 41.971462956826002 ], [ 2.508138371780412, 41.971462183448224 ], [ 2.507999455073011, 41.97146176923107 ], [ 2.50788180292893, 41.971443520911578 ], [ 2.507768361958515, 41.971410519577049 ], [ 2.507684178722092, 41.971371340727465 ], [ 2.507606926309045, 41.971325978736445 ], [ 2.507469639595779, 41.971239823700238 ], [ 2.507353693447025, 41.971140434697908 ], [ 2.507282707427937, 41.971048619517745 ], [ 2.507216199891114, 41.970955472514191 ], [ 2.507161331711503, 41.970871294750403 ], [ 2.507101754762708, 41.97078736874456 ], [ 2.507066556171336, 41.970765779023345 ], [ 2.507018213938335, 41.970758636305483 ], [ 2.506916626092758, 41.970769822249999 ], [ 2.506810331744843, 41.970796745068839 ], [ 2.506712959414862, 41.970840643182598 ], [ 2.506661072214469, 41.970886084980954 ], [ 2.506647550658159, 41.970918989514047 ], [ 2.506651628557756, 41.970952965815194 ], [ 2.506660038602115, 41.971020191769455 ], [ 2.506640253234872, 41.971097653337367 ], [ 2.506589482307776, 41.971170758503213 ], [ 2.506526408237009, 41.971211918118946 ], [ 2.50645836639594, 41.971239005026518 ], [ 2.506310884109748, 41.971270076213244 ], [ 2.50614885990932, 41.971293429881811 ], [ 2.505986458868732, 41.971302278248089 ], [ 2.505824421115253, 41.97129581839895 ], [ 2.505662418973183, 41.97128413280052 ], [ 2.505476099435022, 41.971264688354076 ], [ 2.505292420355009, 41.971232194401189 ], [ 2.505234075075279, 41.971192132555984 ], [ 2.505177327246074, 41.971147936296063 ], [ 2.505063891653442, 41.971115112446036 ], [ 2.504946237049959, 41.971096593609516 ], [ 2.504818473067602, 41.971090732264528 ], [ 2.504691586281628, 41.971095497937483 ], [ 2.504564418130814, 41.971122241249823 ], [ 2.504436428213148, 41.971144747735693 ], [ 2.504297692414398, 41.97113712718113 ], [ 2.504158735748372, 41.971126709832483 ], [ 2.503915576448714, 41.971137997614754 ], [ 2.503672476648012, 41.971141454734266 ], [ 2.503533141311564, 41.971101946127185 ], [ 2.503395304945935, 41.971056403056735 ], [ 2.503256903412471, 41.971036713743416 ], [ 2.503117742668123, 41.971021701747325 ], [ 2.503059552171358, 41.971023881682576 ], [ 2.503002006530961, 41.971021201675107 ], [ 2.502987028252646, 41.971006814414274 ], [ 2.502991799856481, 41.970983597844921 ], [ 2.503025829221394, 41.970937449037613 ], [ 2.503084080673582, 41.970896359637493 ], [ 2.503142216820617, 41.970854101542358 ], [ 2.503168185965795, 41.970820255154393 ], [ 2.503165908391773, 41.970787189891581 ], [ 2.503113771409296, 41.970756523481072 ], [ 2.503050564018821, 41.970736342436538 ], [ 2.502946695289201, 41.970714819854656 ], [ 2.502842396128947, 41.97070194172511 ], [ 2.502744099898347, 41.97069313710243 ], [ 2.502646311722713, 41.9706972204499 ], [ 2.502587615469848, 41.970717594145555 ], [ 2.502455660981436, 41.970800426885496 ], [ 2.502331663328098, 41.970884193731763 ], [ 2.502145377015787, 41.971000565613153 ], [ 2.501959335310998, 41.971117211152624 ], [ 2.501866286504496, 41.971209217756233 ], [ 2.501772763510625, 41.971300862858421 ], [ 2.501703646005309, 41.971326323777312 ], [ 2.501633458132555, 41.971350516371288 ], [ 2.501446928532153, 41.971466794182888 ], [ 2.501261241205007, 41.971583624754643 ], [ 2.501120629061148, 41.97164687024371 ], [ 2.50098236959439, 41.971716527730912 ], [ 2.500911942324096, 41.971786293519216 ], [ 2.500865332578679, 41.971866879860364 ], [ 2.500797839096593, 41.972024748117498 ], [ 2.500747103633469, 41.972184939075177 ], [ 2.50072621267078, 41.972310585905518 ], [ 2.50072196968288, 41.9724363051319 ], [ 2.500736530186699, 41.972488246898244 ], [ 2.500772463331994, 41.972539110736143 ], [ 2.500859192939787, 41.972638113633387 ], [ 2.500888501084842, 41.972702455938631 ], [ 2.50088170522396, 41.972738723289297 ], [ 2.500813736837624, 41.972817872038618 ], [ 2.500718437586394, 41.972888880544119 ], [ 2.500620307039924, 41.972936192704921 ], [ 2.50051883923876, 41.972978081754377 ], [ 2.500462733150562, 41.973021882972645 ], [ 2.500424739385805, 41.973096474836801 ], [ 2.500415334142716, 41.973172542099057 ], [ 2.500429699417842, 41.973218719677902 ], [ 2.500447808172285, 41.973264193910765 ], [ 2.500437466844667, 41.973289997162283 ], [ 2.500390917338185, 41.973331768392633 ], [ 2.500344245375559, 41.973373448103388 ], [ 2.500297572116909, 41.973415131391818 ], [ 2.500251017153414, 41.97345680526854 ], [ 2.500236939396634, 41.973497990043512 ], [ 2.500227188648592, 41.97354055816416 ], [ 2.500169849730337, 41.973572912691331 ], [ 2.500110923344847, 41.973607150777873 ], [ 2.500075298906181, 41.973656172984626 ], [ 2.500063792474581, 41.973707462711531 ], [ 2.500074921650504, 41.973766150916397 ], [ 2.500086042992019, 41.973824917443523 ], [ 2.50009717635237, 41.973883693027993 ], [ 2.500108304416365, 41.973942376719705 ], [ 2.500098610266589, 41.973962869719671 ], [ 2.500068205930853, 41.973977147997438 ], [ 2.499992457038029, 41.974001412628702 ], [ 2.499968730429282, 41.974025621898534 ], [ 2.499974496102703, 41.974076087975469 ], [ 2.499991116709459, 41.974126327526498 ], [ 2.500029278051686, 41.974185396457926 ], [ 2.500059601476334, 41.974243983612567 ], [ 2.500050043904431, 41.974277717009016 ], [ 2.500020936693705, 41.974311004998633 ], [ 2.499965978985788, 41.974377688809348 ], [ 2.499968038592932, 41.974439039515502 ], [ 2.499977788311467, 41.974504196609843 ], [ 2.499964669104656, 41.974545302657091 ], [ 2.499925022349972, 41.974583677615946 ], [ 2.49987157576793, 41.974611906773937 ], [ 2.499731187748817, 41.974644711650726 ], [ 2.499593207733039, 41.974677798853079 ], [ 2.499494927604698, 41.974728803917728 ], [ 2.499407033090232, 41.974794346817625 ], [ 2.499362716989823, 41.974842612159641 ], [ 2.499336726055019, 41.974894645634379 ], [ 2.499338209158921, 41.974936446655121 ], [ 2.499356704113873, 41.974978496593131 ], [ 2.499381760379129, 41.975062460659146 ], [ 2.499361292581648, 41.975147938371435 ], [ 2.4993110476163, 41.975229772713597 ], [ 2.499242977590483, 41.975291260673373 ], [ 2.499171210887581, 41.975346522366557 ], [ 2.499034375440667, 41.975449413771514 ], [ 2.498891794902571, 41.975546519268498 ], [ 2.498853544713118, 41.975560399103031 ], [ 2.498808383126298, 41.975563356986932 ], [ 2.49871362554163, 41.975562944166882 ], [ 2.49865991453836, 41.975579007192614 ], [ 2.498568001445808, 41.975648502929559 ], [ 2.498496758675787, 41.975729166192082 ], [ 2.498412858361828, 41.975853905883341 ], [ 2.498332694279247, 41.975979920969266 ], [ 2.498199724757266, 41.976204875818077 ], [ 2.498074475431888, 41.97643139088693 ], [ 2.498049575796264, 41.976511624198395 ], [ 2.498048673810289, 41.976596822428903 ], [ 2.498063127489332, 41.976770268473686 ], [ 2.498040550601012, 41.976878249766351 ], [ 2.498001007302322, 41.976934010964676 ], [ 2.497957156219814, 41.976969309077276 ], [ 2.497907901668307, 41.977000706170593 ], [ 2.497838251156282, 41.977048320599359 ], [ 2.497768322432374, 41.977083861232266 ], [ 2.497745520954433, 41.977082861712844 ], [ 2.497722205597328, 41.977070147671242 ], [ 2.497676021498004, 41.977033202001216 ], [ 2.497637282402606, 41.977001328121382 ], [ 2.497607149765861, 41.976965886523253 ], [ 2.497559846213497, 41.976856700636866 ], [ 2.497562513311206, 41.976747728935933 ], [ 2.497611371245672, 41.976673725114978 ], [ 2.497656399105097, 41.976597272712638 ], [ 2.497668639079713, 41.976513470593943 ], [ 2.497680759494702, 41.976429672452873 ], [ 2.497705535444962, 41.976287202604659 ], [ 2.497729344286133, 41.976144908649637 ], [ 2.497712732236725, 41.976031530281666 ], [ 2.497671857766629, 41.975918499685378 ], [ 2.497662322737007, 41.975842884809261 ], [ 2.497671845572979, 41.975750788257187 ], [ 2.497686812519333, 41.975658623655413 ], [ 2.497710843323709, 41.975549652633305 ], [ 2.497734871386743, 41.975440866228759 ], [ 2.497730793371158, 41.975314844182627 ], [ 2.49773684475072, 41.975189405049122 ], [ 2.4977778271441, 41.975103838142722 ], [ 2.497830725442417, 41.975022195310764 ], [ 2.497888843234884, 41.974938326316156 ], [ 2.497947913756326, 41.974855000056074 ], [ 2.498011615814502, 41.974781604956256 ], [ 2.498064846147499, 41.974704640627081 ], [ 2.498091274195605, 41.974612889933489 ], [ 2.498112514847148, 41.974520485186886 ], [ 2.498136345281994, 41.974436733656837 ], [ 2.498160176824967, 41.974352986628737 ], [ 2.498184801174625, 41.974260951518382 ], [ 2.498207974198425, 41.974168821792261 ], [ 2.498210866274436, 41.974076696185129 ], [ 2.498209420131961, 41.97398445974666 ], [ 2.498250474746763, 41.973920419813872 ], [ 2.498309238375976, 41.973860330124324 ], [ 2.498326476424039, 41.973817258992 ], [ 2.498321141034227, 41.973758425712148 ], [ 2.498304224317646, 41.973699803915252 ], [ 2.498270605106678, 41.973615714808886 ], [ 2.498236136593312, 41.97353189308037 ], [ 2.498201610400315, 41.973456353624222 ], [ 2.498167801886313, 41.97338072992919 ], [ 2.498155462720057, 41.973323119750887 ], [ 2.498159183709426, 41.973263781143068 ], [ 2.498192814782234, 41.973146117266936 ], [ 2.498250640713787, 41.97303702629798 ], [ 2.498310269250566, 41.972928753775584 ], [ 2.498334524186063, 41.972836629630535 ], [ 2.498334888242633, 41.972744401083773 ], [ 2.498290879071194, 41.972677200014871 ], [ 2.498243367063952, 41.972609890850372 ], [ 2.49824412476609, 41.972559637822968 ], [ 2.498244155422866, 41.972509289749489 ], [ 2.49820919809796, 41.972442307440787 ], [ 2.498175690265904, 41.97237487932167 ], [ 2.498175941634301, 41.972266436460735 ], [ 2.498177398000182, 41.972157010832746 ], [ 2.498153386975661, 41.972079534938487 ], [ 2.498109189901976, 41.972005756297662 ], [ 2.498028553114271, 41.971945961496381 ], [ 2.497948020822565, 41.971887787395779 ], [ 2.497884644187087, 41.971797171474257 ], [ 2.497833730831548, 41.97170282813012 ], [ 2.49782278635395, 41.971636757725783 ], [ 2.497815822362476, 41.97157053270395 ], [ 2.497788701650916, 41.97153501242952 ], [ 2.497708724296428, 41.971483415458295 ], [ 2.497627410668886, 41.97143370398549 ], [ 2.497522926097109, 41.97136731605714 ], [ 2.497420156335173, 41.971298682069879 ], [ 2.497404442937048, 41.971270335020499 ], [ 2.497411236740865, 41.971235326992606 ], [ 2.49742120934578, 41.971164574575539 ], [ 2.497370672507795, 41.971098787430748 ], [ 2.497329569231224, 41.971030062159819 ], [ 2.497307390556016, 41.970904231849296 ], [ 2.497285324226257, 41.970778399321759 ], [ 2.497262269537746, 41.970625090294078 ], [ 2.497239095440905, 41.97047178523821 ], [ 2.497188976567077, 41.970352944204137 ], [ 2.497125205304474, 41.970236566116 ], [ 2.497092825423639, 41.970102132918079 ], [ 2.497057915680573, 41.969968048892241 ], [ 2.497013238718756, 41.969909129621996 ], [ 2.496966152252159, 41.969850288942396 ], [ 2.49693842854815, 41.969783877413711 ], [ 2.496920986067471, 41.96971597979546 ], [ 2.496911924111546, 41.969640283088474 ], [ 2.496922171889799, 41.969565118628985 ], [ 2.496973313846355, 41.969446093400073 ], [ 2.497039750405196, 41.969330916156011 ], [ 2.497110416460406, 41.969230980486365 ], [ 2.497180241998424, 41.96913031605235 ], [ 2.497210619418961, 41.969072898216432 ], [ 2.497227505670919, 41.969013252481744 ], [ 2.497229171152626, 41.968954624492227 ], [ 2.497228428475391, 41.968895897690516 ], [ 2.497207588841644, 41.96876718743907 ], [ 2.497211223766311, 41.968703979169234 ], [ 2.49725345028009, 41.968644537170171 ], [ 2.497333183324051, 41.968603903207836 ], [ 2.497416051856969, 41.968578145739215 ], [ 2.497520643341677, 41.96853681346763 ], [ 2.497625129948434, 41.968495295103807 ], [ 2.497715006007082, 41.968453626258643 ], [ 2.497787875633714, 41.968395400725178 ], [ 2.497804385153696, 41.96833737715432 ], [ 2.497811967328607, 41.968278138257922 ], [ 2.497849167177673, 41.968211835273941 ], [ 2.497882532443304, 41.968144340134231 ], [ 2.497906229655199, 41.968077433169519 ], [ 2.497929802028736, 41.968010433784983 ], [ 2.497977195708951, 41.967876528856273 ], [ 2.498024589195188, 41.967742623003161 ], [ 2.498018737558343, 41.967704137987447 ], [ 2.497968475879341, 41.967649069321936 ], [ 2.497933090217129, 41.967591358282043 ], [ 2.497945126690042, 41.96745757072938 ], [ 2.497958364528265, 41.967323245322895 ], [ 2.497957866983255, 41.96726380084732 ], [ 2.497936114035943, 41.967205790052638 ], [ 2.497868541522269, 41.967143533958669 ], [ 2.497798135946637, 41.967087824097653 ], [ 2.497645005388303, 41.966947103840404 ], [ 2.497499515363436, 41.966801551408643 ], [ 2.497428793109976, 41.966709907771431 ], [ 2.497362065186326, 41.966616485644643 ], [ 2.497284237289087, 41.966522564539375 ], [ 2.497201445832407, 41.966431416415858 ], [ 2.497130581154509, 41.966388680958637 ], [ 2.496994302269675, 41.966345842610487 ], [ 2.496936826207963, 41.966318932792497 ], [ 2.496901658865684, 41.966279240249975 ], [ 2.496878585400106, 41.966220503825639 ], [ 2.496856234329371, 41.966161682296537 ], [ 2.49682298659217, 41.966077588886421 ], [ 2.496788167463138, 41.965993673214967 ], [ 2.496754653547779, 41.96594327081943 ], [ 2.49667646253556, 41.965880059593168 ], [ 2.49658107787837, 41.965825152740322 ], [ 2.496513853589893, 41.965795044921649 ], [ 2.496442569620491, 41.965774285308122 ], [ 2.496327150414152, 41.965765405491275 ], [ 2.496211243737779, 41.965756518915981 ], [ 2.4961503398893, 41.965735897438933 ], [ 2.496095912785649, 41.965705665403739 ], [ 2.496052107373344, 41.965644140308889 ], [ 2.496034009127115, 41.965612084433246 ], [ 2.496004275440713, 41.965587905159687 ], [ 2.495913815852564, 41.965551031839624 ], [ 2.49581956730248, 41.965520085319831 ], [ 2.495726470889335, 41.965495624993338 ], [ 2.495634720900738, 41.965468926941313 ], [ 2.495480987471404, 41.965406016171826 ], [ 2.495334934277634, 41.965333500003062 ], [ 2.49518402088411, 41.965250065990055 ], [ 2.495035290419107, 41.965164566239061 ], [ 2.494859674064108, 41.96506147413244 ], [ 2.494689706206119, 41.96494508482931 ], [ 2.494627155010914, 41.964873474751514 ], [ 2.494598340964067, 41.964793817978048 ], [ 2.494605699102914, 41.964747822604451 ], [ 2.494647399851726, 41.964678833022454 ], [ 2.494669182985474, 41.964609755757394 ], [ 2.494652819806246, 41.964542586625768 ], [ 2.49462402522813, 41.964475445630747 ], [ 2.494540841172495, 41.964372944509641 ], [ 2.4944635450533, 41.964273530626144 ], [ 2.494451364289222, 41.964180794584969 ], [ 2.494488170860902, 41.964089265885555 ], [ 2.494554555355372, 41.964011825958003 ], [ 2.494628260881, 41.963939015230523 ], [ 2.494722126618949, 41.963864851212847 ], [ 2.494814565512024, 41.963788880401957 ], [ 2.494841692193466, 41.963746486399799 ], [ 2.494851916127688, 41.963673756452494 ], [ 2.494839190108594, 41.963604615563987 ], [ 2.494811249059874, 41.963566484397518 ], [ 2.49474264016902, 41.963513313221476 ], [ 2.494714386338707, 41.963484997943759 ], [ 2.494701484101349, 41.96345315025345 ], [ 2.494712940363474, 41.963377811097317 ], [ 2.494725844160078, 41.96330239094484 ], [ 2.494719197670504, 41.963226885649263 ], [ 2.494703865680403, 41.963151428589882 ], [ 2.49467787448398, 41.963111230829071 ], [ 2.494616515563179, 41.963057104351357 ], [ 2.494594408712978, 41.963029623100248 ], [ 2.494589334500565, 41.962999967857684 ], [ 2.494611578654851, 41.962933415385812 ], [ 2.494636731353257, 41.962866063308446 ], [ 2.494667385921265, 41.962774239950789 ], [ 2.49468440199551, 41.96268190441991 ], [ 2.494676187393648, 41.962606479576827 ], [ 2.49466254689072, 41.962530943484815 ], [ 2.494650945663858, 41.962472076039262 ], [ 2.494640305253323, 41.962413486624605 ], [ 2.494653196748073, 41.962384812931738 ], [ 2.494709101500598, 41.962350380537011 ], [ 2.494756819226918, 41.962313393815563 ], [ 2.494777768061517, 41.962212783111305 ], [ 2.494804744559727, 41.962112477232083 ], [ 2.494856893948796, 41.962064248003237 ], [ 2.494959354439426, 41.962002194146955 ], [ 2.495005235889203, 41.961968620883269 ], [ 2.495037644319067, 41.961929039424504 ], [ 2.495071440748541, 41.961836690261066 ], [ 2.495108487815333, 41.961744982247083 ], [ 2.49519063560236, 41.961611230256551 ], [ 2.495272657504378, 41.96147748305436 ], [ 2.495226868305881, 41.961423594661937 ], [ 2.495180954894598, 41.961369705704655 ], [ 2.495173173719894, 41.961345719997126 ], [ 2.495183153395091, 41.961319735442565 ], [ 2.495228084776832, 41.96126931269356 ], [ 2.495274561973138, 41.961236008534613 ], [ 2.495436320996278, 41.961167817464364 ], [ 2.495599735115473, 41.961103323477985 ], [ 2.495715660842607, 41.961062494716892 ], [ 2.495831837039876, 41.961020489763619 ], [ 2.49591032776158, 41.960967963338966 ], [ 2.495971647547256, 41.960903832012107 ], [ 2.496000066142654, 41.960851445056086 ], [ 2.495995607480592, 41.960803336953965 ], [ 2.495983794064645, 41.96080174945206 ], [ 2.495968129909537, 41.960814564757129 ], [ 2.495929796296489, 41.960854922969148 ], [ 2.495902530214558, 41.960869934495548 ], [ 2.495838512337081, 41.96087740094648 ], [ 2.495771093124545, 41.960872871722074 ], [ 2.495740595828486, 41.960852470918965 ], [ 2.495745874648048, 41.960810612086981 ], [ 2.495764430094699, 41.960768724200797 ], [ 2.495765366035686, 41.960726846293426 ], [ 2.495741916150772, 41.960684856778528 ], [ 2.49568503948544, 41.96066038345483 ], [ 2.495626469084543, 41.960650847466162 ], [ 2.495557222374753, 41.96063279914901 ], [ 2.495487842501769, 41.96061664521293 ], [ 2.495418332684128, 41.960616966605599 ], [ 2.495348824852646, 41.960632788481853 ], [ 2.495276080126545, 41.96067588275988 ], [ 2.495213145585134, 41.960730188422779 ], [ 2.495162678847733, 41.960749330908584 ], [ 2.495082424818494, 41.960734746513211 ], [ 2.495000882091261, 41.960715112645829 ], [ 2.494919552817854, 41.960714755781417 ], [ 2.494838695773466, 41.960731154284645 ], [ 2.494760028373983, 41.960775573178097 ], [ 2.494699011641424, 41.960831145232177 ], [ 2.494599030100373, 41.960946353765998 ], [ 2.494512052165446, 41.961065045609473 ], [ 2.494479957807083, 41.961141547636373 ], [ 2.494453271409393, 41.961219798248031 ], [ 2.494417915225669, 41.961265753210213 ], [ 2.494351672045991, 41.961310857899669 ], [ 2.494278359279493, 41.961348996257819 ], [ 2.494172382725254, 41.961397168222341 ], [ 2.494069171976516, 41.961448681149534 ], [ 2.493969348603891, 41.961528228727516 ], [ 2.493882617511303, 41.961615479713089 ], [ 2.493826749281976, 41.961691521878855 ], [ 2.493765705633355, 41.96176583082552 ], [ 2.493709977541371, 41.961778100781395 ], [ 2.493649979172622, 41.961765321384519 ], [ 2.493569530669836, 41.961714526380149 ], [ 2.493488720536777, 41.961664002626364 ], [ 2.493377445033101, 41.961650811313078 ], [ 2.493257273071768, 41.961648483223343 ], [ 2.49318803473819, 41.961629174381507 ], [ 2.493130398339746, 41.961562629795303 ], [ 2.493073372754516, 41.961494552235813 ], [ 2.492984684013044, 41.961448046349062 ], [ 2.492888936675486, 41.961409975504807 ], [ 2.492760241662746, 41.961386083258233 ], [ 2.492634723188563, 41.961358501354191 ], [ 2.492483152867967, 41.961267317791886 ], [ 2.492335236768567, 41.961172815009355 ], [ 2.492132138690863, 41.96109742872742 ], [ 2.491920060523902, 41.961028583534109 ], [ 2.491781275961231, 41.960969155573466 ], [ 2.491722254480143, 41.960940343980276 ], [ 2.491674726211961, 41.960908157999889 ], [ 2.491666219134126, 41.960884883070811 ], [ 2.491702580203134, 41.960834786723318 ], [ 2.491759565343232, 41.960784695201106 ], [ 2.491832304306925, 41.960727907554499 ], [ 2.491899389516187, 41.960667945199788 ], [ 2.491915533097977, 41.960610372017342 ], [ 2.491900320620412, 41.960550590328516 ], [ 2.491870689829109, 41.960482813531549 ], [ 2.491831881398505, 41.960416175080326 ], [ 2.491776308185614, 41.960333429591593 ], [ 2.491709089700223, 41.960257744202629 ], [ 2.491648376328992, 41.960214149599757 ], [ 2.491514502934844, 41.960159700339382 ], [ 2.491371266221972, 41.960129156434697 ], [ 2.491151681170168, 41.96009432725797 ], [ 2.490931973147184, 41.960060120379119 ], [ 2.490734108259205, 41.96002573707031 ], [ 2.490729181870369, 41.960024447075597 ], [ 2.490539148721047, 41.959974616567244 ], [ 2.490481689133279, 41.959931396953245 ], [ 2.490447396285434, 41.959873605528742 ], [ 2.490445910072439, 41.959818112302678 ], [ 2.490459644493106, 41.959759990024871 ], [ 2.49044859700341, 41.959722739750433 ], [ 2.490399738701327, 41.959675329625952 ], [ 2.490340001056342, 41.95964606200279 ], [ 2.490310248302994, 41.959655024878941 ], [ 2.490263326378153, 41.959712913332261 ], [ 2.490216642409485, 41.959771972791671 ], [ 2.490122251791823, 41.959880446346112 ], [ 2.490029804567054, 41.959989108586768 ], [ 2.490012613873787, 41.960041455677853 ], [ 2.490029531738308, 41.960098542287 ], [ 2.490120616821104, 41.960207386513318 ], [ 2.490185788849672, 41.960252080723748 ], [ 2.490257439563587, 41.960285453429016 ], [ 2.490397191444889, 41.960359570238239 ], [ 2.490493309123248, 41.96044241346921 ], [ 2.490557922637715, 41.96052789809557 ], [ 2.490559882697117, 41.960553306563469 ], [ 2.490546751898043, 41.960580632241978 ], [ 2.490487610405107, 41.960628196223183 ], [ 2.490435477601125, 41.960643635591843 ], [ 2.490383098053961, 41.960644301967214 ], [ 2.490279338443897, 41.960627273539593 ], [ 2.490175085194679, 41.960610868791164 ], [ 2.490071210046374, 41.960592756157425 ], [ 2.48985157109796, 41.960549899294442 ], [ 2.489632048281747, 41.96050704342818 ], [ 2.489344816438492, 41.960450462427623 ], [ 2.489054249589257, 41.960403868697824 ], [ 2.488869376689121, 41.960405209196033 ], [ 2.488683668348174, 41.960418974909842 ], [ 2.488521618134074, 41.960417895516791 ], [ 2.488359680439806, 41.960417534229727 ], [ 2.488138622406422, 41.960446364631231 ], [ 2.487919315564079, 41.960482676169846 ], [ 2.487780607463936, 41.96047458365441 ], [ 2.487640764174435, 41.960457114443258 ], [ 2.487549119876748, 41.960464181877832 ], [ 2.487368625671191, 41.960521113489015 ], [ 2.487200765224312, 41.960596745996348 ], [ 2.486907439454848, 41.960744048563306 ], [ 2.486619624977949, 41.960895972935539 ], [ 2.486468287820946, 41.960973384116834 ], [ 2.486326055987819, 41.961058496026283 ], [ 2.486247413860124, 41.96112902859096 ], [ 2.486185195884291, 41.961213146442688 ], [ 2.486138276971898, 41.961300840841844 ], [ 2.486059484042254, 41.961480177009612 ], [ 2.48600072395971, 41.961614299160765 ], [ 2.485941487733522, 41.961747875142507 ], [ 2.485862766583791, 41.96185795004611 ], [ 2.485777797122446, 41.961965110263819 ], [ 2.485758655744888, 41.962019879764441 ], [ 2.485757816268527, 41.962078958078557 ], [ 2.485770474179548, 41.962200787000562 ], [ 2.485756222055867, 41.962277371880489 ], [ 2.485728632171094, 41.962316971394038 ], [ 2.485664416108612, 41.962364058904349 ], [ 2.485589070691672, 41.962400111955894 ], [ 2.485469890581398, 41.962438756984163 ], [ 2.485356949475559, 41.96248292483584 ], [ 2.485226008678398, 41.962588799547895 ], [ 2.485100458261079, 41.962699744730436 ], [ 2.48501401864712, 41.962764384406732 ], [ 2.484914402331079, 41.962816270875685 ], [ 2.484799357982425, 41.962836921285579 ], [ 2.484682568549909, 41.962848738995312 ], [ 2.484602962535418, 41.962873510310239 ], [ 2.484524325696033, 41.96289810668825 ], [ 2.484473884437756, 41.962898060334247 ], [ 2.484390542947191, 41.962862559992992 ], [ 2.484312494560884, 41.962813573336149 ], [ 2.484165178591808, 41.962720682159286 ], [ 2.484013033767368, 41.962627769089842 ], [ 2.483922024427542, 41.962584579161657 ], [ 2.483828456868798, 41.962559930534624 ], [ 2.483768704732243, 41.962562997051855 ], [ 2.483709403335828, 41.962583625002381 ], [ 2.483596081198013, 41.962659405579203 ], [ 2.483546176405407, 41.962712498882901 ], [ 2.483516540520979, 41.962766316519648 ], [ 2.483478602612777, 41.962876840725471 ], [ 2.483458250079338, 41.963020772380652 ], [ 2.483448381188606, 41.963167180301198 ], [ 2.483406101466948, 41.963262103372905 ], [ 2.483349912528528, 41.963316521112624 ], [ 2.483275523336352, 41.963352216672888 ], [ 2.483220061575305, 41.963361872590703 ], [ 2.483080818359832, 41.963359715497987 ], [ 2.482942407471867, 41.96334387092174 ], [ 2.482780291789228, 41.963319544971874 ], [ 2.482618806320721, 41.963292067491764 ], [ 2.482372063614653, 41.963242231808351 ], [ 2.482133568790295, 41.963172524420116 ], [ 2.481991075712313, 41.963109194146952 ], [ 2.481856864249206, 41.963037165487997 ], [ 2.481679291308686, 41.962939998699639 ], [ 2.48151131880922, 41.962834486165221 ], [ 2.481383368537398, 41.962734110561378 ], [ 2.481258206030351, 41.962632129808838 ], [ 2.481143720721817, 41.962552981388747 ], [ 2.481028115437344, 41.962463471001676 ], [ 2.480967597119425, 41.962396187669889 ], [ 2.480936650136427, 41.962328946137625 ], [ 2.480943971261206, 41.962303850580007 ], [ 2.48096662122287, 41.962278824322794 ], [ 2.481006848824281, 41.962228657897548 ], [ 2.48101969689969, 41.962162065589595 ], [ 2.481007935924221, 41.962094549632972 ], [ 2.480962333987878, 41.962018867437024 ], [ 2.480916607166463, 41.961943271121633 ], [ 2.480882571348724, 41.961884482791419 ], [ 2.480848170678921, 41.961825604535207 ], [ 2.480764429588058, 41.96172083471788 ], [ 2.480664575110757, 41.961623647634958 ], [ 2.480572230624107, 41.961567302845879 ], [ 2.480480294216854, 41.961505456742131 ], [ 2.48045729084468, 41.961455456493745 ], [ 2.480457942893828, 41.961404750887489 ], [ 2.480493969569971, 41.961337811381426 ], [ 2.480528536534114, 41.961270957126679 ], [ 2.480523050251268, 41.961204009902886 ], [ 2.480483287743008, 41.961136640081833 ], [ 2.480400444090669, 41.96106997504598 ], [ 2.480298997982508, 41.961035197688872 ], [ 2.480241083112017, 41.961034036644385 ], [ 2.480183154832373, 41.961034674145779 ], [ 2.480123333134704, 41.961031161768503 ], [ 2.48006757092216, 41.961017402820787 ], [ 2.479961974833659, 41.960958916977951 ], [ 2.479860250071856, 41.960899102076695 ], [ 2.479802114652992, 41.960865875997889 ], [ 2.479745076543416, 41.960831570456577 ], [ 2.479637615297586, 41.96075011510883 ], [ 2.479538041066854, 41.96066292662951 ], [ 2.479425564232939, 41.960560096184921 ], [ 2.479308233609284, 41.960460763429793 ], [ 2.479280398903129, 41.96044037033402 ], [ 2.479115743884643, 41.960314338556856 ], [ 2.479039490911081, 41.960283731896133 ], [ 2.478954099057647, 41.960263257666426 ], [ 2.47879245494879, 41.960212268419703 ], [ 2.478630927688746, 41.960161187607603 ], [ 2.47849309868726, 41.960089319596698 ], [ 2.478354379039254, 41.960009067548249 ], [ 2.47820453066965, 41.959961008704873 ], [ 2.478053981874968, 41.959940694293508 ], [ 2.47796243875922, 41.959949373037738 ], [ 2.477871113412226, 41.959976161550998 ], [ 2.477688693402329, 41.960045496613041 ], [ 2.477566837850443, 41.960072594518344 ], [ 2.477484872524348, 41.960075911549531 ], [ 2.477404915575713, 41.960055105138444 ], [ 2.477325429472269, 41.959991602798802 ], [ 2.477267125372859, 41.959920366432208 ], [ 2.477209770473872, 41.959835622520444 ], [ 2.477152771051927, 41.959752139333176 ], [ 2.477091710751423, 41.959708268861412 ], [ 2.477022285624547, 41.959668681663963 ], [ 2.47699167725109, 41.959634038500909 ], [ 2.476962739998992, 41.959542313131905 ], [ 2.476946847963156, 41.959449470012636 ], [ 2.476938223740456, 41.959323154209535 ], [ 2.476925734230344, 41.959197904297724 ], [ 2.476914449894533, 41.959190737599066 ], [ 2.476893070066894, 41.959193342195121 ], [ 2.47685621835612, 41.959214341807161 ], [ 2.476832960358132, 41.959298446589138 ], [ 2.476808513103798, 41.959381738946085 ], [ 2.476754429884378, 41.95947291218846 ], [ 2.476686880613063, 41.959557631976089 ], [ 2.476621504379603, 41.959598856610498 ], [ 2.476505436570507, 41.959641289348987 ], [ 2.47638938073996, 41.95968165048545 ], [ 2.476238547509304, 41.959739691505014 ], [ 2.476087475839654, 41.959797639369199 ], [ 2.475881222297371, 41.959874878750831 ], [ 2.475669579713001, 41.959946595465105 ], [ 2.475534276678917, 41.959979485947223 ], [ 2.475395096881682, 41.959999658221662 ], [ 2.475113458149968, 41.960027827340227 ], [ 2.474939411018699, 41.960047747780486 ], [ 2.474766039923673, 41.960043081885708 ], [ 2.474678582280531, 41.960010166694744 ], [ 2.474604673344318, 41.959958489458522 ], [ 2.474510320456815, 41.959883752443638 ], [ 2.474420809344589, 41.959806783141055 ], [ 2.47434033995264, 41.959731030539423 ], [ 2.47425999459278, 41.959655185679686 ], [ 2.474181154018248, 41.959586553007107 ], [ 2.474099036836058, 41.959520338878555 ], [ 2.474041439335078, 41.959496026264901 ], [ 2.473983736102576, 41.959469462365909 ], [ 2.473938098454435, 41.959413588309651 ], [ 2.473915196812751, 41.959351784837303 ], [ 2.473899076943235, 41.959242732713712 ], [ 2.47389393647727, 41.959133725494887 ], [ 2.473912624813398, 41.959033200987356 ], [ 2.473918640130362, 41.958932711173958 ], [ 2.473877518224425, 41.958855874891789 ], [ 2.473827326567106, 41.958781431536245 ], [ 2.473787957794727, 41.958697308735211 ], [ 2.473759325583244, 41.958613408961419 ], [ 2.473766168624404, 41.958588044157906 ], [ 2.473790143387253, 41.958563654041498 ], [ 2.473829530580292, 41.958513217851269 ], [ 2.473806067354798, 41.958446096024545 ], [ 2.473784297769138, 41.958378899093354 ], [ 2.473808312689531, 41.95832028102344 ], [ 2.473831596796574, 41.958261751466843 ], [ 2.473831351800724, 41.958202934840827 ], [ 2.47380939485378, 41.958144291609585 ], [ 2.473741482037914, 41.958082822188778 ], [ 2.473671478485171, 41.95802630222763 ], [ 2.473623776768052, 41.957942951760849 ], [ 2.473580076687752, 41.957856645611344 ], [ 2.473534383451047, 41.957807706279439 ], [ 2.473420384537486, 41.957730895883046 ], [ 2.473304198689072, 41.95765578571109 ], [ 2.473187172148866, 41.957579053961197 ], [ 2.473074139702968, 41.957487118209784 ], [ 2.473016009146736, 41.957395519925846 ], [ 2.473006156925001, 41.957302349993313 ], [ 2.473028066131584, 41.957235430848073 ], [ 2.47305359456064, 41.957168450851576 ], [ 2.47304813939939, 41.957098713100947 ], [ 2.473038587246776, 41.957028145942196 ], [ 2.473055112168332, 41.956984084482841 ], [ 2.473133400975791, 41.95691437079666 ], [ 2.473218267829265, 41.956850719021602 ], [ 2.473278580622862, 41.956794070726673 ], [ 2.473334945239109, 41.956733894379163 ], [ 2.473361116586082, 41.956676550817917 ], [ 2.473359077027006, 41.956616646941399 ], [ 2.473336470867485, 41.956563401041038 ], [ 2.4732904039414, 41.956515722626733 ], [ 2.473223136355904, 41.956479030560814 ], [ 2.473150463048604, 41.956453476547246 ], [ 2.473013607712593, 41.956397101513652 ], [ 2.472884759265337, 41.956306978063289 ], [ 2.472760532746782, 41.956211568046911 ], [ 2.472659800294545, 41.956135716668769 ], [ 2.472569967961732, 41.956055142628344 ], [ 2.472530908836929, 41.955992546785609 ], [ 2.47249094730123, 41.955833662501178 ], [ 2.472464032758252, 41.955673667277814 ], [ 2.472454231080616, 41.955588687292575 ], [ 2.472419198156499, 41.955505841237446 ], [ 2.472366669361922, 41.95548164383208 ], [ 2.472303641517638, 41.955471809762159 ], [ 2.472222325734475, 41.955455581498846 ], [ 2.472141993710652, 41.955437559964267 ], [ 2.47210561523327, 41.955415326296574 ], [ 2.472080794785642, 41.955382157593839 ], [ 2.472027129438872, 41.955319674544413 ], [ 2.471925651579571, 41.955289666774497 ], [ 2.471819425782944, 41.955251618410081 ], [ 2.471767804241785, 41.955220036710472 ], [ 2.471729214315084, 41.95518815558259 ], [ 2.471727576239946, 41.955167345277552 ], [ 2.471790559018911, 41.955109087025988 ], [ 2.47186741750818, 41.955050716938068 ], [ 2.471915724871398, 41.955001849040876 ], [ 2.471960795692008, 41.95495053532975 ], [ 2.471982837693896, 41.954910829803296 ], [ 2.471983184139162, 41.954868857484691 ], [ 2.471961624894382, 41.954849934333645 ], [ 2.471892437743139, 41.954841150711914 ], [ 2.471822744021231, 41.954849296408632 ], [ 2.471695087625034, 41.954863933085861 ], [ 2.471567880058112, 41.954881633963943 ], [ 2.471383030688636, 41.95492509597149 ], [ 2.471196892080351, 41.954963779994578 ], [ 2.470919529576424, 41.954973406572492 ], [ 2.470641383372583, 41.954961224553848 ], [ 2.470466897544793, 41.954947454777752 ], [ 2.470294407394627, 41.954926124715819 ], [ 2.470243864727179, 41.954909945157311 ], [ 2.470196554844949, 41.954882081695651 ], [ 2.47010493021847, 41.954828515733915 ], [ 2.470040652238901, 41.954824346168962 ], [ 2.469924787943075, 41.954856867668042 ], [ 2.469808675966146, 41.954890287675134 ], [ 2.469658225139659, 41.954932107112619 ], [ 2.469507061092027, 41.954972752186329 ], [ 2.469380523413454, 41.954982618809161 ], [ 2.469252334521079, 41.954988330976015 ], [ 2.469136062846234, 41.955011843998037 ], [ 2.469020495156496, 41.955037609130102 ], [ 2.468891390750479, 41.955066374703748 ], [ 2.468765232637279, 41.955103440826115 ], [ 2.468652221687164, 41.955170288853431 ], [ 2.468555724862576, 41.955253338800617 ], [ 2.468480516247752, 41.955315767317167 ], [ 2.468415731176533, 41.955386803109427 ], [ 2.468375879524883, 41.955478038351004 ], [ 2.468367866820928, 41.955571043118397 ], [ 2.468378265233954, 41.955654854438777 ], [ 2.468389641442307, 41.955738763053496 ], [ 2.468376803087288, 41.955830933969573 ], [ 2.468364944000356, 41.955923017548955 ], [ 2.468405502926489, 41.956008499655887 ], [ 2.468456217656108, 41.956091146624338 ], [ 2.468475069655895, 41.956160765587846 ], [ 2.468468323004838, 41.956232250212189 ], [ 2.46843152022183, 41.956275405626307 ], [ 2.468382187715046, 41.956302288258868 ], [ 2.468330431829608, 41.956316008072285 ], [ 2.468222725163606, 41.956324788844768 ], [ 2.468082441298018, 41.956333598723845 ], [ 2.467944964417867, 41.956323504679162 ], [ 2.467794783131724, 41.956289301903233 ], [ 2.467644725800199, 41.956255013041293 ], [ 2.467448393136391, 41.956212129513808 ], [ 2.467251940506252, 41.956169338763509 ], [ 2.467121284968787, 41.956137840352596 ], [ 2.466997927954314, 41.956084397539819 ], [ 2.466958861763884, 41.956051973103214 ], [ 2.46693358887319, 41.956014746379388 ], [ 2.46690663484273, 41.955933108837762 ], [ 2.466877662723843, 41.955731672871664 ], [ 2.466886819678638, 41.955530588676972 ], [ 2.466909801328433, 41.955437026653748 ], [ 2.466957853766492, 41.955346549632665 ], [ 2.467014311861293, 41.95529033885807 ], [ 2.467085989646119, 41.955246358641404 ], [ 2.467242428800629, 41.955166741343042 ], [ 2.467330249803233, 41.955096804727361 ], [ 2.467410532465702, 41.954989815551833 ], [ 2.467447769805138, 41.954879380645693 ], [ 2.467428459436425, 41.954778326902179 ], [ 2.467380069039636, 41.954677944351346 ], [ 2.467280698708759, 41.954569404754778 ], [ 2.467168960021976, 41.954468369693416 ], [ 2.467127852860594, 41.954391799414346 ], [ 2.467129596901918, 41.954341910405034 ], [ 2.467147027961611, 41.954291735735318 ], [ 2.467175736293436, 41.954190811121173 ], [ 2.467171268114813, 41.954090000932865 ], [ 2.467154245156316, 41.953989497247029 ], [ 2.46709617503038, 41.95386321411074 ], [ 2.467040630652685, 41.95373749567851 ], [ 2.467029762093618, 41.953636933172291 ], [ 2.467019139305668, 41.953536274531935 ], [ 2.466954042071006, 41.953325931595344 ], [ 2.466883752506516, 41.953116557042932 ], [ 2.466876059214447, 41.952997267214691 ], [ 2.466862663665235, 41.952881741824626 ], [ 2.466842589141415, 41.952872559944375 ], [ 2.466808589340806, 41.952884101755316 ], [ 2.466746417843876, 41.952931459352399 ], [ 2.466703588191796, 41.952988457463519 ], [ 2.466676061547594, 41.953048491650236 ], [ 2.466627657217411, 41.953283076845068 ], [ 2.46657961236856, 41.953517483545738 ], [ 2.466522924660313, 41.953760676621492 ], [ 2.466459733904072, 41.954003031537489 ], [ 2.46642831959821, 41.954066022499326 ], [ 2.466378604517592, 41.954123974710747 ], [ 2.46626943118913, 41.954237225433921 ], [ 2.46622565927235, 41.954320518528434 ], [ 2.466197687778346, 41.954462515064705 ], [ 2.466177068978512, 41.954605265412845 ], [ 2.466161375575356, 41.954722556008434 ], [ 2.466151945448068, 41.954839870318651 ], [ 2.46616582546098, 41.954940899024209 ], [ 2.466196482813559, 41.955041291501573 ], [ 2.46624167331741, 41.955178496153145 ], [ 2.466309955302124, 41.955310042939587 ], [ 2.466365561186005, 41.955370374266629 ], [ 2.466424808961468, 41.955427934018772 ], [ 2.466482825236166, 41.955503679740936 ], [ 2.466539267795145, 41.955579329855134 ], [ 2.466601899829632, 41.955607451543578 ], [ 2.466675833790506, 41.955625806599393 ], [ 2.46670075062186, 41.95564708897674 ], [ 2.466699971091, 41.955682843737719 ], [ 2.466684440736921, 41.955722043490915 ], [ 2.466629992851991, 41.955797714295961 ], [ 2.466555416896429, 41.955885549666405 ], [ 2.466466555248203, 41.955964575802135 ], [ 2.466340059598021, 41.956041720175207 ], [ 2.466210703770139, 41.956114254092775 ], [ 2.466092608561907, 41.956167927972658 ], [ 2.465978299833061, 41.956230534168739 ], [ 2.465954490615089, 41.956263750892411 ], [ 2.465951998763449, 41.956302645518676 ], [ 2.465977041603139, 41.956381393146934 ], [ 2.466023943724594, 41.956473481376825 ], [ 2.466068047901418, 41.956566276209067 ], [ 2.466100683476922, 41.956733322913983 ], [ 2.466134752683081, 41.956901820044308 ], [ 2.466197854891766, 41.957033075275135 ], [ 2.466294583504354, 41.957154037224257 ], [ 2.466352263716379, 41.957197624833483 ], [ 2.46642027109367, 41.957232618487787 ], [ 2.466548047031268, 41.957306073700082 ], [ 2.466607759471233, 41.957381652487754 ], [ 2.466660293368453, 41.957462325406446 ], [ 2.466708299510068, 41.957508031301984 ], [ 2.466844614480198, 41.957585131224221 ], [ 2.466984808219854, 41.957660178353038 ], [ 2.467057170433453, 41.957707440947324 ], [ 2.467122852160984, 41.957761423004889 ], [ 2.467159035111716, 41.957821853815091 ], [ 2.467161130906809, 41.957888508559449 ], [ 2.467144624201653, 41.957929143097665 ], [ 2.467081885484562, 41.958015051341377 ], [ 2.467004346561214, 41.958096200156241 ], [ 2.466934111469636, 41.958155049837451 ], [ 2.466864482965253, 41.958212915158342 ], [ 2.466800429869473, 41.958297188729965 ], [ 2.466724205946693, 41.958379879098842 ], [ 2.466635936801246, 41.958416398299676 ], [ 2.466538687925532, 41.958429274575195 ], [ 2.466376161060938, 41.958427261944706 ], [ 2.466214583335865, 41.958427770867125 ], [ 2.466099072161895, 41.958445883914955 ], [ 2.465982869798038, 41.95846020271528 ], [ 2.465805678373245, 41.958465955085948 ], [ 2.465628611195359, 41.958471708662046 ], [ 2.465443390207722, 41.958470847315205 ], [ 2.465258172840552, 41.958469986587041 ], [ 2.465117150904045, 41.958494008001239 ], [ 2.464979842850757, 41.958535795133585 ], [ 2.464817077921206, 41.958576918531989 ], [ 2.464655160304865, 41.958618134816305 ], [ 2.464504339005055, 41.958659226096842 ], [ 2.464353520869032, 41.958700492823965 ], [ 2.464297038635915, 41.958701313695414 ], [ 2.464240855749019, 41.958681955545813 ], [ 2.464128477283002, 41.958627482800765 ], [ 2.464053284343542, 41.958615331247465 ], [ 2.4639821907845, 41.958631660826143 ], [ 2.463913975447735, 41.958664941781933 ], [ 2.463849337137831, 41.958732282888882 ], [ 2.463797138135614, 41.958798509384522 ], [ 2.463735108174516, 41.958828029105568 ], [ 2.463666344916851, 41.958854372202175 ], [ 2.463634379430644, 41.958881601405928 ], [ 2.463618548528418, 41.958956464906343 ], [ 2.463633115547945, 41.959032461157129 ], [ 2.463663285223646, 41.959089886447572 ], [ 2.463698283662833, 41.959146793884706 ], [ 2.463701354619634, 41.959183645589647 ], [ 2.4636486600288, 41.959251492702414 ], [ 2.46358451591448, 41.959317212055097 ], [ 2.463552546274101, 41.959417128797604 ], [ 2.463521398974095, 41.959519122711775 ], [ 2.463466693491397, 41.959568131857203 ], [ 2.463374563177521, 41.959603193027057 ], [ 2.463280903907555, 41.959634366893468 ], [ 2.463151647544586, 41.959679247238149 ], [ 2.463025455381006, 41.959733691560203 ], [ 2.462993847085129, 41.959760834886396 ], [ 2.462976312798634, 41.959794708085248 ], [ 2.462954825767802, 41.959867473485886 ], [ 2.462951076090226, 41.959911500452314 ], [ 2.462949014519736, 41.959956254949297 ], [ 2.462930673634457, 41.959984719453345 ], [ 2.46285490392586, 41.960026426213837 ], [ 2.462768314060554, 41.96003430901461 ], [ 2.462687288995154, 41.960026455189357 ], [ 2.462606391357663, 41.960016794261144 ], [ 2.462421392844913, 41.959990086185513 ], [ 2.462236495418689, 41.959964721182494 ], [ 2.462097561943416, 41.959969749050408 ], [ 2.461958436543616, 41.959997015164404 ], [ 2.46184061997094, 41.960044834282854 ], [ 2.461732716251093, 41.960104855181257 ], [ 2.461656364615968, 41.960129713212702 ], [ 2.461575021649123, 41.960130955667722 ], [ 2.461494453512424, 41.960112118587432 ], [ 2.461425723804041, 41.960077025874781 ], [ 2.461356125847443, 41.960044451820536 ], [ 2.461264279726076, 41.960017905980934 ], [ 2.461171333458372, 41.959993330071136 ], [ 2.461055945623347, 41.95996766070747 ], [ 2.460940312497169, 41.959941898207894 ], [ 2.460880271908535, 41.959921082837255 ], [ 2.460825012383887, 41.959891101265633 ], [ 2.460769655337681, 41.959844639672482 ], [ 2.460733312031315, 41.959790071277176 ], [ 2.460718618294894, 41.95971460907419 ], [ 2.460711415008961, 41.959639099191818 ], [ 2.460685404657631, 41.959589707724241 ], [ 2.460642010891549, 41.959541138857922 ], [ 2.460549645964774, 41.959447031738875 ], [ 2.460520831715234, 41.959386735269419 ], [ 2.460528589525967, 41.959353265039702 ], [ 2.460585115839999, 41.959304080312037 ], [ 2.46066818578966, 41.959270064124127 ], [ 2.460773375393081, 41.959245520525833 ], [ 2.460876996175299, 41.959220694760042 ], [ 2.460981415923695, 41.959187681968679 ], [ 2.461085829577406, 41.959154663649393 ], [ 2.461167010205695, 41.959130003385937 ], [ 2.461248309288341, 41.959105168890979 ], [ 2.461350878437332, 41.959047553412773 ], [ 2.461434656377768, 41.958971929985523 ], [ 2.461467012656135, 41.958898403441104 ], [ 2.461486981227587, 41.958820405504603 ], [ 2.461528761282897, 41.958787909885451 ], [ 2.461621106043905, 41.958769785575413 ], [ 2.461714143182165, 41.958755270715777 ], [ 2.46192317604836, 41.958707703624007 ], [ 2.462131640866046, 41.958656619979848 ], [ 2.462327150622555, 41.958596464092615 ], [ 2.462503347852676, 41.958507492421269 ], [ 2.462564718228501, 41.958441757076969 ], [ 2.462620182480828, 41.958373927019231 ], [ 2.46272454279699, 41.958290830653688 ], [ 2.462829860602736, 41.958207200071591 ], [ 2.462897766573477, 41.958152570651478 ], [ 2.462946564676362, 41.958090473528372 ], [ 2.462947988475244, 41.958006984559894 ], [ 2.462924921377712, 41.957922665893797 ], [ 2.462898961017143, 41.957838602086092 ], [ 2.462879993277907, 41.95775483668298 ], [ 2.462900224026424, 41.957688189942182 ], [ 2.462927452375571, 41.957620946363853 ], [ 2.462945761885161, 41.957495392265137 ], [ 2.462952612492976, 41.957369594518511 ], [ 2.462942464242186, 41.957227055772464 ], [ 2.462931952798662, 41.957084520727079 ], [ 2.46293209906708, 41.957009039923228 ], [ 2.462933219019971, 41.956933569077201 ], [ 2.462929372547634, 41.956874462675458 ], [ 2.462911035570312, 41.956816199062914 ], [ 2.462869612038392, 41.956763222449439 ], [ 2.462812058466476, 41.956719540013196 ], [ 2.462682519758522, 41.956641116008271 ], [ 2.462612076786688, 41.95658008209746 ], [ 2.462451912208502, 41.956370195985556 ], [ 2.462291510117787, 41.956159406060664 ], [ 2.462210293536732, 41.956045177442952 ], [ 2.462120597646657, 41.95593532232126 ], [ 2.462039311053239, 41.955873249216395 ], [ 2.461870955145243, 41.95580473259659 ], [ 2.46169315659975, 41.955754271309679 ], [ 2.461495626936327, 41.955697142315493 ], [ 2.461300677960703, 41.955635075010761 ], [ 2.461229319746735, 41.955597180452379 ], [ 2.461168669912587, 41.955548891043073 ], [ 2.461047640214111, 41.95544951771668 ], [ 2.460935597054916, 41.955371713357401 ], [ 2.460816468318015, 41.955304139641918 ], [ 2.460724968860619, 41.955280386159828 ], [ 2.460516745124184, 41.955274728947415 ], [ 2.460308332652155, 41.955278432028891 ], [ 2.46005371571962, 41.955265892733046 ], [ 2.459799296864897, 41.955259200950906 ], [ 2.459644849449063, 41.955287748608669 ], [ 2.459497667610559, 41.955341639976226 ], [ 2.45937132704258, 41.955399588638222 ], [ 2.459242086947086, 41.955457796406442 ], [ 2.459127063926914, 41.955490218190363 ], [ 2.459010239162185, 41.955506961521991 ], [ 2.458935100523157, 41.955502919200555 ], [ 2.458859946182907, 41.955485899910677 ], [ 2.458709741318946, 41.955455292322668 ], [ 2.458648194871854, 41.955470132482375 ], [ 2.458587205209797, 41.955491464557909 ], [ 2.458547410744893, 41.955488035382395 ], [ 2.458486700039679, 41.955447758427312 ], [ 2.458432410242354, 41.955403730717613 ], [ 2.458356695939652, 41.955353833121336 ], [ 2.458271073525236, 41.955319115441995 ], [ 2.458144147821216, 41.955318240872494 ], [ 2.458016349140004, 41.955334668405115 ], [ 2.457899567442109, 41.955346186927478 ], [ 2.457784641672027, 41.955367079256824 ], [ 2.457651707821334, 41.955419322469922 ], [ 2.457528933512614, 41.955483236670823 ], [ 2.457298298376596, 41.955617430850978 ], [ 2.457063813845918, 41.955749264619534 ], [ 2.456917334439007, 41.955805313095873 ], [ 2.456762036592663, 41.955848444591012 ], [ 2.456614536520151, 41.955881974719254 ], [ 2.456464769767609, 41.955899371044943 ], [ 2.456368142790885, 41.95589692667545 ], [ 2.456275848552242, 41.955866409065983 ], [ 2.456183497518832, 41.955828956859975 ], [ 2.45605656888518, 41.955800073654281 ], [ 2.455929196870358, 41.955794250746386 ], [ 2.455823029232964, 41.955820316427321 ], [ 2.455720369251679, 41.955860272548982 ], [ 2.45560571414623, 41.955920343992666 ], [ 2.455487823118106, 41.955976530698592 ], [ 2.455396298933286, 41.955997895487734 ], [ 2.455302446216165, 41.956009159858972 ], [ 2.455178341762816, 41.956003438985086 ], [ 2.45505449739546, 41.955993394197606 ], [ 2.454978354487496, 41.956007624503734 ], [ 2.454815139726346, 41.956073500910065 ], [ 2.45465312114411, 41.956140281632983 ], [ 2.454432376024355, 41.956231284883842 ], [ 2.454211864443395, 41.95632256172108 ], [ 2.454059611178114, 41.956404610234905 ], [ 2.453909509305965, 41.956488739416756 ], [ 2.453805399571979, 41.956514365382155 ], [ 2.45369557938304, 41.95653086912327 ], [ 2.453631182606895, 41.956554520483863 ], [ 2.453456690856703, 41.95665420734435 ], [ 2.453282319676096, 41.956753982776995 ], [ 2.453224115674535, 41.956787301457908 ], [ 2.453165912367008, 41.95682053184678 ], [ 2.453143461092244, 41.956821416546802 ], [ 2.45312795622229, 41.956800176068192 ], [ 2.453101503900026, 41.956732589045302 ], [ 2.453074371814355, 41.956702737715801 ], [ 2.453016130679583, 41.956684089305746 ], [ 2.452949950254101, 41.956676114695284 ], [ 2.452912463908808, 41.956685214766445 ], [ 2.452773163449448, 41.956776062480301 ], [ 2.452633127072768, 41.956868257518366 ], [ 2.452479515961509, 41.956939668655203 ], [ 2.452331030991716, 41.957017772592238 ], [ 2.452188239218658, 41.957149492410224 ], [ 2.452050972765543, 41.95728466186069 ], [ 2.451888509224196, 41.957401969474134 ], [ 2.45172486491508, 41.957517734674504 ], [ 2.451643251477623, 41.957593541495967 ], [ 2.451561525904872, 41.957667908453502 ], [ 2.451526183900465, 41.957679721220529 ], [ 2.451482646820461, 41.957677530852024 ], [ 2.451399621944303, 41.957650393297328 ], [ 2.451319174843224, 41.957574975031449 ], [ 2.451238863505277, 41.957498662993032 ], [ 2.451181841407585, 41.957478128977208 ], [ 2.451123289311959, 41.957481358074865 ], [ 2.451038214123237, 41.957538508571261 ], [ 2.450983259371762, 41.957614801754801 ], [ 2.450971381072524, 41.957677345949449 ], [ 2.450977953472416, 41.957740785374881 ], [ 2.450981103394349, 41.957866265424023 ], [ 2.450951150850305, 41.957953487073347 ], [ 2.450887113454039, 41.958033522280246 ], [ 2.45081000908034, 41.958075299378137 ], [ 2.450724490775322, 41.958099755936317 ], [ 2.450585510237205, 41.958124399730828 ], [ 2.450446291317175, 41.958148687352271 ], [ 2.450336403094668, 41.958172119093128 ], [ 2.450236186641973, 41.958207304837046 ], [ 2.450190834403776, 41.958248070794411 ], [ 2.450163416011169, 41.958306214564026 ], [ 2.450143485005482, 41.9583652020861 ], [ 2.450121428170032, 41.958432286342607 ], [ 2.450096115685782, 41.958499086601137 ], [ 2.450030949046947, 41.958584521726479 ], [ 2.449934540007686, 41.958653951757405 ], [ 2.449700334699823, 41.958765416609687 ], [ 2.44960830977584, 41.958801093199313 ], [ 2.449514533406757, 41.958831632909053 ], [ 2.449432827569418, 41.958846459716931 ], [ 2.449352189677048, 41.958864362869143 ], [ 2.4493242412465, 41.958887102202802 ], [ 2.449310206323192, 41.958919186957125 ], [ 2.449281801100421, 41.958981379684737 ], [ 2.449213301798243, 41.959017980304282 ], [ 2.449133981270553, 41.959050742550289 ], [ 2.449095711478834, 41.959081087987954 ], [ 2.449086633309803, 41.959112213868742 ], [ 2.449092854816809, 41.959146561902656 ], [ 2.449094557560823, 41.95921519832654 ], [ 2.449075492325585, 41.959242310638416 ], [ 2.449047789410845, 41.959265234817536 ], [ 2.44901985842218, 41.959271488319217 ], [ 2.448987455761954, 41.959264674166882 ], [ 2.448921276037626, 41.95924292241142 ], [ 2.448885999275723, 41.959247705855574 ], [ 2.44885004265017, 41.959289235108876 ], [ 2.448815773802739, 41.959331224589114 ], [ 2.448745343390547, 41.959368356056615 ], [ 2.448676170179841, 41.959414318269346 ], [ 2.448642360377874, 41.959472606599697 ], [ 2.448628940206662, 41.959531449481972 ], [ 2.448651917259725, 41.959581816236962 ], [ 2.448685270790157, 41.959632323783197 ], [ 2.448674003828205, 41.959665777253129 ], [ 2.448619160635723, 41.959700732720563 ], [ 2.448557847934035, 41.959715568574978 ], [ 2.448500188649749, 41.959699529913657 ], [ 2.448442422211434, 41.959681507436294 ], [ 2.448365621364649, 41.95968753589672 ], [ 2.448291372371354, 41.959705911225235 ], [ 2.448256762237217, 41.959730881662239 ], [ 2.448209920086044, 41.959789375629384 ], [ 2.448163201650619, 41.959847786409206 ], [ 2.448116478263999, 41.95990620164887 ], [ 2.448069637061677, 41.959964695561268 ], [ 2.448020668184087, 41.960003912122595 ], [ 2.447957300085366, 41.960033420471746 ], [ 2.447836922390537, 41.960097689721636 ], [ 2.447778613420498, 41.960156040093317 ], [ 2.447720187671835, 41.960214486244432 ], [ 2.447628716572572, 41.960298981933285 ], [ 2.447533637436135, 41.960381208514399 ], [ 2.447441780305178, 41.96044021327571 ], [ 2.447347402258544, 41.960497671088739 ], [ 2.447250173519449, 41.960577637214094 ], [ 2.447160733176313, 41.960664392170379 ], [ 2.447081806388629, 41.960762638880404 ], [ 2.447020101805378, 41.960864928726352 ], [ 2.447016581445019, 41.960895532694728 ], [ 2.447030287605737, 41.960929012607949 ], [ 2.447059880666149, 41.960995538001683 ], [ 2.447041822097655, 41.961032647729901 ], [ 2.446993724893218, 41.961054482440851 ], [ 2.44693994633373, 41.961064040673186 ], [ 2.446833113633608, 41.961081991485024 ], [ 2.446752910870617, 41.961104843168961 ], [ 2.44667832838877, 41.961133485260866 ], [ 2.44664716462635, 41.961164854851326 ], [ 2.446608164457163, 41.961265101299063 ], [ 2.446576036831711, 41.96136573122056 ], [ 2.446542055712626, 41.961457975980721 ], [ 2.446504937338682, 41.961549759773561 ], [ 2.446474900821292, 41.961590141432048 ], [ 2.446429965318818, 41.961623611569706 ], [ 2.44632650119279, 41.961684723762282 ], [ 2.446271897202144, 41.961733097401975 ], [ 2.44619583892793, 41.961834506953522 ], [ 2.446119664126102, 41.961935827624963 ], [ 2.445968387625201, 41.962027328830501 ], [ 2.445817114320058, 41.962118828949514 ], [ 2.445726466135976, 41.962204677162596 ], [ 2.445653454008103, 41.962302406510368 ], [ 2.445569571257163, 41.962401799086443 ], [ 2.445489652726669, 41.962502829246787 ], [ 2.445438686757729, 41.962618862930462 ], [ 2.44539506042568, 41.962737089145222 ], [ 2.445288008597887, 41.962878431680032 ], [ 2.445184310913837, 41.9630210485535 ], [ 2.445123713256577, 41.963162613610464 ], [ 2.445065994495333, 41.963305452581757 ], [ 2.445001007394454, 41.963424475146631 ], [ 2.444925191401662, 41.963539492284688 ], [ 2.44489223539326, 41.963568422715909 ], [ 2.444846909458935, 41.963590450047818 ], [ 2.444753146291477, 41.963631878573906 ], [ 2.44471562155225, 41.963672591912307 ], [ 2.444696748902166, 41.963747617235413 ], [ 2.444691142367477, 41.963823338090251 ], [ 2.44469021920026, 41.963957444876385 ], [ 2.444688815744627, 41.964091549336253 ], [ 2.444680264570455, 41.964242456304369 ], [ 2.444663027910923, 41.964393241095685 ], [ 2.444639938586533, 41.964481311090168 ], [ 2.444598896779195, 41.964565502419525 ], [ 2.444475001429922, 41.964727564483056 ], [ 2.444351367269621, 41.964831717437924 ], [ 2.444195604530646, 41.964910673454831 ], [ 2.444032088197998, 41.964951676302128 ], [ 2.443871038461433, 41.964959364357526 ], [ 2.443814521870479, 41.964949180526645 ], [ 2.443758243947639, 41.96492585077759 ], [ 2.443645995505656, 41.964872169279317 ], [ 2.443570941036566, 41.964857303887911 ], [ 2.443476921725861, 41.964872249586222 ], [ 2.443385244898398, 41.96492350617558 ], [ 2.443341737119646, 41.964985624136276 ], [ 2.443342030758942, 41.965049212699668 ], [ 2.443383058530169, 41.965174964698164 ], [ 2.443431299777926, 41.9652890456723 ], [ 2.443487758298226, 41.96540244322081 ], [ 2.443496160871495, 41.965477240265777 ], [ 2.443475161537858, 41.96553307173388 ], [ 2.443433676049747, 41.965584929212788 ], [ 2.443309167452818, 41.965677547340796 ], [ 2.443173466042653, 41.965739306412836 ], [ 2.443030493420375, 41.965776802090403 ], [ 2.4429370267156, 41.965783556650436 ], [ 2.442845239958328, 41.965792657420167 ], [ 2.442739698063676, 41.965840783925742 ], [ 2.442639875786605, 41.965898389706773 ], [ 2.442566264188657, 41.965925416209245 ], [ 2.442416082745325, 41.965959001445462 ], [ 2.442264709688425, 41.965990963096992 ], [ 2.442137158163171, 41.966017094998001 ], [ 2.442009641298025, 41.966040072787848 ], [ 2.441948933738496, 41.966039870483669 ], [ 2.441888724447233, 41.966025167120613 ], [ 2.441767918894792, 41.965983418372403 ], [ 2.441686084114118, 41.965971400017132 ], [ 2.441489921340978, 41.965977023462102 ], [ 2.44129240324688, 41.965986240844842 ], [ 2.441037623408857, 41.966002119651776 ], [ 2.440782849050437, 41.966017357545155 ], [ 2.440481734150822, 41.96603309677598 ], [ 2.440180618556763, 41.966047933645214 ], [ 2.439937502172667, 41.966054855704726 ], [ 2.439694381006542, 41.966062317626445 ], [ 2.439586580121743, 41.966079531904384 ], [ 2.439483231819835, 41.966111815271312 ], [ 2.439276648202062, 41.966177636906728 ], [ 2.439137870579634, 41.966204159174865 ], [ 2.43899656321502, 41.966216801336714 ], [ 2.43890598869342, 41.966209335299475 ], [ 2.438834259737817, 41.966187186760045 ], [ 2.438766607557787, 41.966153893431674 ], [ 2.43862922270287, 41.966090621746197 ], [ 2.438525298750494, 41.966065259618979 ], [ 2.438421255377053, 41.966039351009023 ], [ 2.438305715258762, 41.965989332831498 ], [ 2.438190683799089, 41.965937620169093 ], [ 2.438088189990848, 41.965912711375545 ], [ 2.437980468979934, 41.96590749881706 ], [ 2.437913023927011, 41.965919509572807 ], [ 2.43780354619092, 41.96596229382331 ], [ 2.43770372640303, 41.966019090120923 ], [ 2.43758677957591, 41.966102459484013 ], [ 2.437470792968906, 41.966185566833794 ], [ 2.4373599787627, 41.966257263639804 ], [ 2.437238153181005, 41.966318539680159 ], [ 2.437112700571825, 41.966339539776278 ], [ 2.436983225642002, 41.966350793702254 ], [ 2.436841845810579, 41.966384871440873 ], [ 2.436704685351403, 41.966433284014037 ], [ 2.436606924641505, 41.966489723783226 ], [ 2.43654143550275, 41.966566594080582 ], [ 2.436499830050926, 41.966700233545275 ], [ 2.436492732624262, 41.966834577371309 ], [ 2.436506058417992, 41.966952092495688 ], [ 2.436513837016164, 41.967069400256179 ], [ 2.43650234014619, 41.967128066431634 ], [ 2.436489632411012, 41.967186638396512 ], [ 2.436483556240387, 41.967287392335621 ], [ 2.436487862456354, 41.967387749602629 ], [ 2.436519174354833, 41.96746401057046 ], [ 2.436556045117342, 41.967539036075507 ], [ 2.436553299722191, 41.967576402992016 ], [ 2.436534504736295, 41.967614138769186 ], [ 2.436488939385252, 41.967689930533496 ], [ 2.436484762148226, 41.967739811494148 ], [ 2.436527464945702, 41.967783432347403 ], [ 2.436576707131702, 41.967824112175521 ], [ 2.436597018168779, 41.967874560047498 ], [ 2.436598868264204, 41.967924829055164 ], [ 2.436579514200526, 41.967943826416047 ], [ 2.436540174248393, 41.967956964117427 ], [ 2.436454997387119, 41.967981227921705 ], [ 2.436436176368288, 41.968007793478542 ], [ 2.436455455329641, 41.968066611611022 ], [ 2.43648136654312, 41.968125373128224 ], [ 2.436515532222114, 41.968192549556477 ], [ 2.43654969836159, 41.968259818744848 ], [ 2.436595712095419, 41.968352186410932 ], [ 2.436640628630781, 41.96844472340257 ], [ 2.436646685793998, 41.968525279064416 ], [ 2.436631225826955, 41.968608688729958 ], [ 2.436638711458764, 41.968662588053277 ], [ 2.436677086886959, 41.968732398821132 ], [ 2.436730103366631, 41.968797238575732 ], [ 2.436807864328012, 41.968874985564568 ], [ 2.436890850103253, 41.968948890663405 ], [ 2.436989965686366, 41.969028180633622 ], [ 2.43709794597129, 41.96910076438445 ], [ 2.437322483734861, 41.969218054744374 ], [ 2.437558974909952, 41.96932098715066 ], [ 2.437696095421717, 41.969373537254697 ], [ 2.437835906941598, 41.969422858871617 ], [ 2.438077951530828, 41.969497899428049 ], [ 2.438321111773332, 41.969542587953967 ], [ 2.438365696308979, 41.969536866176455 ], [ 2.438407750028323, 41.969516712324229 ], [ 2.438491620039721, 41.969463440112925 ], [ 2.438553466136829, 41.969443207379783 ], [ 2.438646101668111, 41.96943528507142 ], [ 2.438738862287859, 41.969427271431776 ], [ 2.438877915020223, 41.969410924947638 ], [ 2.439016971358257, 41.969395122315397 ], [ 2.439093969494064, 41.969395411170616 ], [ 2.439169767341718, 41.969408569144683 ], [ 2.439317253316568, 41.969463689816529 ], [ 2.439366075848547, 41.969497522222362 ], [ 2.439401326222117, 41.969538044236813 ], [ 2.439478007887543, 41.969615338311421 ], [ 2.439554894024061, 41.969655971685533 ], [ 2.439639504155736, 41.969683135407472 ], [ 2.439743466079534, 41.969677338131056 ], [ 2.439847959110469, 41.969667397582022 ], [ 2.439940289464389, 41.969680279947937 ], [ 2.440028050119435, 41.969705476385165 ], [ 2.4400789511587, 41.969735624990236 ], [ 2.440168480367425, 41.969822259031034 ], [ 2.440237687650223, 41.969912663182079 ], [ 2.440376750137851, 41.970089146809521 ], [ 2.440551229181882, 41.970258965895113 ], [ 2.440725715192961, 41.970428783844888 ], [ 2.440782495516718, 41.970546329959596 ], [ 2.44083939954257, 41.97066396941527 ], [ 2.440864638313355, 41.970689934270965 ], [ 2.44088530275768, 41.970714535750481 ], [ 2.440880905276845, 41.970748289337713 ], [ 2.440860079505384, 41.970783672379014 ], [ 2.440791567108066, 41.970848191185723 ], [ 2.440629950886106, 41.970959716081929 ], [ 2.440465495881584, 41.971064569183746 ], [ 2.440197553385975, 41.971230697801673 ], [ 2.439930087855347, 41.971397191983975 ], [ 2.439768605155441, 41.971506646573005 ], [ 2.439604010958947, 41.971613562976707 ], [ 2.439488713268716, 41.971672719710057 ], [ 2.439371500147416, 41.971729790936479 ], [ 2.439278133139894, 41.971779323748699 ], [ 2.439185482205077, 41.97182948684631 ], [ 2.439070162188476, 41.9719045803418 ], [ 2.438952559988908, 41.971979214935807 ], [ 2.438751391803071, 41.97205794153281 ], [ 2.438534639972077, 41.972111283733767 ], [ 2.438269288168303, 41.972160063635876 ], [ 2.438001416446059, 41.972192439358444 ], [ 2.437816077499102, 41.972201622982311 ], [ 2.437631028252221, 41.972190627392692 ], [ 2.437490185825214, 41.972162195053663 ], [ 2.437353788523145, 41.972122261200205 ], [ 2.437272860658721, 41.972087998586375 ], [ 2.437192290596303, 41.972054369036677 ], [ 2.437053873734456, 41.972038920352865 ], [ 2.436914469012895, 41.972053007617468 ], [ 2.436827575089321, 41.972093471647042 ], [ 2.4367438530975, 41.972143501840208 ], [ 2.436682100631738, 41.972152472111006 ], [ 2.436612774741948, 41.972143758424558 ], [ 2.436543331811341, 41.972135043221151 ], [ 2.43647388773292, 41.972126323466782 ], [ 2.436404569150464, 41.972117608789844 ], [ 2.43634083077514, 41.972118555898128 ], [ 2.436276999148688, 41.972130762645399 ], [ 2.436149619262821, 41.972149860790871 ], [ 2.43597583139066, 41.972134329847641 ], [ 2.435802716831492, 41.972097901984938 ], [ 2.43561122030399, 41.972038151703195 ], [ 2.435433501513631, 41.971961978554582 ], [ 2.435217307447418, 41.971842475731052 ], [ 2.435018984225147, 41.971708473252988 ], [ 2.434788224529375, 41.97152981511114 ], [ 2.434582336138322, 41.971337496097071 ], [ 2.434330129666185, 41.971059659871877 ], [ 2.434077926633648, 41.970781817694771 ], [ 2.433993982903643, 41.970720518799901 ], [ 2.433910039334637, 41.970659219843967 ], [ 2.433839420040845, 41.970593034670934 ], [ 2.433772313905192, 41.970524430477923 ], [ 2.433692583644118, 41.970464684176029 ], [ 2.433611272661615, 41.970406280119157 ], [ 2.433561821157441, 41.970348213335555 ], [ 2.433516863041025, 41.970287014567383 ], [ 2.433473701668338, 41.970254738751301 ], [ 2.433316238850398, 41.970195419170615 ], [ 2.433150430868757, 41.970152540370599 ], [ 2.432965669595612, 41.970109835217436 ], [ 2.432780785433149, 41.970066861661657 ], [ 2.432649670216903, 41.970031629075599 ], [ 2.43252797094355, 41.969981759312816 ], [ 2.432457814126235, 41.969931156204886 ], [ 2.432411156205407, 41.969857793199111 ], [ 2.432389761014772, 41.969779956274863 ], [ 2.432381958311559, 41.969720562855251 ], [ 2.432367630296841, 41.969662489972798 ], [ 2.432290470045537, 41.969585009559985 ], [ 2.432206886549026, 41.969510831595422 ], [ 2.432105281238265, 41.969359558310025 ], [ 2.432001263175882, 41.969208088357419 ], [ 2.431787094597837, 41.968957632091708 ], [ 2.431542520709551, 41.968719637808611 ], [ 2.431425854151563, 41.968633766913527 ], [ 2.431289220660108, 41.968567519794782 ], [ 2.431184810937956, 41.968541696490675 ], [ 2.43108137042566, 41.968516143591295 ], [ 2.430977594326143, 41.968473928398048 ], [ 2.430873698467704, 41.96843135315104 ], [ 2.430725373150455, 41.968377111833078 ], [ 2.430573611962729, 41.968329258825051 ], [ 2.430458512726023, 41.968325087013412 ], [ 2.430342142523447, 41.968328111413648 ], [ 2.430246594685074, 41.968296838060297 ], [ 2.430153540475255, 41.968256745965107 ], [ 2.430088250810346, 41.968243002836445 ], [ 2.429960684687605, 41.968242637902549 ], [ 2.429833462710413, 41.968258492846225 ], [ 2.429717263858277, 41.968282503905115 ], [ 2.429601544425695, 41.968307689896534 ], [ 2.429462825102701, 41.968340508108803 ], [ 2.42932313665488, 41.968373311428365 ], [ 2.429149834097376, 41.968399653580441 ], [ 2.428975513633444, 41.968405091332187 ], [ 2.428875494233498, 41.96839091717672 ], [ 2.428802308209032, 41.968380546661479 ], [ 2.42862876305788, 41.968353112500495 ], [ 2.428466575215852, 41.968351946727793 ], [ 2.428304610250971, 41.968351500568019 ], [ 2.428130825640609, 41.968323885229324 ], [ 2.427957595612797, 41.968288257355901 ], [ 2.427842147901544, 41.968282190685009 ], [ 2.427540886233155, 41.968325993323496 ], [ 2.427239408675931, 41.968379704131486 ], [ 2.42705418849945, 41.968403097023689 ], [ 2.426868737311386, 41.968411450929047 ], [ 2.426730154221044, 41.968388242333958 ], [ 2.426591377563901, 41.968359714166752 ], [ 2.426418236975566, 41.968340570225195 ], [ 2.426244348556395, 41.968324483651941 ], [ 2.426011567240086, 41.96832106478174 ], [ 2.425781552125567, 41.96830541290754 ], [ 2.425573137601524, 41.968263299880761 ], [ 2.425365578659176, 41.968219481292323 ], [ 2.425122974309793, 41.968167826674282 ], [ 2.424880249635783, 41.96811644384286 ], [ 2.424649868285829, 41.968088091165711 ], [ 2.424417763956606, 41.96806387065449 ], [ 2.424019480496824, 41.967983962749159 ], [ 2.423632199568441, 41.967875559359818 ], [ 2.42326790030494, 41.967748091314434 ], [ 2.422917034610506, 41.967603659827674 ], [ 2.422697328673162, 41.96750267126864 ], [ 2.422478963109317, 41.967400338030394 ], [ 2.422391722269384, 41.967356791413152 ], [ 2.422273750341999, 41.967297885927877 ], [ 2.42206406080268, 41.967197039327154 ], [ 2.421929208422727, 41.967161862144089 ], [ 2.421786704672077, 41.967145382842645 ], [ 2.421635042971587, 41.967140564999191 ], [ 2.421485875465597, 41.967127118524679 ], [ 2.421323642059873, 41.967076939844432 ], [ 2.421162763096003, 41.967024882667715 ], [ 2.421036108834612, 41.96698992950548 ], [ 2.420908724048472, 41.966956500049861 ], [ 2.420723855262764, 41.966913599018653 ], [ 2.420538989971931, 41.966870872436736 ], [ 2.420283605026124, 41.966805456545274 ], [ 2.420030929849684, 41.966734197637599 ], [ 2.419774363905323, 41.966653284074283 ], [ 2.419523175674977, 41.966563927255031 ], [ 2.419349759733734, 41.966496401838782 ], [ 2.419177073200279, 41.966428066548076 ], [ 2.418992559363131, 41.966359944944955 ], [ 2.418807925185714, 41.966292094437186 ], [ 2.418755348999292, 41.966260570611439 ], [ 2.418713130600036, 41.966218743335581 ], [ 2.418624048629, 41.966140294486749 ], [ 2.41850512474739, 41.966106277443465 ], [ 2.418376433939272, 41.966083827600933 ], [ 2.418300787423134, 41.966054807627174 ], [ 2.418204583129582, 41.96599046103627 ], [ 2.418116766295811, 41.965919764841132 ], [ 2.418061511891862, 41.965851212404452 ], [ 2.418008429801656, 41.965782403454625 ], [ 2.417956214748799, 41.96575133412739 ], [ 2.41778363161666, 41.965698667968226 ], [ 2.417624890138419, 41.965653247380295 ], [ 2.417538908042318, 41.965600384250834 ], [ 2.417339854109499, 41.965513024522849 ], [ 2.417098729550433, 41.96542545175285 ], [ 2.416836353530649, 41.965361321175543 ], [ 2.416657839808199, 41.965329015203928 ], [ 2.41648969986429, 41.965312463012218 ], [ 2.416258377568047, 41.965303434145795 ], [ 2.416068982991532, 41.965310324811185 ], [ 2.41591085705522, 41.965348768807822 ], [ 2.415562410683985, 41.965496144194084 ], [ 2.415213454224757, 41.96569846111661 ], [ 2.414980408352781, 41.965877826041847 ], [ 2.41486054845781, 41.965987115501072 ], [ 2.414757956061717, 41.966049391573975 ], [ 2.414525842012097, 41.966126704830309 ], [ 2.414324706850088, 41.966266979168807 ], [ 2.414154912264918, 41.966430957419746 ], [ 2.413985114335616, 41.966594941701416 ], [ 2.413761787269934, 41.966860697960897 ], [ 2.413613238639677, 41.967001239544992 ], [ 2.413453596249246, 41.967204513343852 ], [ 2.413336390069992, 41.967368768925041 ], [ 2.413230126732917, 41.967485974536324 ], [ 2.413102757703224, 41.96761092056358 ], [ 2.412943616548273, 41.96775925641888 ], [ 2.412900825265216, 41.967917481990021 ], [ 2.412572677640021, 41.967739360090384 ] ], [ [ 2.470097928599957, 41.957001574778261 ], [ 2.470149409421663, 41.957021083097246 ], [ 2.4701765290036, 41.957054442951645 ], [ 2.47018638285774, 41.957072325280969 ], [ 2.470195189418595, 41.957088304165495 ], [ 2.470260901937841, 41.957124096460682 ], [ 2.470321861371104, 41.957164276466919 ], [ 2.470331589875213, 41.95721376989821 ], [ 2.470332613745855, 41.957264842573785 ], [ 2.470362046768191, 41.957295424583805 ], [ 2.470394269815561, 41.957323942512772 ], [ 2.470389907516479, 41.957340582971185 ], [ 2.470308892230735, 41.957374976861608 ], [ 2.470215860509652, 41.957390042723752 ], [ 2.470134720697341, 41.957396333232111 ], [ 2.47005373895127, 41.957397670731446 ], [ 2.469984006965666, 41.957396089701028 ], [ 2.469914998669638, 41.957380276891001 ], [ 2.469869057890054, 41.957347462341708 ], [ 2.469846121161139, 41.957304575537314 ], [ 2.469840852344741, 41.957270864373143 ], [ 2.469835092608469, 41.957237422043058 ], [ 2.469823786834114, 41.957203863134154 ], [ 2.469812481034127, 41.9571703087272 ], [ 2.469830172666065, 41.95713264967722 ], [ 2.469870953794687, 41.957103563533273 ], [ 2.469886799610752, 41.957070949606923 ], [ 2.469891085108193, 41.957062133827833 ], [ 2.46991798056896, 41.957020016614919 ], [ 2.469981512796496, 41.956998243528588 ], [ 2.470045484815782, 41.956995475660321 ], [ 2.470097928599957, 41.957001574778261 ] ] ] ] } }
]
}
